dataset,split,fold,detector,base_detector,detector_family,feature_profile,calibration_policy,environment_id,train_rows,test_rows,train_positive_rate,test_positive_rate,fit_seconds,eval_seconds,semantic_preservation_score,accuracy,precision,recall,f1,auc,alert_budget_inflation,causal_fragility_score,environment_leakage_score,score_environment_leakage_score
gotham,random,all,lr_full,lr_full,sklearn_linear,full,native_default,observed,3582968,1929291,0.8185861553884936,0.818586206020761,357.7481567449868,0.0004554577171802521,1.0,0.9998605705411988,0.9999037564125456,0.9999259161231211,0.9999148361450597,0.999959471359526,1.0000221618435108,0.26898984928973196,0.08383968178848128,0.29048424577021037
gotham,random,all,lr_full,lr_full,sklearn_linear,full,native_default,low_sampling,3582968,1929291,0.8185861553884936,0.818586206020761,357.7481567449868,0.0003996826708316803,1.0,0.9998994449256229,0.9999005958550371,0.9999765717654314,0.9999385823670609,0.9999599732483934,1.0000759834634656,0.26898984928973196,0.08383968178848128,0.29048424577021037
gotham,random,all,lr_full,lr_full,sklearn_linear,full,native_default,congested_link,3582968,1929291,0.8185861553884936,0.818586206020761,357.7481567449868,0.00039895251393318176,1.0,0.9998610888663245,0.9999037564734852,0.99992654931865,0.9999151527661782,0.9999594291145294,1.0000227950390397,0.26898984928973196,0.08383968178848128,0.29048424577021037
gotham,random,all,lr_full,lr_full,sklearn_linear,full,native_default,high_background,3582968,1929291,0.8185861553884936,0.818586206020761,357.7481567449868,0.00039453431963920593,1.0,0.9994111826572559,0.9999151051397502,0.9993655380800625,0.9996402460767505,0.9999552940528376,0.9994503862809324,0.26898984928973196,0.08383968178848128,0.29048424577021037
gotham,random,all,lr_full,lr_full,sklearn_linear,full,native_default,delayed_collector,3582968,1929291,0.8185861553884936,0.818586206020761,357.7481567449868,0.0004182495176792145,1.0,0.7875862169055886,0.8419322978827666,0.9116723896989218,0.8754155773089317,0.7973402508983009,1.0828333726969888,0.26898984928973196,0.08383968178848128,0.29048424577021037
gotham,random,all,lr_full__val_observed_f1,lr_full,sklearn_linear,full,val_observed_f1,observed,3582968,1929291,0.8185861553884936,0.818586206020761,357.7481567449868,0.004140600562095642,1.0,0.9998087380286333,0.9997695692083689,0.9999968340223556,0.99988318870153,0.999959471359526,1.000227317194868,0.26898984928973196,0.07122134500082838,0.29048424577021037
gotham,random,all,lr_full__val_observed_f1,lr_full,sklearn_linear,full,val_observed_f1,low_sampling,3582968,1929291,0.8185861553884936,0.818586206020761,357.7481567449868,0.00409916415810585,1.0,0.9997983715261202,0.9997569112536162,0.9999968340223556,0.9998768582454801,0.9999599732483934,1.0002399811054454,0.26898984928973196,0.07122134500082838,0.29048424577021037
gotham,random,all,lr_full__val_observed_f1,lr_full,sklearn_linear,full,val_observed_f1,congested_link,3582968,1929291,0.8185861553884936,0.818586206020761,357.7481567449868,0.004308369010686874,1.0,0.999809256353759,0.9997702021145204,0.9999968340223556,0.9998835052264368,0.9999594291145294,1.000226683999339,0.26898984928973196,0.07122134500082838,0.29048424577021037
gotham,random,all,lr_full__val_observed_f1,lr_full,sklearn_linear,full,val_observed_f1,high_background,3582968,1929291,0.8185861553884936,0.818586206020761,357.7481567449868,0.0040581114590168,1.0,0.9997019630527484,0.9997967528578068,0.9998391683356646,0.9998179601468856,0.9999552940528376,1.0000424241004349,0.26898984928973196,0.07122134500082838,0.29048424577021037
gotham,random,all,lr_full__val_observed_f1,lr_full,sklearn_linear,full,val_observed_f1,delayed_collector,3582968,1929291,0.8185861553884936,0.818586206020761,357.7481567449868,0.006971634924411774,1.0,0.8248548300904321,0.8447152191358968,0.9630840674707828,0.9000244386940861,0.7973402508983009,1.1401287033232002,0.26898984928973196,0.07122134500082838,0.29048424577021037
gotham,random,all,lr_full__val_robust_minimax,lr_full,sklearn_linear,full,val_robust_minimax,observed,3582968,1929291,0.8185861553884936,0.818586206020761,357.7481567449868,0.007122155278921127,1.0,0.9997263243336542,0.999668947322113,0.9999968340223556,0.99983286379032,0.999959471359526,1.0003279952839597,0.26898984928973196,0.06216955027716345,0.29048424577021037
gotham,random,all,lr_full__val_robust_minimax,lr_full,sklearn_linear,full,val_robust_minimax,low_sampling,3582968,1929291,0.8185861553884936,0.818586206020761,357.7481567449868,0.0069783031940460205,1.0,0.9991411352667897,0.9989550507357025,0.9999968340223556,0.9994756709086589,0.9999599732483934,1.001042873036065,0.26898984928973196,0.06216955027716345,0.29048424577021037
gotham,random,all,lr_full__val_robust_minimax,lr_full,sklearn_linear,full,val_robust_minimax,congested_link,3582968,1929291,0.8185861553884936,0.818586206020761,357.7481567449868,0.00842370092868805,1.0,0.9997273609839055,0.9996702128804341,0.9999968340223556,0.9998334967766116,0.9999594291145294,1.0003267288929019,0.26898984928973196,0.06216955027716345,0.29048424577021037
gotham,random,all,lr_full__val_robust_minimax,lr_full,sklearn_linear,full,val_robust_minimax,high_background,3582968,1929291,0.8185861553884936,0.818586206020761,357.7481567449868,0.004147730767726898,1.0,0.9997071463040049,0.9997220822433978,0.9999202173633611,0.9998211399872424,0.9999552940528376,1.0001981902005395,0.26898984928973196,0.06216955027716345,0.29048424577021037
gotham,random,all,lr_full__val_robust_minimax,lr_full,sklearn_linear,full,val_robust_minimax,delayed_collector,3582968,1929291,0.8185861553884936,0.818586206020761,357.7481567449868,0.003956235945224762,1.0,0.8488377336544876,0.8476711402618708,0.9939536158947274,0.9150026813402038,0.7973402508983009,1.1725698430498244,0.26898984928973196,0.06216955027716345,0.29048424577021037
gotham,random,all,lr_full__oracle_env_upper_bound,lr_full,sklearn_linear,full,oracle_env_upper_bound,observed,3582968,1929291,0.8185861553884936,0.818586206020761,357.7481567449868,0.007203254848718643,1.0,0.9998838951718533,0.9998676783888419,0.9999905020670669,0.999929086456273,0.999959471359526,1.0001228399326028,0.26898984928973196,0.06184415587703012,0.29048424577021037
gotham,random,all,lr_full__oracle_env_upper_bound,lr_full,sklearn_linear,full,oracle_env_upper_bound,low_sampling,3582968,1929291,0.8185861553884936,0.818586206020761,357.7481567449868,0.007636424154043198,1.0,0.9998994449256229,0.9999005958550371,0.9999765717654314,0.9999385823670609,0.9999599732483934,1.0000759834634656,0.26898984928973196,0.06184415587703012,0.29048424577021037
gotham,random,all,lr_full__oracle_env_upper_bound,lr_full,sklearn_linear,full,oracle_env_upper_bound,congested_link,3582968,1929291,0.8185861553884936,0.818586206020761,357.7481567449868,0.00711466372013092,1.0,0.9998838951718533,0.999866412491635,0.9999917684581245,0.9999290865460716,0.9999594291145294,1.0001253727147181,0.26898984928973196,0.06184415587703012,0.29048424577021037
gotham,random,all,lr_full__oracle_env_upper_bound,lr_full,sklearn_linear,full,oracle_env_upper_bound,high_background,3582968,1929291,0.8185861553884936,0.818586206020761,357.7481567449868,0.007995638996362686,1.0,0.9997071463040049,0.9997220822433978,0.9999202173633611,0.9998211399872424,0.9999552940528376,1.0001981902005395,0.26898984928973196,0.06184415587703012,0.29048424577021037
gotham,random,all,lr_full__oracle_env_upper_bound,lr_full,sklearn_linear,full,oracle_env_upper_bound,delayed_collector,3582968,1929291,0.8185861553884936,0.818586206020761,357.7481567449868,0.007477615028619766,1.0,0.853133612295916,0.848195242949408,0.9994630501915099,0.9176369979483954,0.7973402508983009,1.1783407871000342,0.26898984928973196,0.06184415587703012,0.29048424577021037
gotham,random,all,rf_full,rf_full,sklearn_tree,full,native_default,observed,3582968,1929291,0.8185861553884936,0.818586206020761,991.4836960919201,0.0006468929350376129,1.0,0.9999948167487435,0.9999936680848046,1.0,0.9999968340323789,1.0,1.0000063319552888,0.7616574839432031,0.005490013554719373,0.6662465524250804
gotham,random,all,rf_full,rf_full,sklearn_tree,full,native_default,low_sampling,3582968,1929291,0.8185861553884936,0.818586206020761,991.4836960919201,0.000385187566280365,1.0,0.9999927434482409,0.9999911353411786,1.0,0.9999955676509437,0.9999999256248532,1.0000088647374044,0.7616574839432031,0.005490013554719373,0.6662465524250804
gotham,random,all,rf_full,rf_full,sklearn_tree,full,native_default,congested_link,3582968,1929291,0.8185861553884936,0.818586206020761,991.4836960919201,0.0004416517913341522,1.0,0.999984968571356,0.999991768442488,0.999989868871538,0.9999908186561108,0.999999639724408,0.9999981004134134,0.7616574839432031,0.005490013554719373,0.6662465524250804
gotham,random,all,rf_full,rf_full,sklearn_tree,full,native_default,high_background,3582968,1929291,0.8185861553884936,0.818586206020761,991.4836960919201,0.00041381269693374634,1.0,0.9832974911508943,0.9999903044217654,0.9796054052103127,0.9896928980024232,0.9999964646576941,0.979614903143246,0.7616574839432031,0.005490013554719373,0.6662465524250804
gotham,random,all,rf_full,rf_full,sklearn_tree,full,native_default,delayed_collector,3582968,1929291,0.8185861553884936,0.818586206020761,991.4836960919201,0.00041512399911880493,1.0,0.9999942984236178,0.9999930348976953,1.0,0.9999965174367195,0.9999996996192776,1.0000069651508177,0.7616574839432031,0.005490013554719373,0.6662465524250804
gotham,random,all,rf_full__val_observed_f1,rf_full,sklearn_tree,full,val_observed_f1,observed,3582968,1929291,0.8185861553884936,0.818586206020761,991.4836960919201,0.004194196313619614,1.0,0.9999989633497487,0.999998733610546,1.0,0.999999366804872,1.0,1.0000012663910578,0.7616574839432031,0.0437940707314841,0.6662465524250804
gotham,random,all,rf_full__val_observed_f1,rf_full,sklearn_tree,full,val_observed_f1,low_sampling,3582968,1929291,0.8185861553884936,0.818586206020761,991.4836960919201,0.004417691379785538,1.0,0.999897889950246,0.9999981001836489,0.9998771600673974,0.9999376264686671,0.9999999256248532,0.9998790596539839,0.7616574839432031,0.0437940707314841,0.6662465524250804
gotham,random,all,rf_full__val_observed_f1,rf_full,sklearn_tree,full,val_observed_f1,congested_link,3582968,1929291,0.8185861553884936,0.818586206020761,991.4836960919201,0.004304781556129456,1.0,0.9826843125272444,0.9999987062452131,0.9788481033577726,0.9893103723018746,0.999999639724408,0.9788493697488303,0.7616574839432031,0.0437940707314841,0.6662465524250804
gotham,random,all,rf_full__val_observed_f1,rf_full,sklearn_tree,full,val_observed_f1,high_background,3582968,1929291,0.8185861553884936,0.818586206020761,991.4836960919201,0.0042503587901592255,1.0,0.859687833509823,0.9999984716397472,0.8285933371367278,0.9062624767000602,0.9999964646576941,0.8285946035277856,0.7616574839432031,0.0437940707314841,0.6662465524250804
gotham,random,all,rf_full__val_observed_f1,rf_full,sklearn_tree,full,val_observed_f1,delayed_collector,3582968,1929291,0.8185861553884936,0.818586206020761,991.4836960919201,0.003987394273281097,1.0,0.9840350678047013,0.9999993542104189,0.9804975777105043,0.9901524498342756,0.9999996996192776,0.9804982109060332,0.7616574839432031,0.0437940707314841,0.6662465524250804
gotham,random,all,rf_full__val_robust_minimax,rf_full,sklearn_tree,full,val_robust_minimax,observed,3582968,1929291,0.8185861553884936,0.818586206020761,991.4836960919201,0.004626687616109848,1.0,0.9999917067979895,0.9999898689741766,1.0,0.9999949344614287,1.0,1.0000101311284622,0.7616574839432031,8.306146862927574e-08,0.6662465524250804
gotham,random,all,rf_full__val_robust_minimax,rf_full,sklearn_tree,full,val_robust_minimax,low_sampling,3582968,1929291,0.8185861553884936,0.818586206020761,991.4836960919201,0.00418839231133461,1.0,0.9999880785221099,0.9999854367149281,1.0,0.9999927183044414,0.9999999256248532,1.0000145634971642,0.7616574839432031,8.306146862927574e-08,0.6662465524250804
gotham,random,all,rf_full__val_robust_minimax,rf_full,sklearn_tree,full,val_robust_minimax,congested_link,3582968,1929291,0.8185861553884936,0.818586206020761,991.4836960919201,0.004534952342510223,1.0,0.9999906701477382,0.9999886026103821,1.0,0.9999943012727157,0.999999639724408,1.0000113975195197,0.7616574839432031,8.306146862927574e-08,0.6662465524250804
gotham,random,all,rf_full__val_robust_minimax,rf_full,sklearn_tree,full,val_robust_minimax,high_background,3582968,1929291,0.8185861553884936,0.818586206020761,991.4836960919201,0.006996218115091324,1.0,0.9999911884728638,0.9999892357918785,1.0,0.9999946178669721,0.9999964646576941,1.000010764323991,0.7616574839432031,8.306146862927574e-08,0.6662465524250804
gotham,random,all,rf_full__val_robust_minimax,rf_full,sklearn_tree,full,val_robust_minimax,delayed_collector,3582968,1929291,0.8185861553884936,0.818586206020761,991.4836960919201,0.007236119359731674,1.0,0.9999896334974869,0.999987336249795,1.0,0.9999936680848046,0.9999996996192776,1.0000126639105775,0.7616574839432031,8.306146862927574e-08,0.6662465524250804
gotham,random,all,rf_full__oracle_env_upper_bound,rf_full,sklearn_tree,full,oracle_env_upper_bound,observed,3582968,1929291,0.8185861553884936,0.818586206020761,991.4836960919201,0.008009202778339386,1.0,1.0,1.0,1.0,1.0,1.0,1.0,0.7616574839432031,1.8093030429410341e-06,0.6662465524250804
gotham,random,all,rf_full__oracle_env_upper_bound,rf_full,sklearn_tree,full,oracle_env_upper_bound,low_sampling,3582968,1929291,0.8185861553884936,0.818586206020761,991.4836960919201,0.007265049964189529,1.0,0.9999979266994974,0.9999974672242995,1.0,0.999998733610546,0.9999999256248532,1.0000025327821156,0.7616574839432031,1.8093030429410341e-06,0.6662465524250804
gotham,random,all,rf_full__oracle_env_upper_bound,rf_full,sklearn_tree,full,oracle_env_upper_bound,congested_link,3582968,1929291,0.8185861553884936,0.818586206020761,991.4836960919201,0.007562499493360519,1.0,0.9999917067979895,0.9999898689741766,1.0,0.9999949344614287,0.999999639724408,1.0000101311284622,0.7616574839432031,1.8093030429410341e-06,0.6662465524250804
gotham,random,all,rf_full__oracle_env_upper_bound,rf_full,sklearn_tree,full,oracle_env_upper_bound,high_background,3582968,1929291,0.8185861553884936,0.818586206020761,991.4836960919201,0.007335830479860306,1.0,0.9999917067979895,0.9999898689741766,1.0,0.9999949344614287,0.9999964646576941,1.0000101311284622,0.7616574839432031,1.8093030429410341e-06,0.6662465524250804
gotham,random,all,rf_full__oracle_env_upper_bound,rf_full,sklearn_tree,full,oracle_env_upper_bound,delayed_collector,3582968,1929291,0.8185861553884936,0.818586206020761,991.4836960919201,0.004510074853897095,1.0,0.999998445024623,0.9999981004170218,1.0,0.9999990502076088,0.9999996996192776,1.0000018995865867,0.7616574839432031,1.8093030429410341e-06,0.6662465524250804
gotham,random,all,xgb_full,xgb_full,xgboost,full,native_default,observed,3582968,1929291,0.8185861553884936,0.818586206020761,916.1776663176715,0.0083315409719944,1.0,0.9999554240391937,0.9999461812425802,0.9999993668044711,0.9999727733163304,0.9999995707458962,1.000053188424426,0.3485693293039158,0.14708584625428925,0.49345843812389467
gotham,random,all,xgb_full,xgb_full,xgboost,full,native_default,low_sampling,3582968,1929291,0.8185861553884936,0.818586206020761,916.1776663176715,0.004801187664270401,1.0,0.9999310627582879,0.9999157920862289,1.0,0.9999578942702966,0.9999930965676551,1.000084215005341,0.3485693293039158,0.14708584625428925,0.49345843812389467
gotham,random,all,xgb_full,xgb_full,xgboost,full,native_default,congested_link,3582968,1929291,0.8185861553884936,0.818586206020761,916.1776663176715,0.005204722285270691,1.0,0.9999450575366806,0.9999347849899106,0.9999981004134134,0.9999664416994176,0.9999977079714886,1.000063319552888,0.3485693293039158,0.14708584625428925,0.49345843812389467
gotham,random,all,xgb_full,xgb_full,xgboost,full,native_default,high_background,3582968,1929291,0.8185861553884936,0.818586206020761,916.1776663176715,0.005969595164060593,1.0,0.6754066649354608,0.9999181714036331,0.603520187223254,0.7527209247136134,0.9990694931134106,0.6035695764745066,0.3485693293039158,0.14708584625428925,0.49345843812389467
gotham,random,all,xgb_full,xgb_full,xgboost,full,native_default,delayed_collector,3582968,1929291,0.8185861553884936,0.818586206020761,916.1776663176715,0.003618437796831131,1.0,0.9999300261080366,0.99991515894402,0.9999993668044711,0.9999572611014289,0.9999807281278208,1.000084215005341,0.3485693293039158,0.14708584625428925,0.49345843812389467
gotham,random,all,xgb_full__val_observed_f1,xgb_full,xgboost,full,val_observed_f1,observed,3582968,1929291,0.8185861553884936,0.818586206020761,916.1776663176715,0.01054389402270317,1.0,0.9999704554678377,0.9999886023289242,0.9999753053743737,0.9999819538074458,0.9999995707458962,0.9999867028938936,0.3485693293039158,0.15743924319391825,0.49345843812389467
gotham,random,all,xgb_full__val_observed_f1,xgb_full,xgboost,full,val_observed_f1,low_sampling,3582968,1929291,0.8185861553884936,0.818586206020761,916.1776663176715,0.009813293814659119,1.0,0.9930746579961239,0.9999878669295924,0.9915519052536866,0.9957520191500923,0.9999930965676551,0.9915639359687354,0.3485693293039158,0.15743924319391825,0.49345843812389467
gotham,random,all,xgb_full__val_observed_f1,xgb_full,xgboost,full,val_observed_f1,congested_link,3582968,1929291,0.8185861553884936,0.818586206020761,916.1776663176715,0.010986275970935822,1.0,0.9998165129055181,0.9999879668772463,0.9997878794978253,0.9998879131776741,0.9999977079714886,0.999799910212874,0.3485693293039158,0.15743924319391825,0.49345843812389467
gotham,random,all,xgb_full__val_observed_f1,xgb_full,xgboost,full,val_observed_f1,high_background,3582968,1929291,0.8185861553884936,0.818586206020761,916.1776663176715,0.009965747594833374,1.0,0.6754196230636021,0.9999842620639149,0.6034961257931566,0.7527209345119772,0.9990694931134106,0.6035056237260897,0.3485693293039158,0.15743924319391825,0.49345843812389467
gotham,random,all,xgb_full__val_observed_f1,xgb_full,xgboost,full,val_observed_f1,delayed_collector,3582968,1929291,0.8185861553884936,0.818586206020761,916.1776663176715,0.009996380656957626,1.0,0.9157208528936278,0.9999880005025672,0.8970538045236754,0.9457282785778586,0.9999807281278208,0.8970645688476665,0.3485693293039158,0.15743924319391825,0.49345843812389467
gotham,random,all,xgb_full__val_robust_minimax,xgb_full,xgboost,full,val_robust_minimax,observed,3582968,1929291,0.8185861553884936,0.818586206020761,916.1776663176715,0.010336242616176605,1.0,0.9992810830507166,0.9991225284340011,1.0,0.9995610716434243,0.9999995707458962,1.0008782421985563,0.3485693293039158,0.02856336462835257,0.49345843812389467
gotham,random,all,xgb_full__val_robust_minimax,xgb_full,xgboost,full,val_robust_minimax,low_sampling,3582968,1929291,0.8185861553884936,0.818586206020761,916.1776663176715,0.012031923979520798,1.0,0.9983848989084592,0.9980308479424067,1.0,0.9990144536258682,0.9999930965676551,1.0019730372679891,0.3485693293039158,0.02856336462835257,0.49345843812389467
gotham,random,all,xgb_full__val_robust_minimax,xgb_full,xgboost,full,val_robust_minimax,congested_link,3582968,1929291,0.8185861553884936,0.818586206020761,916.1776663176715,0.011719122529029846,1.0,0.9992862663019731,0.9991288493219322,1.0,0.9995642348524142,0.9999977079714886,1.0008719102432675,0.3485693293039158,0.02856336462835257,0.49345843812389467
gotham,random,all,xgb_full__val_robust_minimax,xgb_full,xgboost,full,val_robust_minimax,high_background,3582968,1929291,0.8185861553884936,0.818586206020761,916.1776663176715,0.011894278228282928,1.0,0.9172913780243623,0.9993823330364592,0.8995175683265465,0.9468239641238629,0.9990694931134106,0.900073514000903,0.3485693293039158,0.02856336462835257,0.49345843812389467
gotham,random,all,xgb_full__val_robust_minimax,xgb_full,xgboost,full,val_robust_minimax,delayed_collector,3582968,1929291,0.8185861553884936,0.818586206020761,916.1776663176715,0.01114264503121376,1.0,0.9982973019622234,0.9979242703036063,1.0,0.9989610568692484,0.9999807281278208,1.0020800473123699,0.3485693293039158,0.02856336462835257,0.49345843812389467
gotham,random,all,xgb_full__oracle_env_upper_bound,xgb_full,xgboost,full,oracle_env_upper_bound,observed,3582968,1929291,0.8185861553884936,0.818586206020761,916.1776663176715,0.015173785388469696,1.0,0.999984968571356,0.9999822708282943,0.9999993668044711,0.9999908187433139,0.9999995707458962,1.0000170962792798,0.3485693293039158,0.028533287039382547,0.49345843812389467
gotham,random,all,xgb_full__oracle_env_upper_bound,xgb_full,xgboost,full,oracle_env_upper_bound,low_sampling,3582968,1929291,0.8185861553884936,0.818586206020761,916.1776663176715,0.012695398181676865,1.0,0.9999730470934659,0.9999670749165951,1.0,0.9999835371872778,0.9999930965676551,1.0000329261675018,0.3485693293039158,0.028533287039382547,0.49345843812389467
gotham,random,all,xgb_full__oracle_env_upper_bound,xgb_full,xgboost,full,oracle_env_upper_bound,congested_link,3582968,1929291,0.8185861553884936,0.818586206020761,916.1776663176715,0.011545732617378235,1.0,0.9999797853200995,0.999977205437263,0.9999981004134134,0.9999876528161868,0.9999977079714886,1.000020895452453,0.3485693293039158,0.028533287039382547,0.49345843812389467
gotham,random,all,xgb_full__oracle_env_upper_bound,xgb_full,xgboost,full,oracle_env_upper_bound,high_background,3582968,1929291,0.8185861553884936,0.818586206020761,916.1776663176715,0.01192115992307663,1.0,0.9172913780243623,0.9993823330364592,0.8995175683265465,0.9468239641238629,0.9990694931134106,0.900073514000903,0.3485693293039158,0.028533287039382547,0.49345843812389467
gotham,random,all,xgb_full__oracle_env_upper_bound,xgb_full,xgboost,full,oracle_env_upper_bound,delayed_collector,3582968,1929291,0.8185861553884936,0.818586206020761,916.1776663176715,0.012515969574451447,1.0,0.9999507591130627,0.9999411162087449,0.9999987336089422,0.9999699240788774,0.9999807281278208,1.000057620793128,0.3485693293039158,0.028533287039382547,0.49345843812389467
gotham,random,all,lgbm_full,lgbm_full,lightgbm,full,native_default,observed,3582968,1929291,0.8185861553884936,0.818586206020761,348.6534653417766,0.0007517673075199127,1.0,0.999998445024623,0.9999981004170218,1.0,0.9999990502076088,0.9999999999710539,1.0000018995865867,0.45219525941022864,0.2076711803062689,0.7487248685214672
gotham,random,all,lgbm_full,lgbm_full,lightgbm,full,native_default,low_sampling,3582968,1929291,0.8185861553884936,0.818586206020761,348.6534653417766,0.0004457235336303711,1.0,0.9993764548738371,0.999998098972558,0.9992401653653443,0.9996189884983935,0.9999997976759373,0.9992420649519309,0.45219525941022864,0.2076711803062689,0.7487248685214672
gotham,random,all,lgbm_full,lgbm_full,lightgbm,full,native_default,congested_link,3582968,1929291,0.8185861553884936,0.818586206020761,348.6534653417766,0.0006436407566070557,1.0,0.9450585733308247,0.999997963753454,0.9328844399163929,0.9652760442771549,0.9999487774287865,0.9328863395029795,0.45219525941022864,0.2076711803062689,0.7487248685214672
gotham,random,all,lgbm_full,lgbm_full,lightgbm,full,native_default,high_background,3582968,1929291,0.8185861553884936,0.818586206020761,348.6534653417766,0.00048802047967910767,1.0,0.6754434660193822,0.9999926558609902,0.603520187223254,0.7527420282163548,0.9997086785145992,0.6035246195919561,0.45219525941022864,0.2076711803062689,0.7487248685214672
gotham,random,all,lgbm_full,lgbm_full,lightgbm,full,native_default,delayed_collector,3582968,1929291,0.8185861553884936,0.818586206020761,348.6534653417766,0.0004362165927886963,1.0,0.6003640715682601,0.9999975256129985,0.5117986488873805,0.6770719375164393,0.999910974803612,0.5117999152784383,0.45219525941022864,0.2076711803062689,0.7487248685214672
gotham,random,all,lgbm_full__val_observed_f1,lgbm_full,lightgbm,full,val_observed_f1,observed,3582968,1929291,0.8185861553884936,0.818586206020761,348.6534653417766,0.017227742820978165,1.0,0.9999979266994974,0.9999974672242995,1.0,0.999998733610546,0.9999999999710539,1.0000025327821156,0.45219525941022864,0.2075004324593845,0.7487248685214672
gotham,random,all,lgbm_full__val_observed_f1,lgbm_full,lightgbm,full,val_observed_f1,low_sampling,3582968,1929291,0.8185861553884936,0.818586206020761,348.6534653417766,0.018982384353876114,1.0,0.9993691983220779,0.999989227606729,0.9992401653653443,0.9996145561584076,0.9999997976759373,0.9992509296893353,0.45219525941022864,0.2075004324593845,0.7487248685214672
gotham,random,all,lgbm_full__val_observed_f1,lgbm_full,lightgbm,full,val_observed_f1,congested_link,3582968,1929291,0.8185861553884936,0.818586206020761,348.6534653417766,0.018421854823827744,1.0,0.945054945054945,0.9999932125437622,0.9328844399163929,0.9652738307742555,0.9999487774287865,0.9328907718716817,0.45219525941022864,0.2075004324593845,0.7487248685214672
gotham,random,all,lgbm_full__val_observed_f1,lgbm_full,lightgbm,full,val_observed_f1,high_background,3582968,1929291,0.8185861553884936,0.818586206020761,348.6534653417766,0.004583124071359634,1.0,0.6754429476942566,0.9999916067070804,0.603520187223254,0.752741730975706,0.9997086785145992,0.603525252787485,0.45219525941022864,0.2075004324593845,0.7487248685214672
gotham,random,all,lgbm_full__val_observed_f1,lgbm_full,lightgbm,full,val_observed_f1,delayed_collector,3582968,1929291,0.8185861553884936,0.818586206020761,348.6534653417766,0.004560928791761398,1.0,0.6009254176793444,0.9999962933950771,0.5124850328406861,0.6776720140229426,0.999910974803612,0.5124869324272727,0.45219525941022864,0.2075004324593845,0.7487248685214672
gotham,random,all,lgbm_full__val_robust_minimax,lgbm_full,lightgbm,full,val_robust_minimax,observed,3582968,1929291,0.8185861553884936,0.818586206020761,348.6534653417766,0.011921510100364685,1.0,0.9999953350738691,0.9999987336049329,0.9999955676312978,0.9999971506156095,0.9999999999710539,0.9999968340223556,0.45219525941022864,0.22861579907869953,0.7487248685214672
gotham,random,all,lgbm_full__val_robust_minimax,lgbm_full,lightgbm,full,val_robust_minimax,low_sampling,3582968,1929291,0.8185861553884936,0.818586206020761,348.6534653417766,0.007701274007558823,1.0,0.9993717899477061,0.999998732639538,0.9992338334100556,0.999616136700942,0.9999997976759373,0.9992350998011132,0.45219525941022864,0.22861579907869953,0.7487248685214672
gotham,random,all,lgbm_full__val_robust_minimax,lgbm_full,lightgbm,full,val_robust_minimax,congested_link,3582968,1929291,0.8185861553884936,0.818586206020761,348.6534653417766,0.007753316313028336,1.0,0.9450539084046937,0.9999986424921672,0.932878107961104,0.9652729708223767,0.9999487774287865,0.9328793743521618,0.45219525941022864,0.22861579907869953,0.7487248685214672
gotham,random,all,lgbm_full__val_robust_minimax,lgbm_full,lightgbm,full,val_robust_minimax,high_background,3582968,1929291,0.8185861553884936,0.818586206020761,348.6534653417766,0.007241722196340561,1.0,0.6754398377435027,0.9999937049642652,0.603515121659023,0.75273838533294,0.9997086785145992,0.6035189208321963,0.45219525941022864,0.22861579907869953,0.7487248685214672
gotham,random,all,lgbm_full__val_robust_minimax,lgbm_full,lightgbm,full,val_robust_minimax,delayed_collector,3582968,1929291,0.8185861553884936,0.818586206020761,348.6534653417766,0.007336799055337906,1.0,0.5523609450311021,0.9999986027020947,0.4531565113712419,0.6236854879261406,0.999910974803612,0.4531571445667708,0.45219525941022864,0.22861579907869953,0.7487248685214672
gotham,random,all,lgbm_full__oracle_env_upper_bound,lgbm_full,lightgbm,full,oracle_env_upper_bound,observed,3582968,1929291,0.8185861553884936,0.818586206020761,348.6534653417766,0.018073927611112595,1.0,0.9999989633497487,0.999998733610546,1.0,0.999999366804872,0.9999999999710539,1.0000012663910578,0.45219525941022864,0.20817330605048523,0.7487248685214672
gotham,random,all,lgbm_full__oracle_env_upper_bound,lgbm_full,lightgbm,full,oracle_env_upper_bound,low_sampling,3582968,1929291,0.8185861553884936,0.818586206020761,348.6534653417766,0.007311958819627762,1.0,0.9996459839391777,0.999934761156159,0.9996327465932497,0.9997837310665731,0.9999997976759373,0.9996979657327244,0.45219525941022864,0.20817330605048523,0.7487248685214672
gotham,random,all,lgbm_full__oracle_env_upper_bound,lgbm_full,lightgbm,full,oracle_env_upper_bound,congested_link,3582968,1929291,0.8185861553884936,0.818586206020761,348.6534653417766,0.007481671869754791,1.0,0.9453260290956627,0.9999647197629711,0.9332421953902099,0.9654520300641556,0.9999487774287865,0.9332751215577116,0.45219525941022864,0.20817330605048523,0.7487248685214672
gotham,random,all,lgbm_full__oracle_env_upper_bound,lgbm_full,lightgbm,full,oracle_env_upper_bound,high_background,3582968,1929291,0.8185861553884936,0.818586206020761,348.6534653417766,0.017727382481098175,1.0,0.6754439843445079,0.9999937050171014,0.603520187223254,0.7527423254572385,0.9997086785145992,0.6035239863964272,0.45219525941022864,0.20817330605048523,0.7487248685214672
gotham,random,all,lgbm_full__oracle_env_upper_bound,lgbm_full,lightgbm,full,oracle_env_upper_bound,delayed_collector,3582968,1929291,0.8185861553884936,0.818586206020761,348.6534653417766,0.005129542201757431,1.0,0.6009254176793444,0.9999962933950771,0.5124850328406861,0.6776720140229426,0.999910974803612,0.5124869324272727,0.45219525941022864,0.20817330605048523,0.7487248685214672
gotham,random,all,cat_full,cat_full,catboost,full,native_default,observed,3582968,1929291,0.8185861553884936,0.818586206020761,400.6735747791827,0.03886722773313522,1.0,0.9998947799994921,0.9998714778277094,1.0,0.9999357347841021,0.9999977707555389,1.0001285386923626,0.5292687804907965,0.09057777178998652,0.48525258285819795
gotham,random,all,cat_full,cat_full,catboost,full,native_default,low_sampling,3582968,1929291,0.8185861553884936,0.818586206020761,400.6735747791827,0.0004778243601322174,1.0,0.9998916700487381,0.9998873016857895,0.9999803709386047,0.9999338341465823,0.9999553862153514,1.0000930797427454,0.5292687804907965,0.09057777178998652,0.48525258285819795
gotham,random,all,cat_full,cat_full,catboost,full,native_default,congested_link,3582968,1929291,0.8185861553884936,0.818586206020761,400.6735747791827,0.0005197487771511078,1.0,0.996112043232462,0.9998683376966347,0.9953814718123513,0.9976198597808342,0.9999760310652964,0.9955125432868294,0.5292687804907965,0.09057777178998652,0.48525258285819795
gotham,random,all,cat_full,cat_full,catboost,full,native_default,high_background,3582968,1929291,0.8185861553884936,0.818586206020761,400.6735747791827,0.0005080662667751312,1.0,0.7638059784656643,0.9998398525219669,0.7115750042265802,0.8314302572269356,0.9995214786164894,0.7116889794217786,0.5292687804907965,0.09057777178998652,0.48525258285819795
gotham,random,all,cat_full,cat_full,catboost,full,native_default,delayed_collector,3582968,1929291,0.8185861553884936,0.818586206020761,400.6735747791827,0.001867055892944336,1.0,0.9643070951971475,0.9998735778333624,0.9565178298363,0.9777152987182948,0.9997095313005284,0.956638770182316,0.5292687804907965,0.09057777178998652,0.48525258285819795
gotham,random,all,cat_full__val_observed_f1,cat_full,catboost,full,val_observed_f1,observed,3582968,1929291,0.8185861553884936,0.818586206020761,400.6735747791827,0.025016847997903824,1.0,0.9999538690638167,0.9999632752871809,0.9999803709386047,0.9999718230398255,0.9999977707555389,1.0000170962792798,0.5292687804907965,0.1386668301480223,0.48525258285819795
gotham,random,all,cat_full__val_observed_f1,cat_full,catboost,full,val_observed_f1,low_sampling,3582968,1929291,0.8185861553884936,0.818586206020761,400.6735747791827,0.01815640926361084,1.0,0.9025331067215884,0.9999583143172353,0.8809693716990725,0.9367001766613166,0.9999553862153514,0.8810060970397476,0.5292687804907965,0.1386668301480223,0.48525258285819795
gotham,random,all,cat_full__val_observed_f1,cat_full,catboost,full,val_observed_f1,congested_link,3582968,1929291,0.8185861553884936,0.818586206020761,400.6735747791827,0.017943959683179855,1.0,0.9632523035664396,0.9999615514646903,0.9551450619296887,0.9770396473088777,0.9999760310652964,0.9551817872703637,0.5292687804907965,0.1386668301480223,0.48525258285819795
gotham,random,all,cat_full__val_observed_f1,cat_full,catboost,full,val_observed_f1,high_background,3582968,1929291,0.8185861553884936,0.818586206020761,400.6735747791827,0.020252063870429993,1.0,0.6760778959731839,0.999941328265213,0.6043262451315179,0.7533541140931598,0.9995214786164894,0.6043617040811351,0.5292687804907965,0.1386668301480223,0.48525258285819795
gotham,random,all,cat_full__val_observed_f1,cat_full,catboost,full,val_observed_f1,delayed_collector,3582968,1929291,0.8185861553884936,0.818586206020761,400.6735747791827,0.007676839828491211,1.0,0.6921796660016555,0.9999614405799336,0.6239850667166469,0.7684501963713889,0.9997095313005284,0.6240091281467444,0.5292687804907965,0.1386668301480223,0.48525258285819795
gotham,random,all,cat_full__val_robust_minimax,cat_full,catboost,full,val_robust_minimax,observed,3582968,1929291,0.8185861553884936,0.818586206020761,400.6735747791827,0.004350263625383377,1.0,0.9988783444280827,0.9986316398506438,1.0,0.9993153515024618,0.9999977707555389,1.0013702351244957,0.5292687804907965,0.005531769389991538,0.48525258285819795
gotham,random,all,cat_full__val_robust_minimax,cat_full,catboost,full,val_robust_minimax,low_sampling,3582968,1929291,0.8185861553884936,0.818586206020761,400.6735747791827,0.004269465804100037,1.0,0.9946996072650522,0.9935665991618837,1.0,0.9967729190282276,0.9999553862153514,1.006475057478324,0.5292687804907965,0.005531769389991538,0.48525258285819795
gotham,random,all,cat_full__val_robust_minimax,cat_full,catboost,full,val_robust_minimax,congested_link,3582968,1929291,0.8185861553884936,0.818586206020761,400.6735747791827,0.004440005868673325,1.0,0.9987871192059674,0.9986340102360696,0.9998860248048016,0.9992596253451127,0.9999760310652964,1.001253727147182,0.5292687804907965,0.005531769389991538,0.48525258285819795
gotham,random,all,cat_full__val_robust_minimax,cat_full,catboost,full,val_robust_minimax,high_background,3582968,1929291,0.8185861553884936,0.818586206020761,400.6735747791827,0.0052337646484375,1.0,0.9861508709676249,0.9994312698637364,0.9836413935113921,0.9914734695948566,0.9995214786164894,0.9842011383589219,0.5292687804907965,0.005531769389991538,0.48525258285819795
gotham,random,all,cat_full__val_robust_minimax,cat_full,catboost,full,val_robust_minimax,delayed_collector,3582968,1929291,0.8185861553884936,0.818586206020761,400.6735747791827,0.004478033632040024,1.0,0.9959207812610954,0.997063964577786,0.9979554116372473,0.9975094889420676,0.9997095313005284,1.0008940720867783,0.5292687804907965,0.005531769389991538,0.48525258285819795
gotham,random,all,cat_full__oracle_env_upper_bound,cat_full,catboost,full,oracle_env_upper_bound,observed,3582968,1929291,0.8185861553884936,0.818586206020761,400.6735747791827,0.011002954095602036,1.0,0.9999657905417068,0.9999588439584514,0.9999993668044711,0.9999791049709275,0.9999977707555389,1.0000405245138484,0.5292687804907965,0.0007585686916521136,0.48525258285819795
gotham,random,all,cat_full__oracle_env_upper_bound,cat_full,catboost,full,oracle_env_upper_bound,low_sampling,3582968,1929291,0.8185861553884936,0.818586206020761,400.6735747791827,0.009306065738201141,1.0,0.999897889950246,0.9998822386806681,0.9999930348491823,0.999937633695786,0.9999553862153514,1.000110809217554,0.5292687804907965,0.0007585686916521136,0.48525258285819795
gotham,random,all,cat_full__oracle_env_upper_bound,cat_full,catboost,full,oracle_env_upper_bound,congested_link,3582968,1929291,0.8185861553884936,0.818586206020761,400.6735747791827,0.008822623640298843,1.0,0.9990592398969362,0.9993839518507404,0.9994668493646832,0.9994253988887246,0.9999760310652964,1.0000829486142833,0.5292687804907965,0.0007585686916521136,0.48525258285819795
gotham,random,all,cat_full__oracle_env_upper_bound,cat_full,catboost,full,oracle_env_upper_bound,high_background,3582968,1929291,0.8185861553884936,0.818586206020761,400.6735747791827,0.008641496300697327,1.0,0.9990830828527164,0.9990004314593321,0.9998803260450417,0.9994401850901891,0.9995214786164894,1.0008807749806716,0.5292687804907965,0.0007585686916521136,0.48525258285819795
gotham,random,all,cat_full__oracle_env_upper_bound,cat_full,catboost,full,oracle_env_upper_bound,delayed_collector,3582968,1929291,0.8185861553884936,0.818586206020761,400.6735747791827,0.006048418581485748,1.0,0.9968703528912953,0.9964286863763125,0.9997600188945546,0.9980915728941402,0.9997095313005284,1.0033432723924849,0.5292687804907965,0.0007585686916521136,0.48525258285819795
gotham,random,all,iforest_env_sensitive,iforest_env_sensitive,sklearn_anomaly,env_sensitive,native_default,observed,3582968,1929291,0.8185861553884936,0.818586206020761,220.8991843163967,0.0005211755633354187,1.0,0.9594166976365929,0.9527644987777422,1.0,0.975810958642569,0.9588334741683813,1.0495773103246964,0.7277957963756992,0.12258095329605488,0.5035419314809039
gotham,random,all,iforest_env_sensitive,iforest_env_sensitive,sklearn_anomaly,env_sensitive,native_default,low_sampling,3582968,1929291,0.8185861553884936,0.818586206020761,220.8991843163967,0.0010303705930709839,1.0,0.8736976433311512,0.8663309498536724,1.0,0.9283786993101049,0.9503390529113561,1.1542932873042397,0.7277957963756992,0.12258095329605488,0.5035419314809039
gotham,random,all,iforest_env_sensitive,iforest_env_sensitive,sklearn_anomaly,env_sensitive,native_default,congested_link,3582968,1929291,0.8185861553884936,0.818586206020761,220.8991843163967,0.0005668289959430695,1.0,0.9567452499389673,0.949811215450142,1.0,0.9742596697812761,0.9581763063497662,1.0528408000805425,0.7277957963756992,0.12258095329605488,0.5035419314809039
gotham,random,all,iforest_env_sensitive,iforest_env_sensitive,sklearn_anomaly,env_sensitive,native_default,high_background,3582968,1929291,0.8185861553884936,0.818586206020761,220.8991843163967,0.000443238765001297,1.0,0.7079253466688021,0.9468564138659159,0.6814431285937804,0.7925185510022309,0.8926362317068681,0.7196900381247028,0.7277957963756992,0.12258095329605488,0.5035419314809039
gotham,random,all,iforest_env_sensitive,iforest_env_sensitive,sklearn_anomaly,env_sensitive,native_default,delayed_collector,3582968,1929291,0.8185861553884936,0.818586206020761,220.8991843163967,0.0004899352788925171,1.0,0.891293744696886,0.8827702587510348,1.0,0.9377355039978529,0.9293266636710489,1.1327975654898306,0.7277957963756992,0.12258095329605488,0.5035419314809039
gotham,random,all,iforest_env_sensitive__val_observed_f1,iforest_env_sensitive,sklearn_anomaly,env_sensitive,val_observed_f1,observed,3582968,1929291,0.8185861553884936,0.818586206020761,220.8991843163967,0.004420705139636993,1.0,0.8746321835327071,0.9832431948061708,0.8615309021579937,0.9183719546540483,0.9588334741683813,0.8762134400816569,0.7277957963756992,0.10557657323328443,0.5035419314809039
gotham,random,all,iforest_env_sensitive__val_observed_f1,iforest_env_sensitive,sklearn_anomaly,env_sensitive,val_observed_f1,low_sampling,3582968,1929291,0.8185861553884936,0.818586206020761,220.8991843163967,0.0048487260937690735,1.0,0.5460135355423313,0.9829827671679463,0.4532483247229295,0.6204228483367671,0.9503390529113561,0.4610948837168071,0.7277957963756992,0.10557657323328443,0.5035419314809039
gotham,random,all,iforest_env_sensitive__val_observed_f1,iforest_env_sensitive,sklearn_anomaly,env_sensitive,val_observed_f1,congested_link,3582968,1929291,0.8185861553884936,0.818586206020761,220.8991843163967,0.005102735012769699,1.0,0.874412932004555,0.9829343547339593,0.8615385005043402,0.9182415319007644,0.9581763063497662,0.8764964784830661,0.7277957963756992,0.10557657323328443,0.5035419314809039
gotham,random,all,iforest_env_sensitive__val_observed_f1,iforest_env_sensitive,sklearn_anomaly,env_sensitive,val_observed_f1,high_background,3582968,1929291,0.8185861553884936,0.818586206020761,220.8991843163967,0.007686305791139603,1.0,0.6365556051419926,0.9765590317086964,0.5696841177465077,0.7195895038918908,0.8926362317068681,0.5833586083881944,0.7277957963756992,0.10557657323328443,0.5035419314809039
gotham,random,all,iforest_env_sensitive__val_observed_f1,iforest_env_sensitive,sklearn_anomaly,env_sensitive,val_observed_f1,delayed_collector,3582968,1929291,0.8185861553884936,0.818586206020761,220.8991843163967,0.007488161325454712,1.0,0.7593406075081468,0.9767244984081948,0.7232409986506604,0.831084163599176,0.9293266636710489,0.7404759477512377,0.7277957963756992,0.10557657323328443,0.5035419314809039
gotham,random,all,iforest_env_sensitive__val_robust_minimax,iforest_env_sensitive,sklearn_anomaly,env_sensitive,val_robust_minimax,observed,3582968,1929291,0.8185861553884936,0.818586206020761,220.8991843163967,0.007596518844366074,1.0,0.9767468982128668,0.9755020660273458,0.9966219018534266,0.9859488958504423,0.9588334741683813,1.0216502215234557,0.7277957963756992,0.14611530549859464,0.5035419314809039
gotham,random,all,iforest_env_sensitive__val_robust_minimax,iforest_env_sensitive,sklearn_anomaly,env_sensitive,val_robust_minimax,low_sampling,3582968,1929291,0.8185861553884936,0.818586206020761,220.8991843163967,0.004179973155260086,1.0,0.7967071841417391,0.9784344198073817,0.7685942616022,0.860912117151126,0.9503390529113561,0.7855347747818483,0.7277957963756992,0.14611530549859464,0.5035419314809039
gotham,random,all,iforest_env_sensitive__val_robust_minimax,iforest_env_sensitive,sklearn_anomaly,env_sensitive,val_robust_minimax,congested_link,3582968,1929291,0.8185861553884936,0.818586206020761,220.8991843163967,0.003892328590154648,1.0,0.9766427148626101,0.9753805577795901,0.9966219018534266,0.9858868296807836,0.9581763063497662,1.0217774938247606,0.7277957963756992,0.14611530549859464,0.5035419314809039
gotham,random,all,iforest_env_sensitive__val_robust_minimax,iforest_env_sensitive,sklearn_anomaly,env_sensitive,val_robust_minimax,high_background,3582968,1929291,0.8185861553884936,0.818586206020761,220.8991843163967,0.004744395613670349,1.0,0.6824299703880856,0.9709096011177822,0.630955283098555,0.764859194146167,0.8926362317068681,0.6498599688087883,0.7277957963756992,0.14611530549859464,0.5035419314809039
gotham,random,all,iforest_env_sensitive__val_robust_minimax,iforest_env_sensitive,sklearn_anomaly,env_sensitive,val_robust_minimax,delayed_collector,3582968,1929291,0.8185861553884936,0.818586206020761,220.8991843163967,0.004483107477426529,1.0,0.9212192458265757,0.9738504155860367,0.9286971178839112,0.9507379535010049,0.9293266636710489,0.9536342573977816,0.7277957963756992,0.14611530549859464,0.5035419314809039
gotham,random,all,iforest_env_sensitive__oracle_env_upper_bound,iforest_env_sensitive,sklearn_anomaly,env_sensitive,oracle_env_upper_bound,observed,3582968,1929291,0.8185861553884936,0.818586206020761,220.8991843163967,0.007902290672063828,1.0,0.9800418910366554,0.979410190670583,0.9965693466245296,0.987915264679399,0.9588334741683813,1.0175198870885733,0.7277957963756992,0.010852748856724211,0.5035419314809039
gotham,random,all,iforest_env_sensitive__oracle_env_upper_bound,iforest_env_sensitive,sklearn_anomaly,env_sensitive,oracle_env_upper_bound,low_sampling,3582968,1929291,0.8185861553884936,0.818586206020761,220.8991843163967,0.007939588278532028,1.0,0.9631704081965862,0.9658505879053471,0.9900119737274511,0.9777820442145294,0.9503390529113561,1.0250156557594516,0.7277957963756992,0.010852748856724211,0.5035419314809039
gotham,random,all,iforest_env_sensitive__oracle_env_upper_bound,iforest_env_sensitive,sklearn_anomaly,env_sensitive,oracle_env_upper_bound,congested_link,3582968,1929291,0.8185861553884936,0.818586206020761,220.8991843163967,0.016796790063381195,1.0,0.9798179745823725,0.9794822532728038,0.9962134907372993,0.9877770275169915,0.9581763063497662,1.0170817157825884,0.7277957963756992,0.010852748856724211,0.5035419314809039
gotham,random,all,iforest_env_sensitive__oracle_env_upper_bound,iforest_env_sensitive,sklearn_anomaly,env_sensitive,oracle_env_upper_bound,high_background,3582968,1929291,0.8185861553884936,0.818586206020761,220.8991843163967,0.006104093044996262,1.0,0.9393559602983687,0.9337543848824854,0.9966219018534266,0.9641644246460548,0.8926362317068681,1.0673276805857819,0.7277957963756992,0.010852748856724211,0.5035419314809039
gotham,random,all,iforest_env_sensitive__oracle_env_upper_bound,iforest_env_sensitive,sklearn_anomaly,env_sensitive,oracle_env_upper_bound,delayed_collector,3582968,1929291,0.8185861553884936,0.818586206020761,220.8991843163967,0.006497927010059357,1.0,0.9289536933515992,0.9201397142790557,1.0,0.9584091276655204,0.9293266636710489,1.086791477948016,0.7277957963756992,0.010852748856724211,0.5035419314809039
gotham,random,all,pyod_ecod_env_sensitive,pyod_ecod_env_sensitive,pyod_ecod,env_sensitive,native_default,observed,3582968,1929291,0.8185861553884936,0.818586206020761,71.25280269607902,0.0007846206426620483,1.0,0.5047693686437142,0.9004908500063555,0.44409168417979966,0.5948322070238289,0.5580174497181691,0.4931662372545655,0.646329009894708,0.012115711713962841,0.213356074388427
gotham,random,all,pyod_ecod_env_sensitive,pyod_ecod_env_sensitive,pyod_ecod,env_sensitive,native_default,low_sampling,3582968,1929291,0.8185861553884936,0.818586206020761,71.25280269607902,0.000437665730714798,1.0,0.5040437134677972,0.8986257926764446,0.44424618388884635,0.5945631245678025,0.5713410511660885,0.4943617104130904,0.646329009894708,0.012115711713962841,0.213356074388427
gotham,random,all,pyod_ecod_env_sensitive,pyod_ecod_env_sensitive,pyod_ecod,env_sensitive,native_default,congested_link,3582968,1929291,0.8185861553884936,0.818586206020761,71.25280269607902,0.0004493147134780884,1.0,0.45762147856388696,0.8141332707682186,0.4372430413394365,0.5689321492217836,0.4652372507880343,0.5370656832717973,0.646329009894708,0.012115711713962841,0.213356074388427
gotham,random,all,pyod_ecod_env_sensitive,pyod_ecod_env_sensitive,pyod_ecod,env_sensitive,native_default,high_background,3582968,1929291,0.8185861553884936,0.818586206020761,71.25280269607902,0.0004601031541824341,1.0,0.4552449578627589,0.7949248145485077,0.4508200198696757,0.5753473918389231,0.4091104113853261,0.5671228418321893,0.646329009894708,0.012115711713962841,0.213356074388427
gotham,random,all,pyod_ecod_env_sensitive,pyod_ecod_env_sensitive,pyod_ecod,env_sensitive,native_default,delayed_collector,3582968,1929291,0.8185861553884936,0.818586206020761,71.25280269607902,0.00045358017086982727,1.0,0.49482737440852625,0.8690705515555913,0.4507845609200584,0.5936463529799267,0.5762232027337403,0.5186973141745251,0.646329009894708,0.012115711713962841,0.213356074388427
gotham,random,all,pyod_ecod_env_sensitive__val_observed_f1,pyod_ecod_env_sensitive,pyod_ecod,env_sensitive,val_observed_f1,observed,3582968,1929291,0.8185861553884936,0.818586206020761,71.25280269607902,0.004943419247865677,1.0,0.3904791967619193,0.9348109180285455,0.2745434501937895,0.424435089429796,0.5580174497181691,0.2936887502049971,0.646329009894708,0.012210549449493055,0.213356074388427
gotham,random,all,pyod_ecod_env_sensitive__val_observed_f1,pyod_ecod_env_sensitive,pyod_ecod,env_sensitive,val_observed_f1,low_sampling,3582968,1929291,0.8185861553884936,0.818586206020761,71.25280269607902,0.004959270358085632,1.0,0.32915252286980035,0.9342032703375449,0.19415484543380543,0.3214938396258166,0.5713410511660885,0.20782933607549212,0.646329009894708,0.012210549449493055,0.213356074388427
gotham,random,all,pyod_ecod_env_sensitive__val_observed_f1,pyod_ecod_env_sensitive,pyod_ecod,env_sensitive,val_observed_f1,congested_link,3582968,1929291,0.8185861553884936,0.818586206020761,71.25280269607902,0.005151841789484024,1.0,0.30541841536605935,0.8516005960901425,0.1834551073867957,0.30187839800615573,0.4652372507880343,0.2154238832488756,0.646329009894708,0.012210549449493055,0.213356074388427
gotham,random,all,pyod_ecod_env_sensitive__val_observed_f1,pyod_ecod_env_sensitive,pyod_ecod,env_sensitive,val_observed_f1,high_background,3582968,1929291,0.8185861553884936,0.818586206020761,71.25280269607902,0.004534471780061722,1.0,0.3553792559028161,0.837721169481429,0.26357840322017917,0.4009902730716527,0.4091104113853261,0.3146373910824541,0.646329009894708,0.012210549449493055,0.213356074388427
gotham,random,all,pyod_ecod_env_sensitive__val_observed_f1,pyod_ecod_env_sensitive,pyod_ecod,env_sensitive,val_observed_f1,delayed_collector,3582968,1929291,0.8185861553884936,0.818586206020761,71.25280269607902,0.004622794687747955,1.0,0.34511641841484775,0.863933239919615,0.23736664110667383,0.3724125187574229,0.5762232027337403,0.27475113832726206,0.646329009894708,0.012210549449493055,0.213356074388427
gotham,random,all,pyod_ecod_env_sensitive__val_robust_minimax,pyod_ecod_env_sensitive,pyod_ecod,env_sensitive,val_robust_minimax,observed,3582968,1929291,0.8185861553884936,0.818586206020761,71.25280269607902,0.019824910908937454,1.0,0.4282350355648785,0.9263100221664381,0.32758117408381354,0.4840000879411617,0.5580174497181691,0.3536409692703878,0.646329009894708,0.01805261473356507,0.213356074388427
gotham,random,all,pyod_ecod_env_sensitive__val_robust_minimax,pyod_ecod_env_sensitive,pyod_ecod,env_sensitive,val_robust_minimax,low_sampling,3582968,1929291,0.8185861553884936,0.818586206020761,71.25280269607902,0.008805736899375916,1.0,0.3428503009654842,0.9334160854536245,0.2123623828667421,0.34600486846931056,0.5713410511660885,0.2275109526996608,0.646329009894708,0.01805261473356507,0.213356074388427
gotham,random,all,pyod_ecod_env_sensitive__val_robust_minimax,pyod_ecod_env_sensitive,pyod_ecod,env_sensitive,val_robust_minimax,congested_link,3582968,1929291,0.8185861553884936,0.818586206020761,71.25280269607902,0.01760205253958702,1.0,0.3167412277359921,0.8484547585109734,0.20126753080971144,0.32535537443862994,0.4652372507880343,0.23721657376632932,0.646329009894708,0.01805261473356507,0.213356074388427
gotham,random,all,pyod_ecod_env_sensitive__val_robust_minimax,pyod_ecod_env_sensitive,pyod_ecod,env_sensitive,val_robust_minimax,high_background,3582968,1929291,0.8185861553884936,0.818586206020761,71.25280269607902,0.007937144488096237,1.0,0.3784602737482319,0.8381544537546032,0.2983205754987523,0.44002501166292535,0.4091104113853261,0.35592553873858584,0.646329009894708,0.01805261473356507,0.213356074388427
gotham,random,all,pyod_ecod_env_sensitive__val_robust_minimax,pyod_ecod_env_sensitive,pyod_ecod,env_sensitive,val_robust_minimax,delayed_collector,3582968,1929291,0.8185861553884936,0.818586206020761,71.25280269607902,0.00917275995016098,1.0,0.36865459902109116,0.8676868144842804,0.2698926290341679,0.4117203011600428,0.5762232027337403,0.3110484388247638,0.646329009894708,0.01805261473356507,0.213356074388427
gotham,random,all,pyod_ecod_env_sensitive__oracle_env_upper_bound,pyod_ecod_env_sensitive,pyod_ecod,env_sensitive,oracle_env_upper_bound,observed,3582968,1929291,0.8185861553884936,0.818586206020761,71.25280269607902,0.009125173091888428,1.0,0.7837568308772497,0.8120621216019025,0.9574093691409626,0.8787662164816759,0.5580174497181691,1.1789853801484338,0.646329009894708,0.007043288570795323,0.213356074388427
gotham,random,all,pyod_ecod_env_sensitive__oracle_env_upper_bound,pyod_ecod_env_sensitive,pyod_ecod,env_sensitive,oracle_env_upper_bound,low_sampling,3582968,1929291,0.8185861553884936,0.818586206020761,71.25280269607902,0.01930965483188629,1.0,0.7870746300065672,0.812736460084146,0.9614048329281937,0.8808416372465497,0.5713410511660885,1.1829232231425368,0.646329009894708,0.007043288570795323,0.213356074388427
gotham,random,all,pyod_ecod_env_sensitive__oracle_env_upper_bound,pyod_ecod_env_sensitive,pyod_ecod,env_sensitive,oracle_env_upper_bound,congested_link,3582968,1929291,0.8185861553884936,0.818586206020761,71.25280269607902,0.008695237338542938,1.0,0.7837075899903125,0.8120746572818673,0.957307424660813,0.8787306107918426,0.4652372507880343,1.178841644763378,0.646329009894708,0.007043288570795323,0.213356074388427
gotham,random,all,pyod_ecod_env_sensitive__oracle_env_upper_bound,pyod_ecod_env_sensitive,pyod_ecod,env_sensitive,oracle_env_upper_bound,high_background,3582968,1929291,0.8185861553884936,0.818586206020761,71.25280269607902,0.007506243884563446,1.0,0.805294276498465,0.8163713964744208,0.98332606213801,0.8921046887027654,0.4091104113853261,1.2045082255265178,0.646329009894708,0.007043288570795323,0.213356074388427
gotham,random,all,pyod_ecod_env_sensitive__oracle_env_upper_bound,pyod_ecod_env_sensitive,pyod_ecod,env_sensitive,oracle_env_upper_bound,delayed_collector,3582968,1929291,0.8185861553884936,0.818586206020761,71.25280269607902,0.005074311047792435,1.0,0.8186753579423737,0.8186591910607899,1.0,0.9002887347829929,0.5762232027337403,1.2215095254769388,0.646329009894708,0.007043288570795323,0.213356074388427
gotham,random,all,pyod_copod_env_sensitive,pyod_copod_env_sensitive,pyod_copod,env_sensitive,native_default,observed,3582968,1929291,0.8185861553884936,0.818586206020761,67.20214767381549,0.00043085962533950806,1.0,0.4111847305564583,0.8977416489461926,0.31677505918795207,0.4683050666586787,0.4481136326689815,0.35285770640116354,0.5830346235160999,0.021960192982461123,0.17872434178959634
gotham,random,all,pyod_copod_env_sensitive,pyod_copod_env_sensitive,pyod_copod,env_sensitive,native_default,low_sampling,3582968,1929291,0.8185861553884936,0.818586206020761,67.20214767381549,0.00039611756801605225,1.0,0.45543673815925123,0.9090125581021111,0.3719852769375625,0.5279310845281225,0.45817893777831736,0.40921907362227733,0.5830346235160999,0.021960192982461123,0.17872434178959634
gotham,random,all,pyod_copod_env_sensitive,pyod_copod_env_sensitive,pyod_copod,env_sensitive,native_default,congested_link,3582968,1929291,0.8185861553884936,0.818586206020761,67.20214767381549,0.00045223161578178406,1.0,0.3919730097740569,0.7824760935231388,0.356261765564421,0.4896057725065406,0.353027772724777,0.45530051143202865,0.5830346235160999,0.021960192982461123,0.17872434178959634
gotham,random,all,pyod_copod_env_sensitive,pyod_copod_env_sensitive,pyod_copod,env_sensitive,native_default,high_background,3582968,1929291,0.8185861553884936,0.818586206020761,67.20214767381549,0.0005111917853355408,1.0,0.3752979721566109,0.7457955224959424,0.35933023109737217,0.48498892832511326,0.3041727847785584,0.4818079758575209,0.5830346235160999,0.021960192982461123,0.17872434178959634
gotham,random,all,pyod_copod_env_sensitive,pyod_copod_env_sensitive,pyod_copod,env_sensitive,native_default,delayed_collector,3582968,1929291,0.8185861553884936,0.818586206020761,67.20214767381549,0.0006573870778083801,1.0,0.39539343727825405,0.819108691854488,0.33549105263057916,0.4760154132403292,0.4193781277566054,0.40958062826926767,0.5830346235160999,0.021960192982461123,0.17872434178959634
gotham,random,all,pyod_copod_env_sensitive__val_observed_f1,pyod_copod_env_sensitive,pyod_copod,env_sensitive,val_observed_f1,observed,3582968,1929291,0.8185861553884936,0.818586206020761,67.20214767381549,0.0043214187026023865,1.0,0.2195381619465389,0.8187783334922465,0.059811649657979436,0.11147972039196109,0.4481136326689815,0.07304986858026798,0.5830346235160999,0.0138807297209322,0.17872434178959634
gotham,random,all,pyod_copod_env_sensitive__val_observed_f1,pyod_copod_env_sensitive,pyod_copod,env_sensitive,val_observed_f1,low_sampling,3582968,1929291,0.8185861553884936,0.818586206020761,67.20214767381549,0.004566986113786697,1.0,0.22709119567758312,0.8396503480332077,0.06897208937428251,0.1274730547331219,0.45817893777831736,0.08214382276603868,0.5830346235160999,0.0138807297209322,0.17872434178959634
gotham,random,all,pyod_copod_env_sensitive__val_observed_f1,pyod_copod_env_sensitive,pyod_copod,env_sensitive,val_observed_f1,congested_link,3582968,1929291,0.8185861553884936,0.818586206020761,67.20214767381549,0.004141360521316528,1.0,0.21361474241055392,0.6844993793099352,0.07297135233468689,0.13188323533518115,0.353027772724777,0.10660543243772047,0.5830346235160999,0.0138807297209322,0.17872434178959634
gotham,random,all,pyod_copod_env_sensitive__val_observed_f1,pyod_copod_env_sensitive,pyod_copod,env_sensitive,val_observed_f1,high_background,3582968,1929291,0.8185861553884936,0.818586206020761,67.20214767381549,0.01164500042796135,1.0,0.20445697409048194,0.6556105483489327,0.059300027670644614,0.10876248012644747,0.3041727847785584,0.090450081713883,0.5830346235160999,0.0138807297209322,0.17872434178959634
gotham,random,all,pyod_copod_env_sensitive__val_observed_f1,pyod_copod_env_sensitive,pyod_copod,env_sensitive,val_observed_f1,delayed_collector,3582968,1929291,0.8185861553884936,0.818586206020761,67.20214767381549,0.018753476440906525,1.0,0.1713976792510824,0.34290452653485953,0.013354093704073536,0.025707050545619652,0.4193781277566054,0.038944057808219,0.5830346235160999,0.0138807297209322,0.17872434178959634
gotham,random,all,pyod_copod_env_sensitive__val_robust_minimax,pyod_copod_env_sensitive,pyod_copod,env_sensitive,val_robust_minimax,observed,3582968,1929291,0.8185861553884936,0.818586206020761,67.20214767381549,0.01550498977303505,1.0,0.4724958546948076,0.8527028860260868,0.42984288519341907,0.5715636462528674,0.4481136326689815,0.5040945588875008,0.5830346235160999,0.031210703599843424,0.17872434178959634
gotham,random,all,pyod_copod_env_sensitive__val_robust_minimax,pyod_copod_env_sensitive,pyod_copod,env_sensitive,val_robust_minimax,low_sampling,3582968,1929291,0.8185861553884936,0.818586206020761,67.20214767381549,0.009399451315402985,1.0,0.487986519400132,0.8575190042360588,0.4491420517181444,0.5895145389002586,0.45817893777831736,0.5237692103608518,0.5830346235160999,0.031210703599843424,0.17872434178959634
gotham,random,all,pyod_copod_env_sensitive__val_robust_minimax,pyod_copod_env_sensitive,pyod_copod,env_sensitive,val_robust_minimax,congested_link,3582968,1929291,0.8185861553884936,0.818586206020761,67.20214767381549,0.009649395942687988,1.0,0.4298568748830529,0.7636439841720873,0.4395472398690298,0.5579455680503859,0.353027772724777,0.5755918320309557,0.5830346235160999,0.031210703599843424,0.17872434178959634
gotham,random,all,pyod_copod_env_sensitive__val_robust_minimax,pyod_copod_env_sensitive,pyod_copod,env_sensitive,val_robust_minimax,high_background,3582968,1929291,0.8185861553884936,0.818586206020761,67.20214767381549,0.022734079509973526,1.0,0.39659957984565314,0.704655922735187,0.45255560881433504,0.5511455449999595,0.3041727847785584,0.6422362946410762,0.5830346235160999,0.031210703599843424,0.17872434178959634
gotham,random,all,pyod_copod_env_sensitive__val_robust_minimax,pyod_copod_env_sensitive,pyod_copod,env_sensitive,val_robust_minimax,delayed_collector,3582968,1929291,0.8185861553884936,0.818586206020761,67.20214767381549,0.011065132915973663,1.0,0.42017559818606937,0.7703701616794092,0.41553836500049707,0.5398702348917925,0.4193781277566054,0.5394009083823057,0.5830346235160999,0.031210703599843424,0.17872434178959634
gotham,random,all,pyod_copod_env_sensitive__oracle_env_upper_bound,pyod_copod_env_sensitive,pyod_copod,env_sensitive,oracle_env_upper_bound,observed,3582968,1929291,0.8185861553884936,0.818586206020761,67.20214767381549,0.009238984435796738,1.0,0.7546326603918226,0.8063356483122961,0.9216040615694004,0.8601251585608686,0.4481136326689815,1.1429533885775325,0.5830346235160999,0.02197487540840077,0.17872434178959634
gotham,random,all,pyod_copod_env_sensitive__oracle_env_upper_bound,pyod_copod_env_sensitive,pyod_copod,env_sensitive,oracle_env_upper_bound,low_sampling,3582968,1929291,0.8185861553884936,0.818586206020761,67.20214767381549,0.018123779445886612,1.0,0.7622821025962387,0.807973547555919,0.9308227552743604,0.8650583883812285,0.45817893777831736,1.1520460763722455,0.5830346235160999,0.02197487540840077,0.17872434178959634
gotham,random,all,pyod_copod_env_sensitive__oracle_env_upper_bound,pyod_copod_env_sensitive,pyod_copod,env_sensitive,oracle_env_upper_bound,congested_link,3582968,1929291,0.8185861553884936,0.818586206020761,67.20214767381549,0.0076608359813690186,1.0,0.758296182379952,0.8071778062852311,0.9259173895121292,0.8624799942670138,0.353027772724777,1.147104618464868,0.5830346235160999,0.02197487540840077,0.17872434178959634
gotham,random,all,pyod_copod_env_sensitive__oracle_env_upper_bound,pyod_copod_env_sensitive,pyod_copod,env_sensitive,oracle_env_upper_bound,high_background,3582968,1929291,0.8185861553884936,0.818586206020761,67.20214767381549,0.00764751061797142,1.0,0.8141467513195262,0.8179851729904609,0.9941790335030086,0.8975165780114732,0.3041727847785584,1.2153998218187783,0.5830346235160999,0.02197487540840077,0.17872434178959634
gotham,random,all,pyod_copod_env_sensitive__oracle_env_upper_bound,pyod_copod_env_sensitive,pyod_copod,env_sensitive,oracle_env_upper_bound,delayed_collector,3582968,1929291,0.8185861553884936,0.818586206020761,67.20214767381549,0.007464613765478134,1.0,0.7312173228403595,0.801393181729066,0.8929462651278327,0.844696202819763,0.4193781277566054,1.1142424037115388,0.5830346235160999,0.02197487540840077,0.17872434178959634
gotham,time,all,lr_full,lr_full,sklearn_linear,full,native_default,observed,3582967,1929292,0.8185861047561979,0.8185863000520398,366.60694801807404,0.0004054047167301178,1.0,0.9069218138052716,0.8980166233973037,0.9998410680228862,0.9461972874983858,0.8496752054781511,1.1133881511462098,0.26001117616493485,0.0320776264859051,0.6074520494758449
gotham,time,all,lr_full,lr_full,sklearn_linear,full,native_default,low_sampling,3582967,1929292,0.8185861047561979,0.8185863000520398,366.60694801807404,0.00047156959772109985,1.0,0.9069352902515534,0.8980167732315285,0.9998594306815966,0.946205593151429,0.8317063708204147,1.113408413390304,0.26001117616493485,0.0320776264859051,0.6074520494758449
gotham,time,all,lr_full,lr_full,sklearn_linear,full,native_default,congested_link,3582967,1929292,0.8185861047561979,0.8185863000520398,366.60694801807404,0.00046945735812187195,1.0,0.9067165571619019,0.8979981785592187,0.9995839908009412,0.946071919888315,0.8386286586991423,1.1131247419729853,0.26001117616493485,0.0320776264859051,0.6074520494758449
gotham,time,all,lr_full,lr_full,sklearn_linear,full,native_default,high_background,3582967,1929292,0.8185861047561979,0.8185863000520398,366.60694801807404,0.0004443712532520294,1.0,0.906795342540165,0.8980029224415412,0.99968593521654,0.9461202111457054,0.918849969517082,1.1132323851447357,0.26001117616493485,0.0320776264859051,0.6074520494758449
gotham,time,all,lr_full,lr_full,sklearn_linear,full,native_default,delayed_collector,3582967,1929292,0.8185861047561979,0.8185863000520398,366.60694801807404,0.0008151158690452576,1.0,0.7868938449959881,0.8126490113727728,0.9612832839019003,0.880739262025887,0.8413069333925762,1.182900945486965,0.26001117616493485,0.0320776264859051,0.6074520494758449
gotham,time,all,lr_full__val_observed_f1,lr_full,sklearn_linear,full,val_observed_f1,observed,3582967,1929292,0.8185861047561979,0.8185863000520398,366.60694801807404,0.004329398274421692,1.0,0.9069275153786985,0.8980172613820935,0.9998480331692936,0.9462007605310054,0.8496752054781511,1.1133951162926172,0.26001117616493485,0.031912822770527094,0.6074520494758449
gotham,time,all,lr_full__val_observed_f1,lr_full,sklearn_linear,full,val_observed_f1,low_sampling,3582967,1929292,0.8185861047561979,0.8185863000520398,366.60694801807404,0.00605405867099762,1.0,0.9069368452261244,0.8980169472247498,0.9998613302669804,0.9462065403278673,0.8317063708204147,1.1134103129756878,0.26001117616493485,0.031912822770527094,0.6074520494758449
gotham,time,all,lr_full__val_observed_f1,lr_full,sklearn_linear,full,val_observed_f1,congested_link,3582967,1929292,0.8185861047561979,0.8185863000520398,366.60694801807404,0.0059755779802799225,1.0,0.9067518032521775,0.8980016711992305,0.9996276812647693,0.9460934267139023,0.8386286586991423,1.1131690656319415,0.26001117616493485,0.031912822770527094,0.6074520494758449
gotham,time,all,lr_full__val_observed_f1,lr_full,sklearn_linear,full,val_observed_f1,high_background,3582967,1929292,0.8185861047561979,0.8185863000520398,366.60694801807404,0.004741612821817398,1.0,0.9068228137575857,0.8980059971379365,0.9997194945583211,0.9461369470951597,0.918849969517082,1.1132659444865167,0.26001117616493485,0.031912822770527094,0.6074520494758449
gotham,time,all,lr_full__val_observed_f1,lr_full,sklearn_linear,full,val_observed_f1,delayed_collector,3582967,1929292,0.8185861047561979,0.8185863000520398,366.60694801807404,0.007905900478363037,1.0,0.7872862169127327,0.8127248979749083,0.9617626126137535,0.8809849790977599,0.8413069333925762,1.1833802741988182,0.26001117616493485,0.031912822770527094,0.6074520494758449
gotham,time,all,lr_full__val_robust_minimax,lr_full,sklearn_linear,full,val_robust_minimax,observed,3582967,1929292,0.8185861047561979,0.8185863000520398,366.60694801807404,0.012516319751739502,1.0,0.9069332169521255,0.8980178993589011,0.9998549983157009,0.9462042335407329,0.8496752054781511,1.1134020814390246,0.26001117616493485,0.024716218654887514,0.6074520494758449
gotham,time,all,lr_full__val_robust_minimax,lr_full,sklearn_linear,full,val_robust_minimax,low_sampling,3582967,1929292,0.8185861047561979,0.8185863000520398,366.60694801807404,0.00813908502459526,1.0,0.9069368452261244,0.8980169472247498,0.9998613302669804,0.9462065403278673,0.8317063708204147,1.1134103129756878,0.26001117616493485,0.024716218654887514,0.6074520494758449
gotham,time,all,lr_full__val_robust_minimax,lr_full,sklearn_linear,full,val_robust_minimax,congested_link,3582967,1929292,0.8185861047561979,0.8185863000520398,366.60694801807404,0.007830988615751266,1.0,0.9067683896476013,0.8980030749926197,0.9996485767039914,0.9461035643602924,0.8386286586991423,1.1131905942662914,0.26001117616493485,0.024716218654887514,0.6074520494758449
gotham,time,all,lr_full__val_robust_minimax,lr_full,sklearn_linear,full,val_robust_minimax,high_background,3582967,1929292,0.8185861047561979,0.8185863000520398,366.60694801807404,0.00757594034075737,1.0,0.9068383635032955,0.8980077374499631,0.9997384904121593,0.9461464200385079,0.918849969517082,1.113284940340355,0.26001117616493485,0.024716218654887514,0.6074520494758449
gotham,time,all,lr_full__val_robust_minimax,lr_full,sklearn_linear,full,val_robust_minimax,delayed_collector,3582967,1929292,0.8185861047561979,0.8185863000520398,366.60694801807404,0.008258815854787827,1.0,0.8072572736527182,0.8165078406423711,0.986159620893413,0.8933506370591314,0.8413069333925762,1.2077772824784776,0.26001117616493485,0.024716218654887514,0.6074520494758449
gotham,time,all,lr_full__oracle_env_upper_bound,lr_full,sklearn_linear,full,oracle_env_upper_bound,observed,3582967,1929292,0.8185861047561979,0.8185863000520398,366.60694801807404,0.006932534277439117,1.0,0.9069653530932591,0.8980056513463887,0.9999164182431115,0.9462249360434128,0.8496752054781511,1.1134856631959131,0.26001117616493485,0.020801470255716714,0.6074520494758449
gotham,time,all,lr_full__oracle_env_upper_bound,lr_full,sklearn_linear,full,oracle_env_upper_bound,low_sampling,3582967,1929292,0.8185861047561979,0.8185863000520398,366.60694801807404,0.008382529020309448,1.0,0.9069643164435451,0.8979887876146301,0.9999385800725895,0.9462254968193912,0.8317063708204147,1.1135312532451251,0.26001117616493485,0.020801470255716714,0.6074520494758449
gotham,time,all,lr_full__oracle_env_upper_bound,lr_full,sklearn_linear,full,oracle_env_upper_bound,congested_link,3582967,1929292,0.8185861047561979,0.8185863000520398,366.60694801807404,0.007108613848686218,1.0,0.9069492850226922,0.8979889158933988,0.9999176846333674,0.946216212491529,0.8386286586991423,1.1135078250253911,0.26001117616493485,0.020801470255716714,0.6074520494758449
gotham,time,all,lr_full__oracle_env_upper_bound,lr_full,sklearn_linear,full,oracle_env_upper_bound,high_background,3582967,1929292,0.8185861047561979,0.8185863000520398,366.60694801807404,0.004594091325998306,1.0,0.9069637981186881,0.8979914453609678,0.9999341477066939,0.9462249877916156,0.918849969517082,1.1135230217084617,0.26001117616493485,0.020801470255716714,0.6074520494758449
gotham,time,all,lr_full__oracle_env_upper_bound,lr_full,sklearn_linear,full,oracle_env_upper_bound,delayed_collector,3582967,1929292,0.8185861047561979,0.8185863000520398,366.60694801807404,0.004477597773075104,1.0,0.8183214360501158,0.8185382373633917,0.999676437289621,0.9000844623244727,0.8413069333925762,1.2212947320698135,0.26001117616493485,0.020801470255716714,0.6074520494758449
gotham,time,all,rf_full,rf_full,sklearn_tree,full,native_default,observed,3582967,1929292,0.8185861047561979,0.8185863000520398,941.6057114005089,0.0006827749311923981,1.0,0.9414443225805114,0.9998738657290459,0.9285844542997749,0.9629114804645987,0.9999269098702817,0.9287015953984443,0.8056498522236033,0.012337344995648689,0.6368884804777762
gotham,time,all,rf_full,rf_full,sklearn_tree,full,native_default,low_sampling,3582967,1929292,0.8185861047561979,0.8185863000520398,941.6057114005089,0.0004955343902111053,1.0,0.9413380659848276,0.999734132481103,0.9285844542997749,0.962846679193799,0.9997766161382986,0.9288314003996727,0.8056498522236033,0.012337344995648689,0.6368884804777762
gotham,time,all,rf_full,rf_full,sklearn_tree,full,native_default,congested_link,3582967,1929292,0.8185861047561979,0.8185863000520398,941.6057114005089,0.0004593171179294586,1.0,0.9414681655239331,0.9999140881169547,0.9285762227631116,0.9629257059710543,0.9999256833640825,0.9286560053492324,0.8056498522236033,0.012337344995648689,0.6368884804777762
gotham,time,all,rf_full,rf_full,sklearn_tree,full,native_default,high_background,3582967,1929292,0.8185861047561979,0.8185863000520398,941.6057114005089,0.0005058050155639648,1.0,0.9413769403491021,0.9998281851373326,0.9285445630067144,0.9628688500640351,0.9997818523092264,0.9287041281789561,0.8056498522236033,0.012337344995648689,0.6368884804777762
gotham,time,all,rf_full,rf_full,sklearn_tree,full,native_default,delayed_collector,3582967,1929292,0.8185861047561979,0.8185863000520398,941.6057114005089,0.00045771896839141846,1.0,0.9999295078194488,0.9999138928776747,1.0,0.9999569445851484,0.9999723142087902,1.0000861145374003,0.8056498522236033,0.012337344995648689,0.6368884804777762
gotham,time,all,rf_full__val_observed_f1,rf_full,sklearn_tree,full,val_observed_f1,observed,3582967,1929292,0.8185861047561979,0.8185863000520398,941.6057114005089,0.004980679601430893,1.0,0.6504230567482786,0.9999767929645109,0.5729637077880468,0.728508688948913,0.9999269098702817,0.5729770048857336,0.8056498522236033,0.12088937764438257,0.6368884804777762
gotham,time,all,rf_full__val_observed_f1,rf_full,sklearn_tree,full,val_observed_f1,low_sampling,3582967,1929292,0.8185861047561979,0.8185863000520398,941.6057114005089,0.004909578710794449,1.0,0.6500985853878003,0.9999712479071794,0.5725704936135939,0.7281892949434967,0.9997766161382986,0.5725869566869205,0.8056498522236033,0.12088937764438257,0.6368884804777762
gotham,time,all,rf_full__val_observed_f1,rf_full,sklearn_tree,full,val_observed_f1,congested_link,3582967,1929292,0.8185861047561979,0.8185863000520398,941.6057114005089,0.004364192485809326,1.0,0.6250821544898336,0.9999918222388373,0.5419979332511023,0.7029793797161056,0.9999256833640825,0.542002365616998,0.8056498522236033,0.12088937764438257,0.6368884804777762
gotham,time,all,rf_full__val_observed_f1,rf_full,sklearn_tree,full,val_observed_f1,high_background,3582967,1929292,0.8185861047561979,0.8185863000520398,941.6057114005089,0.004619084298610687,1.0,0.637222877615208,0.9999795320806208,0.5568362278793282,0.7153381214674157,0.9997818523092264,0.5568476253916312,0.8056498522236033,0.12088937764438257,0.6368884804777762
gotham,time,all,rf_full__val_observed_f1,rf_full,sklearn_tree,full,val_observed_f1,delayed_collector,3582967,1929292,0.8185861047561979,0.8185863000520398,941.6057114005089,0.003922861069440842,1.0,0.9158007186055818,0.9999858845483091,0.897153281343792,0.9457826117865454,0.9999723142087902,0.8971659452463508,0.8056498522236033,0.12088937764438257,0.6368884804777762
gotham,time,all,rf_full__val_robust_minimax,rf_full,sklearn_tree,full,val_robust_minimax,observed,3582967,1929292,0.8185861047561979,0.8185863000520398,941.6057114005089,0.012511439621448517,1.0,0.941476977046502,0.9999440863851712,0.9285591264946571,0.9629304231345047,0.9999269098702817,0.9286110484951484,0.8056498522236033,0.016313108577978835,0.6368884804777762
gotham,time,all,rf_full__val_robust_minimax,rf_full,sklearn_tree,full,val_robust_minimax,low_sampling,3582967,1929292,0.8185861047561979,0.8185863000520398,941.6057114005089,0.009523056447505951,1.0,0.9413276994876877,0.9998493049617535,0.9284647804205935,0.9628357459214729,0.9997766161382986,0.928604716543869,0.8056498522236033,0.016313108577978835,0.6368884804777762
gotham,time,all,rf_full__val_robust_minimax,rf_full,sklearn_tree,full,val_robust_minimax,congested_link,3582967,1929292,0.8185861047561979,0.8185863000520398,941.6057114005089,0.008901365101337433,1.0,0.9404921598182131,0.9999631296634148,0.9273383262879822,0.9622823997235112,0.9999256833640825,0.9273725188248911,0.8056498522236033,0.016313108577978835,0.6368884804777762
gotham,time,all,rf_full__val_robust_minimax,rf_full,sklearn_tree,full,val_robust_minimax,high_background,3582967,1929292,0.8185861047561979,0.8185863000520398,941.6057114005089,0.008622150868177414,1.0,0.9179351803666838,0.9999380779247098,0.8998038361493631,0.9472319495219523,0.9997818523092264,0.8998595573206222,0.8056498522236033,0.016313108577978835,0.6368884804777762
gotham,time,all,rf_full__val_robust_minimax,rf_full,sklearn_tree,full,val_robust_minimax,delayed_collector,3582967,1929292,0.8185861047561979,0.8185863000520398,941.6057114005089,0.008659608662128448,1.0,0.9999507591385856,0.9999398500810758,1.0,0.9999699241360075,0.9999723142087902,1.0000601535371547,0.8056498522236033,0.016313108577978835,0.6368884804777762
gotham,time,all,rf_full__oracle_env_upper_bound,rf_full,sklearn_tree,full,oracle_env_upper_bound,observed,3582967,1929292,0.8185861047561979,0.8185863000520398,941.6057114005089,0.01981246843934059,1.0,0.9998377643197608,0.9998018491964763,1.0,0.9999009147813304,0.9999269098702817,1.0001981900750463,0.8056498522236033,0.00016776630335137667,0.6368884804777762
gotham,time,all,rf_full__oracle_env_upper_bound,rf_full,sklearn_tree,full,oracle_env_upper_bound,low_sampling,3582967,1929292,0.8185861047561979,0.8185863000520398,941.6057114005089,0.024764761328697205,1.0,0.9994163662110246,0.9996473076338585,0.9996397119722003,0.9996435097886007,0.9997766161382986,0.9999924016584647,0.8056498522236033,0.00016776630335137667,0.6368884804777762
gotham,time,all,rf_full__oracle_env_upper_bound,rf_full,sklearn_tree,full,oracle_env_upper_bound,congested_link,3582967,1929292,0.8185861047561979,0.8185863000520398,941.6057114005089,0.009971864521503448,1.0,0.9997745286872075,0.9997689269410295,0.999955676341044,0.9998622929210014,0.9999256833640825,1.0001867925627432,0.8056498522236033,0.00016776630335137667,0.6368884804777762
gotham,time,all,rf_full__oracle_env_upper_bound,rf_full,sklearn_tree,full,oracle_env_upper_bound,high_background,3582967,1929292,0.8185861047561979,0.8185863000520398,941.6057114005089,0.009918943047523499,1.0,0.999295596519345,0.9991402276656897,1.0,0.9995699289512501,0.9997818523092264,1.0008605121788752,0.8056498522236033,0.00016776630335137667,0.6368884804777762
gotham,time,all,rf_full__oracle_env_upper_bound,rf_full,sklearn_tree,full,oracle_env_upper_bound,delayed_collector,3582967,1929292,0.8185861047561979,0.8185863000520398,941.6057114005089,0.0061043910682201385,1.0,0.9999523141131565,0.9999417494415545,1.0,0.9999708738724706,0.9999723142087902,1.0000582539517708,0.8056498522236033,0.00016776630335137667,0.6368884804777762
gotham,time,all,xgb_full,xgb_full,xgboost,full,native_default,observed,3582967,1929292,0.8185861047561979,0.8185863000520398,955.2405460588634,0.027475841343402863,1.0,0.8486817962236924,0.8439864922999804,1.0,0.9153933565394907,0.9863096463415252,1.1848530860664146,0.6065038144923536,0.007558251205842996,0.8878908070422367
gotham,time,all,xgb_full,xgb_full,xgboost,full,native_default,low_sampling,3582967,1929292,0.8185861047561979,0.8185863000520398,955.2405460588634,0.009056765586137772,1.0,0.8486755763254085,0.8439810799357218,1.0,0.9153901730544237,0.7746489715527137,1.18486068440795,0.6065038144923536,0.007558251205842996,0.8878908070422367
gotham,time,all,xgb_full,xgb_full,xgboost,full,native_default,congested_link,3582967,1929292,0.8185861047561979,0.8185863000520398,955.2405460588634,0.004908889532089233,1.0,0.9070285887258124,0.8980489411031453,0.999943012438485,0.9462608751404005,0.9140241927087762,1.1134616017810512,0.6065038144923536,0.007558251205842996,0.8878908070422367
gotham,time,all,xgb_full,xgb_full,xgboost,full,native_default,high_background,3582967,1929292,0.8185861047561979,0.8185863000520398,955.2405460588634,0.003533311188220978,1.0,0.8486771312999795,0.8439824330202785,1.0,0.9153909689236146,0.8858995186613458,1.184858784822566,0.6065038144923536,0.007558251205842996,0.8878908070422367
gotham,time,all,xgb_full,xgb_full,xgboost,full,native_default,delayed_collector,3582967,1929292,0.8185861047561979,0.8185863000520398,955.2405460588634,0.0035345368087291718,1.0,0.8487097857659701,0.844010848798215,1.0,0.9154076824963113,0.9726778466535276,1.1848188935295056,0.6065038144923536,0.007558251205842996,0.8878908070422367
gotham,time,all,xgb_full__val_observed_f1,xgb_full,xgboost,full,val_observed_f1,observed,3582967,1929292,0.8185861047561979,0.8185863000520398,955.2405460588634,0.01000325009226799,1.0,0.8487103040908272,0.8440112998577364,1.0,0.9154079477960368,0.9863096463415252,1.1848182603343778,0.6065038144923536,0.04205108960248383,0.8878908070422367
gotham,time,all,xgb_full__val_observed_f1,xgb_full,xgboost,full,val_observed_f1,low_sampling,3582967,1929292,0.8185861047561979,0.8185863000520398,955.2405460588634,0.00997878983616829,1.0,0.8487092674411131,0.8440103977391757,1.0,0.9154074171967397,0.7746489715527137,1.1848195267246335,0.6065038144923536,0.04205108960248383,0.8878908070422367
gotham,time,all,xgb_full__val_observed_f1,xgb_full,xgboost,full,val_observed_f1,congested_link,3582967,1929292,0.8185861047561979,0.8185863000520398,955.2405460588634,0.009878206998109818,1.0,0.8324872543917665,0.8889791747309747,0.908868024405873,0.8988135884558052,0.9140241927087762,1.0223726834556244,0.6065038144923536,0.04205108960248383,0.8878908070422367
gotham,time,all,xgb_full__val_observed_f1,xgb_full,xgboost,full,val_observed_f1,high_background,3582967,1929292,0.8185861047561979,0.8185863000520398,955.2405460588634,0.009693808853626251,1.0,0.8458304911853675,0.8435467496561461,0.9964819678691464,0.9136587022592753,0.8858995186613458,1.181300228203524,0.6065038144923536,0.04205108960248383,0.8878908070422367
gotham,time,all,xgb_full__val_observed_f1,xgb_full,xgboost,full,val_observed_f1,delayed_collector,3582967,1929292,0.8185861047561979,0.8185863000520398,955.2405460588634,0.0098758265376091,1.0,0.8482453666941033,0.843938325383488,0.999428857994595,0.915125672585974,0.9726778466535276,1.184243952353333,0.6065038144923536,0.04205108960248383,0.8878908070422367
gotham,time,all,xgb_full__val_robust_minimax,xgb_full,xgboost,full,val_robust_minimax,observed,3582967,1929292,0.8185861047561979,0.8185863000520398,955.2405460588634,0.02002975344657898,1.0,0.8487046025174002,0.8440063382295176,1.0,0.9154050295075145,0.9863096463415252,1.1848252254807852,0.6065038144923536,0.020140581039326737,0.8878908070422367
gotham,time,all,xgb_full__val_robust_minimax,xgb_full,xgboost,full,val_robust_minimax,low_sampling,3582967,1929292,0.8185861047561979,0.8185863000520398,955.2405460588634,0.015908271074295044,1.0,0.8486823145485494,0.8439869433334687,1.0,0.9153936218309124,0.7746489715527137,1.1848524528712867,0.6065038144923536,0.020140581039326737,0.8878908070422367
gotham,time,all,xgb_full__val_robust_minimax,xgb_full,xgboost,full,val_robust_minimax,congested_link,3582967,1929292,0.8185861047561979,0.8185863000520398,955.2405460588634,0.01569395512342453,1.0,0.8750650497695528,0.8943507246650133,0.9608862705566799,0.9264253942826723,0.9140241927087762,1.0743953619723268,0.6065038144923536,0.020140581039326737,0.8878908070422367
gotham,time,all,xgb_full__val_robust_minimax,xgb_full,xgboost,full,val_robust_minimax,high_background,3582967,1929292,0.8185861047561979,0.8185863000520398,955.2405460588634,0.01635049283504486,1.0,0.8487046025174002,0.8440063382295176,1.0,0.9154050295075145,0.8858995186613458,1.1848252254807852,0.6065038144923536,0.020140581039326737,0.8878908070422367
gotham,time,all,xgb_full__val_robust_minimax,xgb_full,xgboost,full,val_robust_minimax,delayed_collector,3582967,1929292,0.8185861047561979,0.8185863000520398,955.2405460588634,0.016161538660526276,1.0,0.8487108224156841,0.8440117509177398,1.0,0.915408213095916,0.9726778466535276,1.1848176271392497,0.6065038144923536,0.020140581039326737,0.8878908070422367
gotham,time,all,xgb_full__oracle_env_upper_bound,xgb_full,xgboost,full,oracle_env_upper_bound,observed,3582967,1929292,0.8185861047561979,0.8185863000520398,955.2405460588634,0.016401883214712143,1.0,0.8487108224156841,0.8440117509177398,1.0,0.915408213095916,0.9863096463415252,1.1848176271392497,0.6065038144923536,0.007526653008824347,0.8878908070422367
gotham,time,all,xgb_full__oracle_env_upper_bound,xgb_full,xgboost,full,oracle_env_upper_bound,low_sampling,3582967,1929292,0.8185861047561979,0.8185863000520398,955.2405460588634,0.011591017246246338,1.0,0.8487103040908272,0.8440112998577364,1.0,0.9154079477960368,0.7746489715527137,1.1848182603343778,0.6065038144923536,0.007526653008824347,0.8878908070422367
gotham,time,all,xgb_full__oracle_env_upper_bound,xgb_full,xgboost,full,oracle_env_upper_bound,congested_link,3582967,1929292,0.8185861047561979,0.8185863000520398,955.2405460588634,0.014662925153970718,1.0,0.9070441384715222,0.898023519430739,1.0,0.9462722777008338,0.9140241927087762,1.1135565810502428,0.6065038144923536,0.007526653008824347,0.8878908070422367
gotham,time,all,xgb_full__oracle_env_upper_bound,xgb_full,xgboost,full,oracle_env_upper_bound,high_background,3582967,1929292,0.8185861047561979,0.8185863000520398,955.2405460588634,0.010896958410739899,1.0,0.8487103040908272,0.8440112998577364,1.0,0.9154079477960368,0.8858995186613458,1.1848182603343778,0.6065038144923536,0.007526653008824347,0.8878908070422367
gotham,time,all,xgb_full__oracle_env_upper_bound,xgb_full,xgboost,full,oracle_env_upper_bound,delayed_collector,3582967,1929292,0.8185861047561979,0.8185863000520398,955.2405460588634,0.01003139466047287,1.0,0.8487108224156841,0.8440117509177398,1.0,0.915408213095916,0.9726778466535276,1.1848176271392497,0.6065038144923536,0.007526653008824347,0.8878908070422367
gotham,time,all,lgbm_full,lgbm_full,lightgbm,full,native_default,observed,3582967,1929292,0.8185861047561979,0.8185863000520398,365.2576499655843,0.0006721988320350647,1.0,0.8272547649604104,0.8257629710038077,0.9999651742679632,0.9045533042170831,0.8721019207160099,1.2109590879963934,0.49168881861686947,0.054326042245764816,0.7018295765216729
gotham,time,all,lgbm_full,lgbm_full,lightgbm,full,native_default,low_sampling,3582967,1929292,0.8185861047561979,0.8185863000520398,365.2576499655843,0.0005870647728443146,1.0,0.8270764612096043,0.825614465062249,0.9999651742679632,0.9044641982718679,0.8547981925725487,1.211176907120406,0.49168881861686947,0.054326042245764816,0.7018295765216729
gotham,time,all,lgbm_full,lgbm_full,lightgbm,full,native_default,congested_link,3582967,1929292,0.8185861047561979,0.8185863000520398,365.2576499655843,0.0006324946880340576,1.0,0.8238058313619712,0.8877678853017886,0.8983246923304873,0.8930150904963989,0.903525705062775,1.0118914045027771,0.49168881861686947,0.054326042245764816,0.7018295765216729
gotham,time,all,lgbm_full,lgbm_full,lightgbm,full,native_default,high_background,3582967,1929292,0.8185861047561979,0.8185863000520398,365.2576499655843,0.0005780570209026337,1.0,0.8158220735896899,0.8237306766779676,0.9859975229406595,0.8975893804891447,0.6993171900473666,1.1969901702788337,0.49168881861686947,0.054326042245764816,0.7018295765216729
gotham,time,all,lgbm_full,lgbm_full,lightgbm,full,native_default,delayed_collector,3582967,1929292,0.8185861047561979,0.8185863000520398,365.2576499655843,0.0006373561918735504,1.0,0.8484221154703383,0.8437807888353405,0.9999651742679632,0.9152577637447724,0.97639174556881,1.1851006653614404,0.49168881861686947,0.054326042245764816,0.7018295765216729
gotham,time,all,lgbm_full__val_observed_f1,lgbm_full,lightgbm,full,val_observed_f1,observed,3582967,1929292,0.8185861047561979,0.8185863000520398,365.2576499655843,0.00985633209347725,1.0,0.8272547649604104,0.8257629710038077,0.9999651742679632,0.9045533042170831,0.8721019207160099,1.2109590879963934,0.49168881861686947,0.05283088841013649,0.7018295765216729
gotham,time,all,lgbm_full__val_observed_f1,lgbm_full,lightgbm,full,val_observed_f1,low_sampling,3582967,1929292,0.8185861047561979,0.8185863000520398,365.2576499655843,0.008648216724395752,1.0,0.8270764612096043,0.825614465062249,0.9999651742679632,0.9044641982718679,0.8547981925725487,1.211176907120406,0.49168881861686947,0.05283088841013649,0.7018295765216729
gotham,time,all,lgbm_full__val_observed_f1,lgbm_full,lightgbm,full,val_observed_f1,congested_link,3582967,1929292,0.8185861047561979,0.8185863000520398,365.2576499655843,0.008157774806022644,1.0,0.8282038177735667,0.888360153595355,0.9036979861862151,0.8959634333181307,0.903525705062775,1.0172653315536329,0.49168881861686947,0.05283088841013649,0.7018295765216729
gotham,time,all,lgbm_full__val_observed_f1,lgbm_full,lightgbm,full,val_observed_f1,high_background,3582967,1929292,0.8185861047561979,0.8185863000520398,365.2576499655843,0.008424773812294006,1.0,0.8158210369399759,0.8237298051892749,0.9859975229406595,0.8975888631004894,0.6993171900473666,1.1969914366690897,0.49168881861686947,0.05283088841013649,0.7018295765216729
gotham,time,all,lgbm_full__val_observed_f1,lgbm_full,lightgbm,full,val_observed_f1,delayed_collector,3582967,1929292,0.8185861047561979,0.8185863000520398,365.2576499655843,0.024253062903881073,1.0,0.8484205604957673,0.8437794363501624,0.9999651742679632,0.9152569680794803,0.97639174556881,1.1851025649468243,0.49168881861686947,0.05283088841013649,0.7018295765216729
gotham,time,all,lgbm_full__val_robust_minimax,lgbm_full,lightgbm,full,val_robust_minimax,observed,3582967,1929292,0.8185861047561979,0.8185863000520398,365.2576499655843,0.03253677859902382,1.0,0.8272547649604104,0.8257629710038077,0.9999651742679632,0.9045533042170831,0.8721019207160099,1.2109590879963934,0.49168881861686947,0.053956970271071575,0.7018295765216729
gotham,time,all,lgbm_full__val_robust_minimax,lgbm_full,lightgbm,full,val_robust_minimax,low_sampling,3582967,1929292,0.8185861047561979,0.8185863000520398,365.2576499655843,0.02039700746536255,1.0,0.8270764612096043,0.825614465062249,0.9999651742679632,0.9044641982718679,0.8547981925725487,1.211176907120406,0.49168881861686947,0.053956970271071575,0.7018295765216729
gotham,time,all,lgbm_full__val_robust_minimax,lgbm_full,lightgbm,full,val_robust_minimax,congested_link,3582967,1929292,0.8185861047561979,0.8185863000520398,365.2576499655843,0.020077012479305267,1.0,0.82489068528766,0.8879141989554841,0.8996506029284008,0.8937438727783563,0.903525705062775,1.0132179482958186,0.49168881861686947,0.053956970271071575,0.7018295765216729
gotham,time,all,lgbm_full__val_robust_minimax,lgbm_full,lightgbm,full,val_robust_minimax,high_background,3582967,1929292,0.8185861047561979,0.8185863000520398,365.2576499655843,0.02068358287215233,1.0,0.8158210369399759,0.8237298051892749,0.9859975229406595,0.8975888631004894,0.6993171900473666,1.1969914366690897,0.49168881861686947,0.053956970271071575,0.7018295765216729
gotham,time,all,lgbm_full__val_robust_minimax,lgbm_full,lightgbm,full,val_robust_minimax,delayed_collector,3582967,1929292,0.8185861047561979,0.8185863000520398,365.2576499655843,0.00768483430147171,1.0,0.8484205604957673,0.8437794363501624,0.9999651742679632,0.9152569680794803,0.97639174556881,1.1851025649468243,0.49168881861686947,0.053956970271071575,0.7018295765216729
gotham,time,all,lgbm_full__oracle_env_upper_bound,lgbm_full,lightgbm,full,oracle_env_upper_bound,observed,3582967,1929292,0.8185861047561979,0.8185863000520398,365.2576499655843,0.008647337555885315,1.0,0.8484195238460533,0.8437785346957858,0.9999651742679632,0.9152564376367209,0.8721019207160099,1.18510383133708,0.49168881861686947,0.03886463132665258,0.7018295765216729
gotham,time,all,lgbm_full__oracle_env_upper_bound,lgbm_full,lightgbm,full,oracle_env_upper_bound,low_sampling,3582967,1929292,0.8185861047561979,0.8185863000520398,365.2576499655843,0.00905899703502655,1.0,0.8479151937601981,0.8433401082346558,0.9999651742679632,0.9149984501244246,0.8547981925725487,1.185719930196569,0.49168881861686947,0.03886463132665258,0.7018295765216729
gotham,time,all,lgbm_full__oracle_env_upper_bound,lgbm_full,lightgbm,full,oracle_env_upper_bound,congested_link,3582967,1929292,0.8185861047561979,0.8185863000520398,365.2576499655843,0.008174844086170197,1.0,0.8413806722880726,0.8900992107138502,0.9197950727287924,0.9047035241164485,0.903525705062775,1.0333624180962102,0.49168881861686947,0.03886463132665258,0.7018295765216729
gotham,time,all,lgbm_full__oracle_env_upper_bound,lgbm_full,lightgbm,full,oracle_env_upper_bound,high_background,3582967,1929292,0.8185861047561979,0.8185863000520398,365.2576499655843,0.008389957249164581,1.0,0.836984759175905,0.8419151756846478,0.9859962565504036,0.9082772796524555,0.6993171900473666,1.1711349136195206,0.49168881861686947,0.03886463132665258,0.7018295765216729
gotham,time,all,lgbm_full__oracle_env_upper_bound,lgbm_full,lightgbm,full,oracle_env_upper_bound,delayed_collector,3582967,1929292,0.8185861047561979,0.8185863000520398,365.2576499655843,0.009225483983755112,1.0,0.8484221154703383,0.8437807888353405,0.9999651742679632,0.9152577637447724,0.97639174556881,1.1851006653614404,0.49168881861686947,0.03886463132665258,0.7018295765216729
gotham,time,all,cat_full,cat_full,catboost,full,native_default,observed,3582967,1929292,0.8185861047561979,0.8185863000520398,414.5648743212223,0.029944080859422684,1.0,0.9919623364425914,0.9902765176050399,1.0,0.9951145067989544,0.999627169391637,1.0098189568490183,0.6700227005158073,0.1603605958102841,0.8881459670675391
gotham,time,all,cat_full,cat_full,catboost,full,native_default,low_sampling,3582967,1929292,0.8185861047561979,0.8185863000520398,414.5648743212223,0.0004272572696208954,1.0,0.8553531554580645,0.8498319484189806,1.0,0.9188207060055561,0.8608789056072504,1.176703231574655,0.6700227005158073,0.1603605958102841,0.8881459670675391
gotham,time,all,cat_full,cat_full,catboost,full,native_default,congested_link,3582967,1929292,0.8185861047561979,0.8185863000520398,414.5648743212223,0.0004550814628601074,1.0,0.9575642256330301,0.993524355187536,0.9543801906170614,0.9735589616327037,0.9843763743590709,0.9606006995539773,0.6700227005158073,0.1603605958102841,0.8881459670675391
gotham,time,all,cat_full,cat_full,catboost,full,native_default,high_background,3582967,1929292,0.8185861047561979,0.8185863000520398,414.5648743212223,0.00042912736535072327,1.0,0.7347638408286563,0.9958652120437427,0.6788010070335315,0.8073182597275064,0.9953855021608237,0.6816193585480076,0.6700227005158073,0.1603605958102841,0.8881459670675391
gotham,time,all,cat_full,cat_full,catboost,full,native_default,delayed_collector,3582967,1929292,0.8185861047561979,0.8185863000520398,414.5648743212223,0.00042973458766937256,1.0,0.9916523781781088,0.9899053339074851,1.0,0.9949270621468749,0.9994027582305416,1.0101976075355286,0.6700227005158073,0.1603605958102841,0.8881459670675391
gotham,time,all,cat_full__val_observed_f1,cat_full,catboost,full,val_observed_f1,observed,3582967,1929292,0.8185861047561979,0.8185863000520398,414.5648743212223,0.005063049495220184,1.0,0.9954263014618834,0.9944437308105957,1.0,0.9972141258720064,0.999627169391637,1.0055873138089726,0.6700227005158073,0.14773429516643974,0.8881459670675391
gotham,time,all,cat_full__val_observed_f1,cat_full,catboost,full,val_observed_f1,low_sampling,3582967,1929292,0.8185861047561979,0.8185863000520398,414.5648743212223,0.0044557563960552216,1.0,0.7644348289424306,0.8753512187373611,0.8304898650787821,0.8523306449149772,0.8608789056072504,0.9487504527345165,0.6700227005158073,0.14773429516643974,0.8881459670675391
gotham,time,all,cat_full__val_observed_f1,cat_full,catboost,full,val_observed_f1,congested_link,3582967,1929292,0.8185861047561979,0.8185863000520398,414.5648743212223,0.004943881183862686,1.0,0.9051823155851991,0.9956433000741853,0.8880549005503732,0.9387766166977976,0.9843763743590709,0.8919408190505619,0.6700227005158073,0.14773429516643974,0.8881459670675391
gotham,time,all,cat_full__val_observed_f1,cat_full,catboost,full,val_observed_f1,high_background,3582967,1929292,0.8185861047561979,0.8185863000520398,414.5648743212223,0.004804573953151703,1.0,0.7334498873161761,0.9968946388664686,0.6764847792555145,0.8060145145939984,0.9953855021608237,0.6785920526413102,0.6700227005158073,0.14773429516643974,0.8881459670675391
gotham,time,all,cat_full__val_observed_f1,cat_full,catboost,full,val_observed_f1,delayed_collector,3582967,1929292,0.8185861047561979,0.8185863000520398,414.5648743212223,0.004454992711544037,1.0,0.9926574100758205,0.9911099006061032,1.0,0.9955351036167362,0.9994027582305416,1.0089698421824462,0.6700227005158073,0.14773429516643974,0.8881459670675391
gotham,time,all,cat_full__val_robust_minimax,cat_full,catboost,full,val_robust_minimax,observed,3582967,1929292,0.8185861047561979,0.8185863000520398,414.5648743212223,0.02481994777917862,1.0,0.9907095452632365,0.9887779736741931,1.0,0.9943573257174231,0.999627169391637,1.0113493894732577,0.6700227005158073,0.06546617333285042,0.8881459670675391
gotham,time,all,cat_full__val_robust_minimax,cat_full,catboost,full,val_robust_minimax,low_sampling,3582967,1929292,0.8185861047561979,0.8185863000520398,414.5648743212223,0.011000577360391617,1.0,0.848805675864514,0.8440943030160504,1.0,0.9154567655629308,0.8608789056072504,1.184701752430836,0.6700227005158073,0.06546617333285042,0.8881459670675391
gotham,time,all,cat_full__val_robust_minimax,cat_full,catboost,full,val_robust_minimax,congested_link,3582967,1929292,0.8185861047561979,0.8185863000520398,414.5648743212223,0.020719703286886215,1.0,0.9745227783041654,0.9929060194142232,0.9758486714299826,0.9843034527422254,0.9843763743590709,0.9828207829837674,0.6700227005158073,0.06546617333285042,0.8881459670675391
gotham,time,all,cat_full__val_robust_minimax,cat_full,catboost,full,val_robust_minimax,high_background,3582967,1929292,0.8185861047561979,0.8185863000520398,414.5648743212223,0.020305346697568893,1.0,0.9974405118561628,0.9968842829242798,0.9999987336097441,0.998439079531079,0.9953855021608237,1.0031241847612729,0.6700227005158073,0.06546617333285042,0.8881459670675391
gotham,time,all,cat_full__val_robust_minimax,cat_full,catboost,full,val_robust_minimax,delayed_collector,3582967,1929292,0.8185861047561979,0.8185863000520398,414.5648743212223,0.018543466925621033,1.0,0.8817255241819278,0.8737544799992033,1.0,0.9326242998491188,0.9994027582305416,1.1444862634648945,0.6700227005158073,0.06546617333285042,0.8881459670675391
gotham,time,all,cat_full__oracle_env_upper_bound,cat_full,catboost,full,oracle_env_upper_bound,observed,3582967,1929292,0.8185861047561979,0.8185863000520398,414.5648743212223,0.008342090994119644,1.0,0.9998019999046283,0.999764505391687,0.9999936680487206,0.9998790735897353,0.999627169391637,1.0002292166363156,0.6700227005158073,0.05847205234393459,0.8881459670675391
gotham,time,all,cat_full__oracle_env_upper_bound,cat_full,catboost,full,oracle_env_upper_bound,low_sampling,3582967,1929292,0.8185861047561979,0.8185863000520398,414.5648743212223,0.009135641157627106,1.0,0.8609329225436066,0.854783493983794,1.0,0.9217070313126936,0.8608789056072504,1.1698868860223441,0.6700227005158073,0.05847205234393459,0.8881459670675391
gotham,time,all,cat_full__oracle_env_upper_bound,cat_full,catboost,full,oracle_env_upper_bound,congested_link,3582967,1929292,0.8185861047561979,0.8185863000520398,414.5648743212223,0.0046558864414691925,1.0,0.9749763125540354,0.9934660662186083,0.9758486714299826,0.9845785666416873,0.9843763743590709,0.9822667372468169,0.6700227005158073,0.05847205234393459,0.8881459670675391
gotham,time,all,cat_full__oracle_env_upper_bound,cat_full,catboost,full,oracle_env_upper_bound,high_background,3582967,1929292,0.8185861047561979,0.8185863000520398,414.5648743212223,0.004985842853784561,1.0,0.9974949359661471,0.9969503592212968,0.9999987336097441,0.9984722197196509,0.9953855021608237,1.0030576992728386,0.6700227005158073,0.05847205234393459,0.8881459670675391
gotham,time,all,cat_full__oracle_env_upper_bound,cat_full,catboost,full,oracle_env_upper_bound,delayed_collector,3582967,1929292,0.8185861047561979,0.8185863000520398,414.5648743212223,0.004587586969137192,1.0,0.9978805696597508,0.9974175514295043,1.0,0.9987071062990072,0.9994027582305416,1.0025891348781606,0.6700227005158073,0.05847205234393459,0.8881459670675391
gotham,time,all,iforest_env_sensitive,iforest_env_sensitive,sklearn_anomaly,env_sensitive,native_default,observed,3582967,1929292,0.8185861047561979,0.8185863000520398,270.9169435277581,0.0006128959357738495,1.0,0.8185863000520398,0.8185863000520398,1.0,0.9002446571038345,0.9416039736078843,1.2216182947801926,0.8133858612033993,0.002734156851104001,1.0607496217946708
gotham,time,all,iforest_env_sensitive,iforest_env_sensitive,sklearn_anomaly,env_sensitive,native_default,low_sampling,3582967,1929292,0.8185861047561979,0.8185863000520398,270.9169435277581,0.0005194470286369324,1.0,0.8185863000520398,0.8185863000520398,1.0,0.9002446571038345,0.5484269305495302,1.2216182947801926,0.8133858612033993,0.002734156851104001,1.0607496217946708
gotham,time,all,iforest_env_sensitive,iforest_env_sensitive,sklearn_anomaly,env_sensitive,native_default,congested_link,3582967,1929292,0.8185861047561979,0.8185863000520398,270.9169435277581,0.0006594285368919373,1.0,0.8185863000520398,0.8185863000520398,1.0,0.9002446571038345,0.9345183246615754,1.2216182947801926,0.8133858612033993,0.002734156851104001,1.0607496217946708
gotham,time,all,iforest_env_sensitive,iforest_env_sensitive,sklearn_anomaly,env_sensitive,native_default,high_background,3582967,1929292,0.8185861047561979,0.8185863000520398,270.9169435277581,0.0005451999604701996,1.0,0.8131101979378964,0.8175873899726225,0.9933102934732779,0.8969230870386925,0.7409173398830434,1.2149285882534706,0.8133858612033993,0.002734156851104001,1.0607496217946708
gotham,time,all,iforest_env_sensitive,iforest_env_sensitive,sklearn_anomaly,env_sensitive,native_default,delayed_collector,3582967,1929292,0.8185861047561979,0.8185863000520398,270.9169435277581,0.0009164176881313324,1.0,0.8185863000520398,0.8185863000520398,1.0,0.9002446571038345,0.9162813472257548,1.2216182947801926,0.8133858612033993,0.002734156851104001,1.0607496217946708
gotham,time,all,iforest_env_sensitive__val_observed_f1,iforest_env_sensitive,sklearn_anomaly,env_sensitive,val_observed_f1,observed,3582967,1929292,0.8185861047561979,0.8185863000520398,270.9169435277581,0.01426464319229126,1.0,0.3755087358471398,0.9985833355524193,0.23744690658852194,0.3836645996412973,0.9416039736078843,0.23778376639658783,0.8133858612033993,0.14913586594121597,1.0607496217946708
gotham,time,all,iforest_env_sensitive__val_observed_f1,iforest_env_sensitive,sklearn_anomaly,env_sensitive,val_observed_f1,low_sampling,3582967,1929292,0.8185861047561979,0.8185863000520398,270.9169435277581,0.020168084651231766,1.0,0.32581174855853856,0.9996484708481896,0.1764613510357806,0.2999708300099996,0.5484269305495302,0.17652340415831905,0.8133858612033993,0.14913586594121597,1.0607496217946708
gotham,time,all,iforest_env_sensitive__val_observed_f1,iforest_env_sensitive,sklearn_anomaly,env_sensitive,val_observed_f1,congested_link,3582967,1929292,0.8185861047561979,0.8185863000520398,270.9169435277581,0.007703516632318497,1.0,0.37579796111734254,0.9989436376118227,0.237714748127642,0.3840407956585563,0.9345183246615754,0.23796612659343555,0.8133858612033993,0.14913586594121597,1.0607496217946708
gotham,time,all,iforest_env_sensitive__val_observed_f1,iforest_env_sensitive,sklearn_anomaly,env_sensitive,val_observed_f1,high_background,3582967,1929292,0.8185861047561979,0.8185863000520398,270.9169435277581,0.007738806307315826,1.0,0.614727060496804,0.9913010261051494,0.5340298057610625,0.6941239019917846,0.7409173398830434,0.5387160829029717,0.8133858612033993,0.14913586594121597,1.0607496217946708
gotham,time,all,iforest_env_sensitive__val_observed_f1,iforest_env_sensitive,sklearn_anomaly,env_sensitive,val_observed_f1,delayed_collector,3582967,1929292,0.8185861047561979,0.8185863000520398,270.9169435277581,0.007114209234714508,1.0,0.6112097080172415,0.9948131863935056,0.5277985325069715,0.6896846167402922,0.9162813472257548,0.5305503985330136,0.8133858612033993,0.14913586594121597,1.0607496217946708
gotham,time,all,iforest_env_sensitive__val_robust_minimax,iforest_env_sensitive,sklearn_anomaly,env_sensitive,val_robust_minimax,observed,3582967,1929292,0.8185861047561979,0.8185863000520398,270.9169435277581,0.006021939218044281,1.0,0.6822507945920058,0.968981788425006,0.6320648746400286,0.7650737067923222,0.9416039736078843,0.6522979917583323,0.8133858612033993,0.19246056017217048,1.0607496217946708
gotham,time,all,iforest_env_sensitive__val_robust_minimax,iforest_env_sensitive,sklearn_anomaly,env_sensitive,val_robust_minimax,low_sampling,3582967,1929292,0.8185861047561979,0.8185863000520398,270.9169435277581,0.006254501640796661,1.0,0.3940683940015301,0.8562517040945158,0.3121943250519853,0.4575597266219698,0.5484269305495302,0.364605785377245,0.8133858612033993,0.19246056017217048,1.0607496217946708
gotham,time,all,iforest_env_sensitive__val_robust_minimax,iforest_env_sensitive,sklearn_anomaly,env_sensitive,val_robust_minimax,congested_link,3582967,1929292,0.8185861047561979,0.8185863000520398,270.9169435277581,0.00566478818655014,1.0,0.6841520101674604,0.9717383712843021,0.6325511684982891,0.7662884123944466,0.9345183246615754,0.6509480197455568,0.8133858612033993,0.19246056017217048,1.0607496217946708
gotham,time,all,iforest_env_sensitive__val_robust_minimax,iforest_env_sensitive,sklearn_anomaly,env_sensitive,val_robust_minimax,high_background,3582967,1929292,0.8185861047561979,0.8185863000520398,270.9169435277581,0.008065231144428253,1.0,0.6372140660926392,0.8545797648425025,0.6709943443011173,0.75174085024999,0.7409173398830434,0.7851746225523842,0.8133858612033993,0.19246056017217048,1.0607496217946708
gotham,time,all,iforest_env_sensitive__val_robust_minimax,iforest_env_sensitive,sklearn_anomaly,env_sensitive,val_robust_minimax,delayed_collector,3582967,1929292,0.8185861047561979,0.8185863000520398,270.9169435277581,0.009071450680494308,1.0,0.9198011498518628,0.9661232681913934,0.9348062296269467,0.9502067811871759,0.9162813472257548,0.9675848418151931,0.8133858612033993,0.19246056017217048,1.0607496217946708
gotham,time,all,iforest_env_sensitive__oracle_env_upper_bound,iforest_env_sensitive,sklearn_anomaly,env_sensitive,oracle_env_upper_bound,observed,3582967,1929292,0.8185861047561979,0.8185863000520398,270.9169435277581,0.015229843556880951,1.0,0.9704103888887737,0.9681365569102965,0.996654830139075,0.9821887270463838,0.9416039736078843,1.0294568705470553,0.8133858612033993,0.0748342124343451,1.0607496217946708
gotham,time,all,iforest_env_sensitive__oracle_env_upper_bound,iforest_env_sensitive,sklearn_anomaly,env_sensitive,oracle_env_upper_bound,low_sampling,3582967,1929292,0.8185861047561979,0.8185863000520398,270.9169435277581,0.009592939168214798,1.0,0.8158485081573966,0.8180882635745137,0.996655463334203,0.8985865335046764,0.5484269305495302,1.2182737581143956,0.8133858612033993,0.0748342124343451,1.0607496217946708
gotham,time,all,iforest_env_sensitive__oracle_env_upper_bound,iforest_env_sensitive,sklearn_anomaly,env_sensitive,oracle_env_upper_bound,congested_link,3582967,1929292,0.8185861047561979,0.8185863000520398,270.9169435277581,0.008831929415464401,1.0,0.9254151263779666,0.9178405669187185,0.998242250324829,0.9563545215424784,0.9345183246615754,1.0875987467802029,0.8133858612033993,0.0748342124343451,1.0607496217946708
gotham,time,all,iforest_env_sensitive__oracle_env_upper_bound,iforest_env_sensitive,sklearn_anomaly,env_sensitive,oracle_env_upper_bound,high_background,3582967,1929292,0.8185861047561979,0.8185863000520398,270.9169435277581,0.01872709020972252,1.0,0.8364731725420517,0.8514774109612585,0.9693083989534551,0.9065802264820485,0.7409173398830434,1.1383841620169037,0.8133858612033993,0.0748342124343451,1.0607496217946708
gotham,time,all,iforest_env_sensitive__oracle_env_upper_bound,iforest_env_sensitive,sklearn_anomaly,env_sensitive,oracle_env_upper_bound,delayed_collector,3582967,1929292,0.8185861047561979,0.8185863000520398,270.9169435277581,0.004442799836397171,1.0,0.9222585279988721,0.9654446340415,0.9386250294435734,0.9518459491599865,0.9162813472257548,0.9722204633468668,0.8133858612033993,0.0748342124343451,1.0607496217946708
gotham,time,all,pyod_ecod_env_sensitive,pyod_ecod_env_sensitive,pyod_ecod,env_sensitive,native_default,observed,3582967,1929292,0.8185861047561979,0.8185863000520398,90.98227843642235,0.000501677393913269,1.0,0.29803005454850795,0.9860611219370979,0.14450335973334888,0.25206725902411786,0.5678666610119327,0.1465460472160943,0.7508195374489595,0.01840561171889381,0.4526327641451943
gotham,time,all,pyod_ecod_env_sensitive,pyod_ecod_env_sensitive,pyod_ecod,env_sensitive,native_default,low_sampling,3582967,1929292,0.8185861047561979,0.8185863000520398,90.98227843642235,0.000449448823928833,1.0,0.3469806540430376,0.9891699515159311,0.20449859810598672,0.3389280356555362,0.5708787563125032,0.20673757607839463,0.7508195374489595,0.01840561171889381,0.4526327641451943
gotham,time,all,pyod_ecod_env_sensitive,pyod_ecod_env_sensitive,pyod_ecod,env_sensitive,native_default,congested_link,3582967,1929292,0.8185861047561979,0.8185863000520398,90.98227843642235,0.0004310719668865204,1.0,0.32528305720440454,0.9144285381541934,0.19389827846908614,0.31995277326465255,0.4884082304548042,0.21204311805543244,0.7508195374489595,0.01840561171889381,0.4526327641451943
gotham,time,all,pyod_ecod_env_sensitive,pyod_ecod_env_sensitive,pyod_ecod,env_sensitive,native_default,high_background,3582967,1929292,0.8185861047561979,0.8185863000520398,90.98227843642235,0.00047594308853149414,1.0,0.30831413803612934,0.8965776412808252,0.17523801804859393,0.2931744605840777,0.43888486617330524,0.19545213931305927,0.7508195374489595,0.01840561171889381,0.4526327641451943
gotham,time,all,pyod_ecod_env_sensitive,pyod_ecod_env_sensitive,pyod_ecod,env_sensitive,native_default,delayed_collector,3582967,1929292,0.8185861047561979,0.8185863000520398,90.98227843642235,0.0004451945424079895,1.0,0.3010819513064896,0.9787970916511475,0.1494258186579809,0.25927067316856656,0.680132563512185,0.15266271215202762,0.7508195374489595,0.01840561171889381,0.4526327641451943
gotham,time,all,pyod_ecod_env_sensitive__val_observed_f1,pyod_ecod_env_sensitive,pyod_ecod,env_sensitive,val_observed_f1,observed,3582967,1929292,0.8185861047561979,0.8185863000520398,90.98227843642235,0.00435343012213707,1.0,0.7255806793372905,0.8021200782971689,0.8824650539608888,0.8403765706145276,0.5678666610119327,1.1001657704844956,0.7508195374489595,0.00872965871564112,0.4526327641451943
gotham,time,all,pyod_ecod_env_sensitive__val_observed_f1,pyod_ecod_env_sensitive,pyod_ecod,env_sensitive,val_observed_f1,low_sampling,3582967,1929292,0.8185861047561979,0.8185863000520398,90.98227843642235,0.004434250295162201,1.0,0.7265774180372904,0.8030137156791116,0.8824561892290976,0.8408627426373165,0.5708787563125032,1.098930406789878,0.7508195374489595,0.00872965871564112,0.4526327641451943
gotham,time,all,pyod_ecod_env_sensitive__val_observed_f1,pyod_ecod_env_sensitive,pyod_ecod,env_sensitive,val_observed_f1,congested_link,3582967,1929292,0.8185861047561979,0.8185863000520398,90.98227843642235,0.00438438355922699,1.0,0.6853768118045376,0.7926217657249002,0.8338033751833099,0.8126912046331617,0.4884082304548042,1.0519561930282684,0.7508195374489595,0.00872965871564112,0.4526327641451943
gotham,time,all,pyod_ecod_env_sensitive__val_observed_f1,pyod_ecod_env_sensitive,pyod_ecod,env_sensitive,val_observed_f1,high_background,3582967,1929292,0.8185861047561979,0.8185863000520398,90.98227843642235,0.0043485164642333984,1.0,0.717270376905103,0.798288215090298,0.8759469433138394,0.835316494677286,0.43888486617330524,1.0972815666767133,0.7508195374489595,0.00872965871564112,0.4526327641451943
gotham,time,all,pyod_ecod_env_sensitive__val_observed_f1,pyod_ecod_env_sensitive,pyod_ecod,env_sensitive,val_observed_f1,delayed_collector,3582967,1929292,0.8185861047561979,0.8185863000520398,90.98227843642235,0.004404745995998383,1.0,0.7359316267314642,0.8114458255726145,0.8824663203511447,0.8454672381687869,0.680132563512185,1.0875233965599775,0.7508195374489595,0.00872965871564112,0.4526327641451943
gotham,time,all,pyod_ecod_env_sensitive__val_robust_minimax,pyod_ecod_env_sensitive,pyod_ecod,env_sensitive,val_robust_minimax,observed,3582967,1929292,0.8185861047561979,0.8185863000520398,90.98227843642235,0.01811946928501129,1.0,0.7881601126216249,0.8128983764763619,0.9628213148676749,0.8815308942149129,0.5678666610119327,1.1844301117209484,0.7508195374489595,0.010341878851066546,0.4526327641451943
gotham,time,all,pyod_ecod_env_sensitive__val_robust_minimax,pyod_ecod_env_sensitive,pyod_ecod,env_sensitive,val_robust_minimax,low_sampling,3582967,1929292,0.8185861047561979,0.8185863000520398,90.98227843642235,0.008376114070415497,1.0,0.7847619748591711,0.8122490213004298,0.9586536245355514,0.8793995199296013,0.5708787563125032,1.1802459583154983,0.7508195374489595,0.010341878851066546,0.4526327641451943
gotham,time,all,pyod_ecod_env_sensitive__val_robust_minimax,pyod_ecod_env_sensitive,pyod_ecod,env_sensitive,val_robust_minimax,congested_link,3582967,1929292,0.8185861047561979,0.8185863000520398,90.98227843642235,0.017755582928657532,1.0,0.7575747994601129,0.8068255655078185,0.9254172122698019,0.8620619178775463,0.4884082304548042,1.146985484634887,0.7508195374489595,0.010341878851066546,0.4526327641451943
gotham,time,all,pyod_ecod_env_sensitive__val_robust_minimax,pyod_ecod_env_sensitive,pyod_ecod,env_sensitive,val_robust_minimax,high_background,3582967,1929292,0.8185861047561979,0.8185863000520398,90.98227843642235,0.013016864657402039,1.0,0.800162443010182,0.8152428174631888,0.977375938078582,0.888977325509572,0.43888486617330524,1.1988770917601053,0.7508195374489595,0.010341878851066546,0.4526327641451943
gotham,time,all,pyod_ecod_env_sensitive__val_robust_minimax,pyod_ecod_env_sensitive,pyod_ecod,env_sensitive,val_robust_minimax,delayed_collector,3582967,1929292,0.8185861047561979,0.8185863000520398,90.98227843642235,0.023950010538101196,1.0,0.8186319126394553,0.8186236395943612,1.0,0.9002672370155189,0.680132563512185,1.2215625736089337,0.7508195374489595,0.010341878851066546,0.4526327641451943
gotham,time,all,pyod_ecod_env_sensitive__oracle_env_upper_bound,pyod_ecod_env_sensitive,pyod_ecod,env_sensitive,oracle_env_upper_bound,observed,3582967,1929292,0.8185861047561979,0.8185863000520398,90.98227843642235,0.007699441164731979,1.0,0.7881601126216249,0.8128983764763619,0.9628213148676749,0.8815308942149129,0.5678666610119327,1.1844301117209484,0.7508195374489595,0.010400950437780452,0.4526327641451943
gotham,time,all,pyod_ecod_env_sensitive__oracle_env_upper_bound,pyod_ecod_env_sensitive,pyod_ecod,env_sensitive,oracle_env_upper_bound,low_sampling,3582967,1929292,0.8185861047561979,0.8185863000520398,90.98227843642235,0.008412260562181473,1.0,0.7847619748591711,0.8122490213004298,0.9586536245355514,0.8793995199296013,0.5708787563125032,1.1802459583154983,0.7508195374489595,0.010400950437780452,0.4526327641451943
gotham,time,all,pyod_ecod_env_sensitive__oracle_env_upper_bound,pyod_ecod_env_sensitive,pyod_ecod,env_sensitive,oracle_env_upper_bound,congested_link,3582967,1929292,0.8185861047561979,0.8185863000520398,90.98227843642235,0.008417975157499313,1.0,0.7575747994601129,0.8068255655078185,0.9254172122698019,0.8620619178775463,0.4884082304548042,1.146985484634887,0.7508195374489595,0.010400950437780452,0.4526327641451943
gotham,time,all,pyod_ecod_env_sensitive__oracle_env_upper_bound,pyod_ecod_env_sensitive,pyod_ecod,env_sensitive,oracle_env_upper_bound,high_background,3582967,1929292,0.8185861047561979,0.8185863000520398,90.98227843642235,0.008638963103294373,1.0,0.800162443010182,0.8152428174631888,0.977375938078582,0.888977325509572,0.43888486617330524,1.1988770917601053,0.7508195374489595,0.010400950437780452,0.4526327641451943
gotham,time,all,pyod_ecod_env_sensitive__oracle_env_upper_bound,pyod_ecod_env_sensitive,pyod_ecod,env_sensitive,oracle_env_upper_bound,delayed_collector,3582967,1929292,0.8185861047561979,0.8185863000520398,90.98227843642235,0.004798900336027145,1.0,0.8189517190762207,0.818885536405669,1.0,0.900425584804949,0.680132563512185,1.2211718922149926,0.7508195374489595,0.010400950437780452,0.4526327641451943
gotham,time,all,pyod_copod_env_sensitive,pyod_copod_env_sensitive,pyod_copod,env_sensitive,native_default,observed,3582967,1929292,0.8185861047561979,0.8185863000520398,84.9691050760448,0.009794585406780243,1.0,0.27995710343483515,0.998636165737336,0.12054705526273798,0.21512590038820723,0.47598423175158777,0.12071168599600328,0.7075573040731717,0.015530996520426308,0.3973644666062485
gotham,time,all,pyod_copod_env_sensitive,pyod_copod_env_sensitive,pyod_copod,env_sensitive,native_default,low_sampling,3582967,1929292,0.8185861047561979,0.8185863000520398,84.9691050760448,0.0004387497901916504,1.0,0.30795804885937433,0.9987660626366218,0.15478011665987038,0.26802416836939164,0.4863751235978799,0.15497134158850928,0.7075573040731717,0.015530996520426308,0.3973644666062485
gotham,time,all,pyod_copod_env_sensitive,pyod_copod_env_sensitive,pyod_copod,env_sensitive,native_default,congested_link,3582967,1929292,0.8185861047561979,0.8185863000520398,84.9691050760448,0.00042919814586639404,1.0,0.31275877368485433,0.8927620423384409,0.18235829726231753,0.3028545920017162,0.39158797928257905,0.20426304951839178,0.7075573040731717,0.015530996520426308,0.3973644666062485
gotham,time,all,pyod_copod_env_sensitive,pyod_copod_env_sensitive,pyod_copod,env_sensitive,native_default,high_background,3582967,1929292,0.8185861047561979,0.8185863000520398,84.9691050760448,0.0004051625728607178,1.0,0.2735469799283882,0.8591907336906003,0.13461285183487284,0.23275849799039375,0.36129862638809934,0.1566740032875491,0.7075573040731717,0.015530996520426308,0.3973644666062485
gotham,time,all,pyod_copod_env_sensitive,pyod_copod_env_sensitive,pyod_copod,env_sensitive,native_default,delayed_collector,3582967,1929292,0.8185861047561979,0.8185863000520398,84.9691050760448,0.0004306398332118988,1.0,0.2845230271000968,0.9987414130271273,0.12611917238863998,0.22395742561232165,0.5027176269058721,0.12627810436575376,0.7075573040731717,0.015530996520426308,0.3973644666062485
gotham,time,all,pyod_copod_env_sensitive__val_observed_f1,pyod_copod_env_sensitive,pyod_copod,env_sensitive,val_observed_f1,observed,3582967,1929292,0.8185861047561979,0.8185863000520398,84.9691050760448,0.004455585032701492,1.0,0.5578315775942677,0.7575708566353703,0.6762422655215121,0.7146000053528893,0.47598423175158777,0.8926455652279629,0.7075573040731717,0.008057443266976504,0.3973644666062485
gotham,time,all,pyod_copod_env_sensitive__val_observed_f1,pyod_copod_env_sensitive,pyod_copod,env_sensitive,val_observed_f1,low_sampling,3582967,1929292,0.8185861047561979,0.8185863000520398,84.9691050760448,0.005414046347141266,1.0,0.5667975609705529,0.759324287372486,0.6892601241569006,0.7225977974416335,0.4863751235978799,0.9077282731755749,0.7075573040731717,0.008057443266976504,0.3973644666062485
gotham,time,all,pyod_copod_env_sensitive__val_observed_f1,pyod_copod_env_sensitive,pyod_copod,env_sensitive,val_observed_f1,congested_link,3582967,1929292,0.8185861047561979,0.8185863000520398,84.9691050760448,0.004508554935455322,1.0,0.5125921840758164,0.7417520382480828,0.6206635631662796,0.6758267632387263,0.39158797928257905,0.8367534312843983,0.7075573040731717,0.008057443266976504,0.3973644666062485
gotham,time,all,pyod_copod_env_sensitive__val_observed_f1,pyod_copod_env_sensitive,pyod_copod,env_sensitive,val_observed_f1,high_background,3582967,1929292,0.8185861047561979,0.8185863000520398,84.9691050760448,0.005385451018810272,1.0,0.5967095701428295,0.7681394653053548,0.7266787902427163,0.7468341456415022,0.36129862638809934,0.9460245477087201,0.7075573040731717,0.008057443266976504,0.3973644666062485
gotham,time,all,pyod_copod_env_sensitive__val_observed_f1,pyod_copod_env_sensitive,pyod_copod,env_sensitive,val_observed_f1,delayed_collector,3582967,1929292,0.8185861047561979,0.8185863000520398,84.9691050760448,0.004303291440010071,1.0,0.5567975195045644,0.7581040520438412,0.6734650716903524,0.7132824972177169,0.5027176269058721,0.8883544018458904,0.7075573040731717,0.008057443266976504,0.3973644666062485
gotham,time,all,pyod_copod_env_sensitive__val_robust_minimax,pyod_copod_env_sensitive,pyod_copod,env_sensitive,val_robust_minimax,observed,3582967,1929292,0.8185861047561979,0.8185863000520398,84.9691050760448,0.011947251856327057,1.0,0.722511677859028,0.7993948640881949,0.8824669535462726,0.8388793217086576,0.47598423175158777,1.1039187180078163,0.7075573040731717,0.008618677941274126,0.3973644666062485
gotham,time,all,pyod_copod_env_sensitive__val_robust_minimax,pyod_copod_env_sensitive,pyod_copod,env_sensitive,val_robust_minimax,low_sampling,3582967,1929292,0.8185861047561979,0.8185863000520398,84.9691050760448,0.007510337978601456,1.0,0.7230056414477435,0.799529187561883,0.8830247984539907,0.8392052862168953,0.4863751235978799,1.1044309728663224,0.7075573040731717,0.008618677941274126,0.3973644666062485
gotham,time,all,pyod_copod_env_sensitive__val_robust_minimax,pyod_copod_env_sensitive,pyod_copod,env_sensitive,val_robust_minimax,congested_link,3582967,1929292,0.8185861047561979,0.8185863000520398,84.9691050760448,0.008540701121091843,1.0,0.7083728124099411,0.7962611331997524,0.8650939788208893,0.8292516234682586,0.39158797928257905,1.0864450652570898,0.7075573040731717,0.008618677941274126,0.3973644666062485
gotham,time,all,pyod_copod_env_sensitive__val_robust_minimax,pyod_copod_env_sensitive,pyod_copod,env_sensitive,val_robust_minimax,high_background,3582967,1929292,0.8185861047561979,0.8185863000520398,84.9691050760448,0.008049115538597107,1.0,0.7808517321380071,0.8115877601232458,0.9536849423665794,0.8769172322745077,0.36129862638809934,1.1750854180227597,0.7075573040731717,0.008618677941274126,0.3973644666062485
gotham,time,all,pyod_copod_env_sensitive__val_robust_minimax,pyod_copod_env_sensitive,pyod_copod,env_sensitive,val_robust_minimax,delayed_collector,3582967,1929292,0.8185861047561979,0.8185863000520398,84.9691050760448,0.008052777498960495,1.0,0.7225121961838851,0.7993953226121926,0.8824669535462726,0.8388795741777548,0.5027176269058721,1.1039180848126882,0.7075573040731717,0.008618677941274126,0.3973644666062485
gotham,time,all,pyod_copod_env_sensitive__oracle_env_upper_bound,pyod_copod_env_sensitive,pyod_copod,env_sensitive,oracle_env_upper_bound,observed,3582967,1929292,0.8185861047561979,0.8185863000520398,84.9691050760448,0.013176947832107544,1.0,0.722511677859028,0.7993948640881949,0.8824669535462726,0.8388793217086576,0.47598423175158777,1.1039187180078163,0.7075573040731717,0.008618677941274126,0.3973644666062485
gotham,time,all,pyod_copod_env_sensitive__oracle_env_upper_bound,pyod_copod_env_sensitive,pyod_copod,env_sensitive,oracle_env_upper_bound,low_sampling,3582967,1929292,0.8185861047561979,0.8185863000520398,84.9691050760448,0.01995159313082695,1.0,0.7230056414477435,0.799529187561883,0.8830247984539907,0.8392052862168953,0.4863751235978799,1.1044309728663224,0.7075573040731717,0.008618677941274126,0.3973644666062485
gotham,time,all,pyod_copod_env_sensitive__oracle_env_upper_bound,pyod_copod_env_sensitive,pyod_copod,env_sensitive,oracle_env_upper_bound,congested_link,3582967,1929292,0.8185861047561979,0.8185863000520398,84.9691050760448,0.009381286799907684,1.0,0.7083728124099411,0.7962611331997524,0.8650939788208893,0.8292516234682586,0.39158797928257905,1.0864450652570898,0.7075573040731717,0.008618677941274126,0.3973644666062485
gotham,time,all,pyod_copod_env_sensitive__oracle_env_upper_bound,pyod_copod_env_sensitive,pyod_copod,env_sensitive,oracle_env_upper_bound,high_background,3582967,1929292,0.8185861047561979,0.8185863000520398,84.9691050760448,0.006307076662778854,1.0,0.7808517321380071,0.8115877601232458,0.9536849423665794,0.8769172322745077,0.36129862638809934,1.1750854180227597,0.7075573040731717,0.008618677941274126,0.3973644666062485
gotham,time,all,pyod_copod_env_sensitive__oracle_env_upper_bound,pyod_copod_env_sensitive,pyod_copod,env_sensitive,oracle_env_upper_bound,delayed_collector,3582967,1929292,0.8185861047561979,0.8185863000520398,84.9691050760448,0.00501859188079834,1.0,0.7225121961838851,0.7993953226121926,0.8824669535462726,0.8388795741777548,0.5027176269058721,1.1039180848126882,0.7075573040731717,0.008618677941274126,0.3973644666062485
gotham,device,all,lr_full,lr_full,sklearn_linear,full,native_default,observed,3887826,1624433,0.852837807041776,0.7366102510845323,410.80204205587506,0.0007878318428993225,1.0,0.8999490899286089,0.9999690555761852,0.8642006261209085,0.9271407988394601,0.9999573665584256,0.8642273691388915,0.6810477601225365,0.11556352320497792,0.4623118252196089
gotham,device,all,lr_full,lr_full,sklearn_linear,full,native_default,low_sampling,3887826,1624433,0.852837807041776,0.7366102510845323,410.80204205587506,0.0005596689879894257,1.0,0.9086653620063123,0.9999666118783489,0.8760360830170135,0.9339078629272054,0.9999582233768379,0.8760653331929324,0.6810477601225365,0.11556352320497792,0.4623118252196089
gotham,device,all,lr_full,lr_full,sklearn_linear,full,native_default,congested_link,3887826,1624433,0.852837807041776,0.7366102510845323,410.80204205587506,0.0006009601056575775,1.0,0.8999589395192046,0.9999690560549565,0.8642139976299,0.9271484940615107,0.9999573645211767,0.864240740647883,0.6810477601225365,0.11556352320497792,0.4623118252196089
gotham,device,all,lr_full,lr_full,sklearn_linear,full,native_default,high_background,3887826,1624433,0.852837807041776,0.7366102510845323,410.80204205587506,0.0005787685513496399,1.0,0.8057734606474998,0.999964817824425,0.7363497786179543,0.8481456917305754,0.9999417425476006,0.7363756859166253,0.6810477601225365,0.11556352320497792,0.4623118252196089
gotham,device,all,lr_full,lr_full,sklearn_linear,full,native_default,delayed_collector,3887826,1624433,0.852837807041776,0.7366102510845323,410.80204205587506,0.0015040449798107147,1.0,0.6968566878412344,0.7635006384147556,0.8525423417189409,0.8055684535372584,0.8557717122610844,1.1166229585466507,0.6810477601225365,0.11556352320497792,0.4623118252196089
gotham,device,all,lr_full__val_observed_f1,lr_full,sklearn_linear,full,val_observed_f1,observed,3887826,1624433,0.852837807041776,0.7366102510845323,410.80204205587506,0.01740390807390213,1.0,0.9667988769004323,0.9999649958301282,0.9549605791200544,0.9769447632726954,0.9999573665584256,0.9549940078925332,0.6810477601225365,0.10920148596964808,0.4623118252196089
gotham,device,all,lr_full__val_observed_f1,lr_full,sklearn_linear,full,val_observed_f1,low_sampling,3887826,1624433,0.852837807041776,0.7366102510845323,410.80204205587506,0.01571158692240715,1.0,0.9720339343019996,0.9999617801088051,0.9620708790262867,0.9806504538064671,0.9999582233768379,0.9621076506760133,0.6810477601225365,0.10920148596964808,0.4623118252196089
gotham,device,all,lr_full__val_observed_f1,lr_full,sklearn_linear,full,val_observed_f1,congested_link,3887826,1624433,0.852837807041776,0.7366102510845323,410.80204205587506,0.01277153193950653,1.0,0.9669004508034496,0.9999650008837276,0.9550984728065293,0.9770169184341686,0.9999573645211767,0.9551319015790081,0.6810477601225365,0.10920148596964808,0.4623118252196089
gotham,device,all,lr_full__val_observed_f1,lr_full,sklearn_linear,full,val_observed_f1,high_background,3887826,1624433,0.852837807041776,0.7366102510845323,410.80204205587506,0.01607454940676689,1.0,0.9192579810924797,0.9999662126015734,0.8904171409373762,0.9420174531179545,0.9999417425476006,0.8904472268326071,0.6810477601225365,0.10920148596964808,0.4623118252196089
gotham,device,all,lr_full__val_observed_f1,lr_full,sklearn_linear,full,val_observed_f1,delayed_collector,3887826,1624433,0.852837807041776,0.7366102510845323,410.80204205587506,0.003713417798280716,1.0,0.7000097880306544,0.7621312289706639,0.8616817681146339,0.8088549433877007,0.8557717122610844,1.1306212570221315,0.6810477601225365,0.10920148596964808,0.4623118252196089
gotham,device,all,lr_full__val_robust_minimax,lr_full,sklearn_linear,full,val_robust_minimax,observed,3887826,1624433,0.852837807041776,0.7366102510845323,410.80204205587506,0.01024787500500679,1.0,0.9900094371389894,0.9998712572491909,0.9865641406214744,0.9931731267954248,0.9999573665584256,0.9866911699568935,0.6810477601225365,0.10842247655615411,0.4623118252196089
gotham,device,all,lr_full__val_robust_minimax,lr_full,sklearn_linear,full,val_robust_minimax,low_sampling,3887826,1624433,0.852837807041776,0.7366102510845323,410.80204205587506,0.006433628499507904,1.0,0.9994878212890282,0.9998578692765212,0.9994467538154765,0.999652269277322,0.9999582233768379,0.9995888260985113,0.6810477601225365,0.10842247655615411,0.4623118252196089
gotham,device,all,lr_full__val_robust_minimax,lr_full,sklearn_linear,full,val_robust_minimax,congested_link,3887826,1624433,0.852837807041776,0.7366102510845323,410.80204205587506,0.007075604051351547,1.0,0.9900094371389894,0.9998729508023156,0.9865624691828504,0.9931731153082657,0.9999573645211767,0.9866878270796458,0.6810477601225365,0.10842247655615411,0.4623118252196089
gotham,device,all,lr_full__val_robust_minimax,lr_full,sklearn_linear,full,val_robust_minimax,high_background,3887826,1624433,0.852837807041776,0.7366102510845323,410.80204205587506,0.007181260734796524,1.0,0.9891094307983155,0.999888902552273,0.9853247688818243,0.9925534122511964,0.9999417425476006,0.9854342481116922,0.6810477601225365,0.10842247655615411,0.4623118252196089
gotham,device,all,lr_full__val_robust_minimax,lr_full,sklearn_linear,full,val_robust_minimax,delayed_collector,3887826,1624433,0.852837807041776,0.7366102510845323,410.80204205587506,0.00644330307841301,1.0,0.7358918465704649,0.7616995393012326,0.9335051572238742,0.838896269754664,0.8557717122610844,1.2255556279845625,0.6810477601225365,0.10842247655615411,0.4623118252196089
gotham,device,all,lr_full__oracle_env_upper_bound,lr_full,sklearn_linear,full,oracle_env_upper_bound,observed,3887826,1624433,0.852837807041776,0.7366102510845323,410.80204205587506,0.01705845072865486,1.0,0.9900094371389894,0.9998712572491909,0.9865641406214744,0.9931731267954248,0.9999573665584256,0.9866911699568935,0.6810477601225365,0.07096927244025489,0.4623118252196089
gotham,device,all,lr_full__oracle_env_upper_bound,lr_full,sklearn_linear,full,oracle_env_upper_bound,low_sampling,3887826,1624433,0.852837807041776,0.7366102510845323,410.80204205587506,0.008778221905231476,1.0,0.9994878212890282,0.9998578692765212,0.9994467538154765,0.999652269277322,0.9999582233768379,0.9995888260985113,0.6810477601225365,0.07096927244025489,0.4623118252196089
gotham,device,all,lr_full__oracle_env_upper_bound,lr_full,sklearn_linear,full,oracle_env_upper_bound,congested_link,3887826,1624433,0.852837807041776,0.7366102510845323,410.80204205587506,0.00845935195684433,1.0,0.9900094371389894,0.9998729508023156,0.9865624691828504,0.9931731153082657,0.9999573645211767,0.9866878270796458,0.6810477601225365,0.07096927244025489,0.4623118252196089
gotham,device,all,lr_full__oracle_env_upper_bound,lr_full,sklearn_linear,full,oracle_env_upper_bound,high_background,3887826,1624433,0.852837807041776,0.7366102510845323,410.80204205587506,0.008515581488609314,1.0,0.9891094307983155,0.999888902552273,0.9853247688818243,0.9925534122511964,0.9999417425476006,0.9854342481116922,0.6810477601225365,0.07096927244025489,0.4623118252196089
gotham,device,all,lr_full__oracle_env_upper_bound,lr_full,sklearn_linear,full,oracle_env_upper_bound,delayed_collector,3887826,1624433,0.852837807041776,0.7366102510845323,410.80204205587506,0.004950534552335739,1.0,0.8037179742100782,0.9057235913360778,0.8187575528132819,0.8600477119549831,0.8557717122610844,0.9039817010899451,0.6810477601225365,0.07096927244025489,0.4623118252196089
gotham,device,all,rf_full,rf_full,sklearn_tree,full,native_default,observed,3887826,1624433,0.852837807041776,0.7366102510845323,1106.4294540807605,0.0006199032068252563,1.0,0.9952641937217478,1.0,0.9935708113330225,0.9967750387242685,1.0,0.9935708113330225,0.7471430656536389,0.06923595154328557,0.5688671175461029
gotham,device,all,rf_full,rf_full,sklearn_tree,full,native_default,low_sampling,3887826,1624433,0.852837807041776,0.7366102510845323,1106.4294540807605,0.0004638358950614929,1.0,0.9421287304554882,1.0,0.9214356989204178,0.9591116678410189,0.9999960077072076,0.9214356989204178,0.7471430656536389,0.06923595154328557,0.5688671175461029
gotham,device,all,rf_full,rf_full,sklearn_tree,full,native_default,congested_link,3887826,1624433,0.852837807041776,0.7366102510845323,1106.4294540807605,0.00047072768211364746,1.0,0.9025235266705367,1.0,0.8676688612655798,0.9291463591437996,0.9999999750236811,0.8676688612655798,0.7471430656536389,0.06923595154328557,0.5688671175461029
gotham,device,all,rf_full,rf_full,sklearn_tree,full,native_default,high_background,3887826,1624433,0.852837807041776,0.7366102510845323,1106.4294540807605,0.0004865005612373352,1.0,0.7933980656635269,1.0,0.7195234059907704,0.836887015883554,0.9999971164061419,0.7195234059907704,0.7471430656536389,0.06923595154328557,0.5688671175461029
gotham,device,all,rf_full,rf_full,sklearn_tree,full,native_default,delayed_collector,3887826,1624433,0.852837807041776,0.7366102510845323,1106.4294540807605,0.0005565956234931946,1.0,0.9999993844005878,0.9999991642813865,1.0,0.9999995821405187,0.9999999999882805,1.000000835719312,0.7471430656536389,0.06923595154328557,0.5688671175461029
gotham,device,all,rf_full__val_observed_f1,rf_full,sklearn_tree,full,val_observed_f1,observed,3887826,1624433,0.852837807041776,0.7366102510845323,1106.4294540807605,0.003544531762599945,1.0,0.7117935919794783,1.0,0.6087396182768471,0.7567907340143462,1.0,0.6087396182768471,0.7471430656536389,0.04435517322777041,0.5688671175461029
gotham,device,all,rf_full__val_observed_f1,rf_full,sklearn_tree,full,val_observed_f1,low_sampling,3887826,1624433,0.852837807041776,0.7366102510845323,1106.4294540807605,0.0044674500823020935,1.0,0.7656086769968352,1.0,0.6817973648098655,0.8107960912246354,0.9999960077072076,0.6817973648098655,0.7471430656536389,0.04435517322777041,0.5688671175461029
gotham,device,all,rf_full__val_observed_f1,rf_full,sklearn_tree,full,val_observed_f1,congested_link,3887826,1624433,0.852837807041776,0.7366102510845323,1106.4294540807605,0.0040694549679756165,1.0,0.7004499416103958,1.0,0.5933398185151942,0.744774983491114,0.9999999750236811,0.5933398185151942,0.7471430656536389,0.04435517322777041,0.5688671175461029
gotham,device,all,rf_full__val_observed_f1,rf_full,sklearn_tree,full,val_observed_f1,high_background,3887826,1624433,0.852837807041776,0.7366102510845323,1106.4294540807605,0.004059236496686935,1.0,0.5951479685527197,1.0,0.4503850158870241,0.6210558037399171,0.9999971164061419,0.4503850158870241,0.7471430656536389,0.04435517322777041,0.5688671175461029
gotham,device,all,rf_full__val_observed_f1,rf_full,sklearn_tree,full,val_observed_f1,delayed_collector,3887826,1624433,0.852837807041776,0.7366102510845323,1106.4294540807605,0.004293106496334076,1.0,0.7560237941484813,1.0,0.6687852151225081,0.8015234184267525,0.9999999999882805,0.6687852151225081,0.7471430656536389,0.04435517322777041,0.5688671175461029
gotham,device,all,rf_full__val_robust_minimax,rf_full,sklearn_tree,full,val_robust_minimax,observed,3887826,1624433,0.852837807041776,0.7366102510845323,1106.4294540807605,0.00952596589922905,1.0,0.9425553408481605,1.0,0.9220148524036124,0.9594253147945959,1.0,0.9220148524036124,0.7471430656536389,0.06575181361951501,0.5688671175461029
gotham,device,all,rf_full__val_robust_minimax,rf_full,sklearn_tree,full,val_robust_minimax,low_sampling,3887826,1624433,0.852837807041776,0.7366102510845323,1106.4294540807605,0.0154963918030262,1.0,0.8648913190017686,1.0,0.8165805040056027,0.8990303509313499,0.9999960077072076,0.8165805040056027,0.7471430656536389,0.06575181361951501,0.5688671175461029
gotham,device,all,rf_full__val_robust_minimax,rf_full,sklearn_tree,full,val_robust_minimax,congested_link,3887826,1624433,0.852837807041776,0.7366102510845323,1106.4294540807605,0.006561532616615295,1.0,0.8921408269839384,1.0,0.8535736193499106,0.921003202073277,0.9999999750236811,0.8535736193499106,0.7471430656536389,0.06575181361951501,0.5688671175461029
gotham,device,all,rf_full__val_robust_minimax,rf_full,sklearn_tree,full,val_robust_minimax,high_background,3887826,1624433,0.852837807041776,0.7366102510845323,1106.4294540807605,0.006277911365032196,1.0,0.7637304831901347,1.0,0.679247585189048,0.8089903968658427,0.9999971164061419,0.679247585189048,0.7471430656536389,0.06575181361951501,0.5688671175461029
gotham,device,all,rf_full__val_robust_minimax,rf_full,sklearn_tree,full,val_robust_minimax,delayed_collector,3887826,1624433,0.852837807041776,0.7366102510845323,1106.4294540807605,0.006162337958812714,1.0,0.9990181189375,1.0,0.9986670276974094,0.9993330693486617,0.9999999999882805,0.9986670276974094,0.7471430656536389,0.06575181361951501,0.5688671175461029
gotham,device,all,rf_full__oracle_env_upper_bound,rf_full,sklearn_tree,full,oracle_env_upper_bound,observed,3887826,1624433,0.852837807041776,0.7366102510845323,1106.4294540807605,0.008637994527816772,1.0,1.0,1.0,1.0,1.0,1.0,1.0,0.7471430656536389,3.187130737148308e-05,0.5688671175461029
gotham,device,all,rf_full__oracle_env_upper_bound,rf_full,sklearn_tree,full,oracle_env_upper_bound,low_sampling,3887826,1624433,0.852837807041776,0.7366102510845323,1106.4294540807605,0.007498838007450104,1.0,0.9998694929246081,0.9998228588903948,1.0,0.9999114215997593,0.9999960077072076,1.0001771724941375,0.7471430656536389,3.187130737148308e-05,0.5688671175461029
gotham,device,all,rf_full__oracle_env_upper_bound,rf_full,sklearn_tree,full,oracle_env_upper_bound,congested_link,3887826,1624433,0.852837807041776,0.7366102510845323,1106.4294540807605,0.006800983101129532,1.0,0.9999747604240987,0.9999740931559968,0.9999916428068804,0.9999828679044397,0.9999999750236811,1.0000175501055513,0.7471430656536389,3.187130737148308e-05,0.5688671175461029
gotham,device,all,rf_full__oracle_env_upper_bound,rf_full,sklearn_tree,full,oracle_env_upper_bound,high_background,3887826,1624433,0.852837807041776,0.7366102510845323,1106.4294540807605,0.015840008854866028,1.0,0.9999409024564263,0.9999214484242053,0.999998328561376,0.9999598870150925,0.9999971164061419,1.000076886176701,0.7471430656536389,3.187130737148308e-05,0.5688671175461029
gotham,device,all,rf_full__oracle_env_upper_bound,rf_full,sklearn_tree,full,oracle_env_upper_bound,delayed_collector,3887826,1624433,0.852837807041776,0.7366102510845323,1106.4294540807605,0.006609104573726654,1.0,0.9999993844005878,0.9999991642813865,1.0,0.9999995821405187,0.9999999999882805,1.000000835719312,0.7471430656536389,3.187130737148308e-05,0.5688671175461029
gotham,device,all,xgb_full,xgb_full,xgboost,full,native_default,observed,3887826,1624433,0.852837807041776,0.7366102510845323,978.7417880035937,0.019266564399003983,1.0,0.9958982611163403,0.9944895613341744,0.999972421262705,0.9972234549920929,0.9999986646488334,1.0055132403010596,0.4336722586774158,0.16688999790145526,0.6281705734410812
gotham,device,all,xgb_full,xgb_full,xgboost,full,native_default,low_sampling,3887826,1624433,0.852837807041776,0.7366102510845323,978.7417880035937,0.005169235169887543,1.0,0.9619122487661849,0.9508568522352062,0.999974928420641,0.9747975424436823,0.9999886138925286,1.0516566463921162,0.4336722586774158,0.16688999790145526,0.6281705734410812
gotham,device,all,xgb_full,xgb_full,xgboost,full,native_default,congested_link,3887826,1624433,0.852837807041776,0.7366102510845323,978.7417880035937,0.0097641721367836,1.0,0.9946055023506664,0.9945441600779406,0.9981522246012365,0.9963449258787006,0.9999372971671548,1.0036278575332573,0.4336722586774158,0.16688999790145526,0.6281705734410812
gotham,device,all,xgb_full,xgb_full,xgboost,full,native_default,high_background,3887826,1624433,0.852837807041776,0.7366102510845323,978.7417880035937,0.00905771553516388,1.0,0.6500600517226626,0.9978330960887939,0.5260744425334329,0.6889322041689194,0.9967540733676081,0.5272168708328946,0.4336722586774158,0.16688999790145526,0.6281705734410812
gotham,device,all,xgb_full,xgb_full,xgboost,full,native_default,delayed_collector,3887826,1624433,0.852837807041776,0.7366102510845323,978.7417880035937,0.003284115344285965,1.0,0.9938569334653999,0.9917562311073389,0.999972421262705,0.9958473796545323,0.999969006073867,1.0082844855395487,0.4336722586774158,0.16688999790145526,0.6281705734410812
gotham,device,all,xgb_full__val_observed_f1,xgb_full,xgboost,full,val_observed_f1,observed,3887826,1624433,0.852837807041776,0.7366102510845323,978.7417880035937,0.012044232338666916,1.0,0.9998688773251959,0.9999557029153332,0.999866284910085,0.9999109919136362,0.9999986646488334,0.9999105780336193,0.4336722586774158,0.1606305537935833,0.6281705734410812
gotham,device,all,xgb_full__val_observed_f1,xgb_full,xgboost,full,val_observed_f1,low_sampling,3887826,1624433,0.852837807041776,0.7366102510845323,978.7417880035937,0.009693756699562073,1.0,0.9998067017845611,0.9998696275694233,0.9998679563487088,0.9998687919583678,0.9999886138925286,0.999998328561376,0.4336722586774158,0.1606305537935833,0.6281705734410812
gotham,device,all,xgb_full__val_observed_f1,xgb_full,xgboost,full,val_observed_f1,congested_link,3887826,1624433,0.852837807041776,0.7366102510845323,978.7417880035937,0.008705541491508484,1.0,0.9985065558259405,0.999927992497823,0.9980444168099926,0.998985316789452,0.9999372971671548,0.9981162886708219,0.4336722586774158,0.1606305537935833,0.6281705734410812
gotham,device,all,xgb_full__val_observed_f1,xgb_full,xgboost,full,val_observed_f1,high_background,3887826,1624433,0.852837807041776,0.7366102510845323,978.7417880035937,0.01024695485830307,1.0,0.6507932306226234,0.9999221491907487,0.5259683061808129,0.6893382906631661,0.9967540733676081,0.5260092564270994,0.4336722586774158,0.1606305537935833,0.6281705734410812
gotham,device,all,xgb_full__val_observed_f1,xgb_full,xgboost,full,val_observed_f1,delayed_collector,3887826,1624433,0.852837807041776,0.7366102510845323,978.7417880035937,0.009375233203172684,1.0,0.9966819191681036,0.9998808192918316,0.9956141450507867,0.9977429207694002,0.999969006073867,0.9957328171930863,0.4336722586774158,0.1606305537935833,0.6281705734410812
gotham,device,all,xgb_full__val_robust_minimax,xgb_full,xgboost,full,val_robust_minimax,observed,3887826,1624433,0.852837807041776,0.7366102510845323,978.7417880035937,0.020407114177942276,1.0,0.9910091705844439,0.9879415016277527,1.0,0.9939341784643192,0.9999986646488334,1.0122056805513073,0.4336722586774158,0.06374049728740759,0.6281705734410812
gotham,device,all,xgb_full__val_robust_minimax,xgb_full,xgboost,full,val_robust_minimax,low_sampling,3887826,1624433,0.852837807041776,0.7366102510845323,978.7417880035937,0.01451287791132927,1.0,0.8425235143585484,0.8238688941767467,1.0,0.9034299524567774,0.9999886138925286,1.2137853571947912,0.4336722586774158,0.06374049728740759,0.6281705734410812
gotham,device,all,xgb_full__val_robust_minimax,xgb_full,xgboost,full,val_robust_minimax,congested_link,3887826,1624433,0.852837807041776,0.7366102510845323,978.7417880035937,0.012132223695516586,1.0,0.9910891985080332,0.988047552163455,1.0,0.9939878461038127,0.9999372971671548,1.0120970370407514,0.4336722586774158,0.06374049728740759,0.6281705734410812
gotham,device,all,xgb_full__val_robust_minimax,xgb_full,xgboost,full,val_robust_minimax,high_background,3887826,1624433,0.852837807041776,0.7366102510845323,978.7417880035937,0.012477315962314606,1.0,0.9412496544948299,0.9973172621983275,0.922724378099474,0.9585718676258393,0.9967540733676081,0.925206464456022,0.4336722586774158,0.06374049728740759,0.6281705734410812
gotham,device,all,xgb_full__val_robust_minimax,xgb_full,xgboost,full,val_robust_minimax,delayed_collector,3887826,1624433,0.852837807041776,0.7366102510845323,978.7417880035937,0.013583164662122726,1.0,0.9814175161425556,0.9753937200430403,1.0,0.9875436072782373,0.999969006073867,1.0252270231510965,0.4336722586774158,0.06374049728740759,0.6281705734410812
gotham,device,all,xgb_full__oracle_env_upper_bound,xgb_full,xgboost,full,oracle_env_upper_bound,observed,3887826,1624433,0.852837807041776,0.7366102510845323,978.7417880035937,0.013715893030166626,1.0,0.999882420512265,0.9999740899080192,0.999866284910085,0.9999201845033407,0.9999986646488334,0.999892192208756,0.4336722586774158,0.001158618491059821,0.6281705734410812
gotham,device,all,xgb_full__oracle_env_upper_bound,xgb_full,xgboost,full,oracle_env_upper_bound,low_sampling,3887826,1624433,0.852837807041776,0.7366102510845323,978.7417880035937,0.00985659658908844,1.0,0.999860874532837,0.9999473452828895,0.9998637777521491,0.9999055597714713,0.9999886138925286,0.9999164280688031,0.4336722586774158,0.001158618491059821,0.6281705734410812
gotham,device,all,xgb_full__oracle_env_upper_bound,xgb_full,xgboost,full,oracle_env_upper_bound,congested_link,3887826,1624433,0.852837807041776,0.7366102510845323,978.7417880035937,0.014494523406028748,1.0,0.9985330266006662,0.9999648322203848,0.9980435810906806,0.9990032829342212,0.9999372971671548,0.9980786813017832,0.4336722586774158,0.001158618491059821,0.6281705734410812
gotham,device,all,xgb_full__oracle_env_upper_bound,xgb_full,xgboost,full,oracle_env_upper_bound,high_background,3887826,1624433,0.852837807041776,0.7366102510845323,978.7417880035937,0.008508872240781784,1.0,0.9981655137515675,0.9975190613782214,0.9999966571227521,0.9987563227217334,0.9967540733676081,1.002483757795172,0.4336722586774158,0.001158618491059821,0.6281705734410812
gotham,device,all,xgb_full__oracle_env_upper_bound,xgb_full,xgboost,full,oracle_env_upper_bound,delayed_collector,3887826,1624433,0.852837807041776,0.7366102510845323,978.7417880035937,0.008468471467494965,1.0,0.997937741969044,0.997980074520226,0.9992227810398688,0.9986010411594571,0.999969006073867,1.0012452217748338,0.4336722586774158,0.001158618491059821,0.6281705734410812
gotham,device,all,lgbm_full,lgbm_full,lightgbm,full,native_default,observed,3887826,1624433,0.852837807041776,0.7366102510845323,385.50207091122866,0.0007721111178398132,1.0,0.491541356276313,0.9801895275286533,0.3161208583840197,0.4780619798910698,0.987772006075703,0.32250993252402277,0.5877999396427177,0.08866124139242106,0.7534437809923676
gotham,device,all,lgbm_full,lgbm_full,lightgbm,full,native_default,low_sampling,3887826,1624433,0.852837807041776,0.7366102510845323,385.50207091122866,0.0004488341510295868,1.0,0.4049148225873274,0.7182761069609701,0.31611918694539576,0.4390214461964861,0.7627762281905737,0.4401081755077413,0.5877999396427177,0.08866124139242106,0.7534437809923676
gotham,device,all,lgbm_full,lgbm_full,lightgbm,full,native_default,congested_link,3887826,1624433,0.852837807041776,0.7366102510845323,385.50207091122866,0.0004575401544570923,1.0,0.48031713219320216,0.9791054841306097,0.30091578122205564,0.46034905767723605,0.9634441593417516,0.3073374484152255,0.5877999396427177,0.08866124139242106,0.7534437809923676
gotham,device,all,lgbm_full,lgbm_full,lightgbm,full,native_default,high_background,3887826,1624433,0.852837807041776,0.7366102510845323,385.50207091122866,0.00043924152851104736,1.0,0.49552059087693984,0.9959569123120833,0.31641837445908066,0.48025754584332503,0.8636024215798175,0.317702875041577,0.5877999396427177,0.08866124139242106,0.7534437809923676
gotham,device,all,lgbm_full,lgbm_full,lightgbm,full,native_default,delayed_collector,3887826,1624433,0.852837807041776,0.7366102510845323,385.50207091122866,0.0004579126834869385,1.0,0.31745045809830263,0.9277128384960063,0.07959307155261605,0.14660792436158537,0.9837097435860139,0.08579494456673804,0.5877999396427177,0.08866124139242106,0.7534437809923676
gotham,device,all,lgbm_full__val_observed_f1,lgbm_full,lightgbm,full,val_observed_f1,observed,3887826,1624433,0.852837807041776,0.7366102510845323,385.50207091122866,0.00407617911696434,1.0,0.9950567367198278,0.9936314144788758,0.9996966338897553,0.9966547966799586,0.987772006075703,1.0061040938546215,0.5877999396427177,0.3191912555793671,0.7534437809923676
gotham,device,all,lgbm_full__val_observed_f1,lgbm_full,lightgbm,full,val_observed_f1,low_sampling,3887826,1624433,0.852837807041776,0.7366102510845323,385.50207091122866,0.00410967692732811,1.0,0.6917773770909603,0.8505159364576628,0.7055760863933196,0.771295909301651,0.7627762281905737,0.8295859679384643,0.5877999396427177,0.3191912555793671,0.7534437809923676
gotham,device,all,lgbm_full__val_observed_f1,lgbm_full,lightgbm,full,val_observed_f1,congested_link,3887826,1624433,0.852837807041776,0.7366102510845323,385.50207091122866,0.004174374043941498,1.0,0.9028264015813517,0.9926897339427435,0.8745200881851019,0.9298656245057111,0.9634441593417516,0.8809601412031349,0.5877999396427177,0.3191912555793671,0.7534437809923676
gotham,device,all,lgbm_full__val_observed_f1,lgbm_full,lightgbm,full,val_observed_f1,high_background,3887826,1624433,0.852837807041776,0.7366102510845323,385.50207091122866,0.0036623328924179077,1.0,0.6497374776306564,0.9975281982007693,0.5257969837218592,0.6886216075407927,0.8636024215798175,0.5270998701292189,0.5877999396427177,0.3191912555793671,0.7534437809923676
gotham,device,all,lgbm_full__val_observed_f1,lgbm_full,lightgbm,full,val_observed_f1,delayed_collector,3887826,1624433,0.852837807041776,0.7366102510845323,385.50207091122866,0.0038885287940502167,1.0,0.3188909607229107,0.9287521400038045,0.08160715509446136,0.150031420112252,0.9837097435860139,0.08786752846042117,0.5877999396427177,0.3191912555793671,0.7534437809923676
gotham,device,all,lgbm_full__val_robust_minimax,lgbm_full,lightgbm,full,val_robust_minimax,observed,3887826,1624433,0.852837807041776,0.7366102510845323,385.50207091122866,0.02049194648861885,1.0,0.9932905820061523,0.9909753376691244,0.999998328561376,0.995466387248481,0.987772006075703,1.0091051619039022,0.5877999396427177,0.19552205827514446,0.7534437809923676
gotham,device,all,lgbm_full__val_robust_minimax,lgbm_full,lightgbm,full,val_robust_minimax,low_sampling,3887826,1624433,0.852837807041776,0.7366102510845323,385.50207091122866,0.008110880851745605,1.0,0.8709611292063139,0.8509344774201439,0.999999164280688,0.919464368799133,0.7627762281905737,1.1751776321397591,0.5877999396427177,0.19552205827514446,0.7534437809923676
gotham,device,all,lgbm_full__val_robust_minimax,lgbm_full,lightgbm,full,val_robust_minimax,congested_link,3887826,1624433,0.852837807041776,0.7366102510845323,385.50207091122866,0.008256327360868454,1.0,0.9302716701766093,0.9900879014490394,0.9144942143152033,0.9507908848291481,0.9634441593417516,0.9236495193778237,0.5877999396427177,0.19552205827514446,0.7534437809923676
gotham,device,all,lgbm_full__val_robust_minimax,lgbm_full,lightgbm,full,val_robust_minimax,high_background,3887826,1624433,0.852837807041776,0.7366102510845323,385.50207091122866,0.008456002920866013,1.0,0.6495294050293241,0.9964306517582404,0.5260961712355442,0.6886162435693103,0.8636024215798175,0.5279807182840343,0.5877999396427177,0.19552205827514446,0.7534437809923676
gotham,device,all,lgbm_full__val_robust_minimax,lgbm_full,lightgbm,full,val_robust_minimax,delayed_collector,3887826,1624433,0.852837807041776,0.7366102510845323,385.50207091122866,0.00785043090581894,1.0,0.9703595039007457,0.9933686239164299,0.9662110324977812,0.9796016412229102,0.9837097435860139,0.972661114147558,0.5877999396427177,0.19552205827514446,0.7534437809923676
gotham,device,all,lgbm_full__oracle_env_upper_bound,lgbm_full,lightgbm,full,oracle_env_upper_bound,observed,3887826,1624433,0.852837807041776,0.7366102510845323,385.50207091122866,0.0073715075850486755,1.0,0.995076435901019,0.9934627117996682,0.9998955350860039,0.9966687436690302,0.987772006075703,1.0064751532291358,0.5877999396427177,0.1820460123534898,0.7534437809923676
gotham,device,all,lgbm_full__oracle_env_upper_bound,lgbm_full,lightgbm,full,oracle_env_upper_bound,low_sampling,3887826,1624433,0.852837807041776,0.7366102510845323,385.50207091122866,0.0066848620772361755,1.0,0.90825537279777,0.8895858390439362,0.9995077613252502,0.9413487508672757,0.7627762281905737,1.1235652788711772,0.5877999396427177,0.1820460123534898,0.7534437809923676
gotham,device,all,lgbm_full__oracle_env_upper_bound,lgbm_full,lightgbm,full,oracle_env_upper_bound,congested_link,3887826,1624433,0.852837807041776,0.7366102510845323,385.50207091122866,0.006515782326459885,1.0,0.9319165518060764,0.9928047172302881,0.9141975339594542,0.9518810202022532,0.9634441593417516,0.9208231166647445,0.5877999396427177,0.1820460123534898,0.7534437809923676
gotham,device,all,lgbm_full__oracle_env_upper_bound,lgbm_full,lightgbm,full,oracle_env_upper_bound,high_background,3887826,1624433,0.852837807041776,0.7366102510845323,385.50207091122866,0.0066532231867313385,1.0,0.6498452075277958,0.9974311147313922,0.5259950491987959,0.6887683048741319,0.8636024215798175,0.5273497502034976,0.5877999396427177,0.1820460123534898,0.7534437809923676
gotham,device,all,lgbm_full__oracle_env_upper_bound,lgbm_full,lightgbm,full,oracle_env_upper_bound,delayed_collector,3887826,1624433,0.852837807041776,0.7366102510845323,385.50207091122866,0.0037908293306827545,1.0,0.9703595039007457,0.9933686239164299,0.9662110324977812,0.9796016412229102,0.9837097435860139,0.972661114147558,0.5877999396427177,0.1820460123534898,0.7534437809923676
gotham,device,all,cat_full,cat_full,catboost,full,native_default,observed,3887826,1624433,0.852837807041776,0.7366102510845323,440.99600803107023,0.0004969201982021332,1.0,0.9987614139826019,0.9983213553303643,1.0,0.9991599726114331,0.9998793095593974,1.0016814672556817,0.6757315886392913,0.11655843902320186,0.5665564459635242
gotham,device,all,cat_full,cat_full,catboost,full,native_default,low_sampling,3887826,1624433,0.852837807041776,0.7366102510845323,440.99600803107023,0.0004044286906719208,1.0,0.7777316762217955,0.999588616147773,0.6985426726637884,0.8223808230715042,0.966806671285129,0.6988301601071057,0.6757315886392913,0.11655843902320186,0.5665564459635242
gotham,device,all,cat_full,cat_full,catboost,full,native_default,congested_link,3887826,1624433,0.852837807041776,0.7366102510845323,440.99600803107023,0.00040153414011001587,1.0,0.9447819639221808,0.9981476014228725,0.9267575594990364,0.9611287391129875,0.9988324873859327,0.9284774698430687,0.6757315886392913,0.11655843902320186,0.5665564459635242
gotham,device,all,cat_full,cat_full,catboost,full,native_default,high_background,3887826,1624433,0.852837807041776,0.7366102510845323,440.99600803107023,0.000416390597820282,1.0,0.6704351610685082,0.9990505316419009,0.5531183194687499,0.7120271106210161,0.9977323836612013,0.5536439869159785,0.6757315886392913,0.11655843902320186,0.5665564459635242
gotham,device,all,cat_full,cat_full,catboost,full,native_default,delayed_collector,3887826,1624433,0.852837807041776,0.7366102510845323,440.99600803107023,0.00039527565240859985,1.0,0.9518201120021571,0.9972122901103435,0.9372124080917686,0.966281843549305,0.9988964667661147,0.9398323881347915,0.6757315886392913,0.11655843902320186,0.5665564459635242
gotham,device,all,cat_full__val_observed_f1,cat_full,catboost,full,val_observed_f1,observed,3887826,1624433,0.852837807041776,0.7366102510845323,440.99600803107023,0.004299815744161606,1.0,0.999817166974569,0.9998713004090808,0.9998804921383885,0.9998758962526101,0.9998793095593974,1.0000091929124317,0.6757315886392913,0.16990541789834968,0.5665564459635242
gotham,device,all,cat_full__val_observed_f1,cat_full,catboost,full,val_observed_f1,low_sampling,3887826,1624433,0.852837807041776,0.7366102510845323,440.99600803107023,0.0033739134669303894,1.0,0.7244343103101205,0.9997944594818243,0.6260289794028618,0.7699486796812446,0.966806671285129,0.6261576801769051,0.6757315886392913,0.16990541789834968,0.5665564459635242
gotham,device,all,cat_full__val_observed_f1,cat_full,catboost,full,val_observed_f1,congested_link,3887826,1624433,0.852837807041776,0.7366102510845323,440.99600803107023,0.004166550934314728,1.0,0.8802117415738292,0.9998453550647712,0.8375085870159305,0.911505455074652,0.9988324873859327,0.8376381235092857,0.6757315886392913,0.16990541789834968,0.5665564459635242
gotham,device,all,cat_full__val_observed_f1,cat_full,catboost,full,val_observed_f1,high_background,3887826,1624433,0.852837807041776,0.7366102510845323,440.99600803107023,0.003315594047307968,1.0,0.5859010497816777,0.9997062223629641,0.43796037687598094,0.6090865770173991,0.9977323836612013,0.43808907765002414,0.6757315886392913,0.16990541789834968,0.5665564459635242
gotham,device,all,cat_full__val_observed_f1,cat_full,catboost,full,val_observed_f1,delayed_collector,3887826,1624433,0.852837807041776,0.7366102510845323,440.99600803107023,0.004253961145877838,1.0,0.778382364800518,0.9998434574162348,0.6992480197630903,0.8229557584880941,0.9988964667661147,0.6993574989929582,0.6757315886392913,0.16990541789834968,0.5665564459635242
gotham,device,all,cat_full__val_robust_minimax,cat_full,catboost,full,val_robust_minimax,observed,3887826,1624433,0.852837807041776,0.7366102510845323,440.99600803107023,0.008949868381023407,1.0,0.9933244399738247,0.9910188517978032,1.0,0.9954891696810971,0.9998793095593974,1.0090625402189919,0.6757315886392913,0.06017666851005193,0.5665564459635242
gotham,device,all,cat_full__val_robust_minimax,cat_full,catboost,full,val_robust_minimax,low_sampling,3887826,1624433,0.852837807041776,0.7366102510845323,440.99600803107023,0.0065467990934848785,1.0,0.8857656794709292,0.8657400842172284,1.0,0.9280393250279015,0.966806671285129,1.1550810898448403,0.6757315886392913,0.06017666851005193,0.5665564459635242
gotham,device,all,cat_full__val_robust_minimax,cat_full,catboost,full,val_robust_minimax,congested_link,3887826,1624433,0.852837807041776,0.7366102510845323,440.99600803107023,0.00609082356095314,1.0,0.9919307229045458,0.9910036095091898,0.9981062600390782,0.9945422538143434,0.9988324873859327,1.0071671288194461,0.6757315886392913,0.06017666851005193,0.5665564459635242
gotham,device,all,cat_full__val_robust_minimax,cat_full,catboost,full,val_robust_minimax,high_background,3887826,1624433,0.852837807041776,0.7366102510845323,440.99600803107023,0.005863659083843231,1.0,0.9054901002380523,0.997639306219388,0.8737637622077699,0.9316016289972561,0.9977323836612013,0.8758313317855811,0.6757315886392913,0.06017666851005193,0.5665564459635242
gotham,device,all,cat_full__val_robust_minimax,cat_full,catboost,full,val_robust_minimax,delayed_collector,3887826,1624433,0.852837807041776,0.7366102510845323,440.99600803107023,0.006164781749248505,1.0,0.9847614521497655,0.9797318983925694,1.0,0.9897621987987933,0.9988964667661147,1.0206873958484808,0.6757315886392913,0.06017666851005193,0.5665564459635242
gotham,device,all,cat_full__oracle_env_upper_bound,cat_full,catboost,full,oracle_env_upper_bound,observed,3887826,1624433,0.852837807041776,0.7366102510845323,440.99600803107023,0.005913283675909042,1.0,0.9998270165651646,0.9998462388262006,0.999918935226739,0.999882585705123,0.9998793095593974,1.0000727075801412,0.6757315886392913,0.042640691408015796,0.5665564459635242
gotham,device,all,cat_full__oracle_env_upper_bound,cat_full,catboost,full,oracle_env_upper_bound,low_sampling,3887826,1624433,0.852837807041776,0.7366102510845323,440.99600803107023,0.006073061376810074,1.0,0.9516280449855427,0.9383782783372322,1.0,0.968209651154558,0.966806671285129,1.0656683163765885,0.6757315886392913,0.042640691408015796,0.5665564459635242
gotham,device,all,cat_full__oracle_env_upper_bound,cat_full,catboost,full,oracle_env_upper_bound,congested_link,3887826,1624433,0.852837807041776,0.7366102510845323,440.99600803107023,0.006335224956274033,1.0,0.9919307229045458,0.9910036095091898,0.9981062600390782,0.9945422538143434,0.9988324873859327,1.0071671288194461,0.6757315886392913,0.042640691408015796,0.5665564459635242
gotham,device,all,cat_full__oracle_env_upper_bound,cat_full,catboost,full,oracle_env_upper_bound,high_background,3887826,1624433,0.852837807041776,0.7366102510845323,440.99600803107023,0.0033785365521907806,1.0,0.9054901002380523,0.997639306219388,0.8737637622077699,0.9316016289972561,0.9977323836612013,0.8758313317855811,0.6757315886392913,0.042640691408015796,0.5665564459635242
gotham,device,all,cat_full__oracle_env_upper_bound,cat_full,catboost,full,oracle_env_upper_bound,delayed_collector,3887826,1624433,0.852837807041776,0.7366102510845323,440.99600803107023,0.0034174323081970215,1.0,0.9952408009440833,0.9935805298491661,1.0,0.9967799293508752,0.9988964667661147,1.0064609460008325,0.6757315886392913,0.042640691408015796,0.5665564459635242
gotham,device,all,iforest_env_sensitive,iforest_env_sensitive,sklearn_anomaly,env_sensitive,native_default,observed,3887826,1624433,0.852837807041776,0.7366102510845323,233.08934106305242,0.011232525110244751,1.0,0.9386019614228472,0.923060901280634,1.0,0.9599913353403787,0.9652134633850005,1.0833521370178527,0.7517384769755759,0.15267516025027342,0.7347920832511141
gotham,device,all,iforest_env_sensitive,iforest_env_sensitive,sklearn_anomaly,env_sensitive,native_default,low_sampling,3887826,1624433,0.852837807041776,0.7366102510845323,233.08934106305242,0.0003876537084579468,1.0,0.7992388728867241,0.7858254137231504,1.0,0.8800696951499133,0.9446132323054329,1.2725472891772678,0.7517384769755759,0.15267516025027342,0.7347920832511141
gotham,device,all,iforest_env_sensitive,iforest_env_sensitive,sklearn_anomaly,env_sensitive,native_default,congested_link,3887826,1624433,0.852837807041776,0.7366102510845323,233.08934106305242,0.000374622642993927,1.0,0.9384326715844852,0.9228651242570874,1.0,0.9598854465818479,0.9645281780485173,1.083581959828644,0.7517384769755759,0.15267516025027342,0.7347920832511141
gotham,device,all,iforest_env_sensitive,iforest_env_sensitive,sklearn_anomaly,env_sensitive,native_default,high_background,3887826,1624433,0.852837807041776,0.7366102510845323,233.08934106305242,0.00044649839401245117,1.0,0.6692858369658828,0.9118169133546273,0.6100291331752152,0.731000198786949,0.859761889082341,0.6690259022843552,0.7517384769755759,0.15267516025027342,0.7347920832511141
gotham,device,all,iforest_env_sensitive,iforest_env_sensitive,sklearn_anomaly,env_sensitive,native_default,delayed_collector,3887826,1624433,0.852837807041776,0.7366102510845323,233.08934106305242,0.0004158392548561096,1.0,0.8238062142298267,0.8069752338329998,1.0,0.8931779680468828,0.9657301802859958,1.2391954028752088,0.7517384769755759,0.15267516025027342,0.7347920832511141
gotham,device,all,iforest_env_sensitive__val_observed_f1,iforest_env_sensitive,sklearn_anomaly,env_sensitive,val_observed_f1,observed,3887826,1624433,0.852837807041776,0.7366102510845323,233.08934106305242,0.0035552307963371277,1.0,0.6983950707723864,0.9691303683934487,0.6099798257358091,0.7487127566216292,0.9652134633850005,0.6294094640197765,0.7517384769755759,0.14789258284316328,0.7347920832511141
gotham,device,all,iforest_env_sensitive__val_observed_f1,iforest_env_sensitive,sklearn_anomaly,env_sensitive,val_observed_f1,low_sampling,3887826,1624433,0.852837807041776,0.7366102510845323,233.08934106305242,0.003094080835580826,1.0,0.5592535980246646,0.9672413558438832,0.4157360932127892,0.5815237880366899,0.9446132323054329,0.429816292180843,0.7517384769755759,0.14789258284316328,0.7347920832511141
gotham,device,all,iforest_env_sensitive__val_observed_f1,iforest_env_sensitive,sklearn_anomaly,env_sensitive,val_observed_f1,congested_link,3887826,1624433,0.852837807041776,0.7366102510845323,233.08934106305242,0.003305278718471527,1.0,0.7080267391760694,0.9692263916336323,0.6234198637108946,0.758781158024989,0.9645281780485173,0.6432138756148805,0.7517384769755759,0.14789258284316328,0.7347920832511141
gotham,device,all,iforest_env_sensitive__val_observed_f1,iforest_env_sensitive,sklearn_anomaly,env_sensitive,val_observed_f1,high_background,3887826,1624433,0.852837807041776,0.7366102510845323,233.08934106305242,0.0033187493681907654,1.0,0.5715625082721171,0.9662438297476017,0.43351100725905795,0.5985010014860761,0.859761889082341,0.44865591263056026,0.7517384769755759,0.14789258284316328,0.7347920832511141
gotham,device,all,iforest_env_sensitive__val_observed_f1,iforest_env_sensitive,sklearn_anomaly,env_sensitive,val_observed_f1,delayed_collector,3887826,1624433,0.852837807041776,0.7366102510845323,233.08934106305242,0.0032523274421691895,1.0,0.958426724894163,0.9764621878315385,0.9668679078769888,0.9716413642278819,0.9657301802859958,0.9901744480491804,0.7517384769755759,0.14789258284316328,0.7347920832511141
gotham,device,all,iforest_env_sensitive__val_robust_minimax,iforest_env_sensitive,sklearn_anomaly,env_sensitive,val_robust_minimax,observed,3887826,1624433,0.852837807041776,0.7366102510845323,233.08934106305242,0.009801380336284637,1.0,0.8768524155813135,0.8567648012808075,1.0,0.9228576507803314,0.9652134633850005,1.1671814697628395,0.7517384769755759,0.009303442792397674,0.7347920832511141
gotham,device,all,iforest_env_sensitive__val_robust_minimax,iforest_env_sensitive,sklearn_anomaly,env_sensitive,val_robust_minimax,low_sampling,3887826,1624433,0.852837807041776,0.7366102510845323,233.08934106305242,0.006178978830575943,1.0,0.7992388728867241,0.7858254137231504,1.0,0.8800696951499133,0.9446132323054329,1.2725472891772678,0.7517384769755759,0.009303442792397674,0.7347920832511141
gotham,device,all,iforest_env_sensitive__val_robust_minimax,iforest_env_sensitive,sklearn_anomaly,env_sensitive,val_robust_minimax,congested_link,3887826,1624433,0.852837807041776,0.7366102510845323,233.08934106305242,0.0063319094479084015,1.0,0.8622885646868784,0.8424934009351697,1.0,0.9145144297478153,0.9645281780485173,1.1869529172454023,0.7517384769755759,0.009303442792397674,0.7347920832511141
gotham,device,all,iforest_env_sensitive__val_robust_minimax,iforest_env_sensitive,sklearn_anomaly,env_sensitive,val_robust_minimax,high_background,3887826,1624433,0.852837807041776,0.7366102510845323,233.08934106305242,0.0064291395246982574,1.0,0.884649597736564,0.8672703439009602,0.9958046890539156,0.9271036966924945,0.859761889082341,1.1482056270652714,0.7517384769755759,0.009303442792397674,0.7347920832511141
gotham,device,all,iforest_env_sensitive__val_robust_minimax,iforest_env_sensitive,sklearn_anomaly,env_sensitive,val_robust_minimax,delayed_collector,3887826,1624433,0.852837807041776,0.7366102510845323,233.08934106305242,0.006582725793123245,1.0,0.8339906909056883,0.8160805322439292,1.0,0.8987272510824055,0.9657301802859958,1.2253692625779935,0.7517384769755759,0.009303442792397674,0.7347920832511141
gotham,device,all,iforest_env_sensitive__oracle_env_upper_bound,iforest_env_sensitive,sklearn_anomaly,env_sensitive,oracle_env_upper_bound,observed,3887826,1624433,0.852837807041776,0.7366102510845323,233.08934106305242,0.006010241806507111,1.0,0.9794962303769993,0.976803876513597,0.9958122105277233,0.9862164603777551,0.9652134633850005,1.0194597241791983,0.7517384769755759,0.013908990056150632,0.7347920832511141
gotham,device,all,iforest_env_sensitive__oracle_env_upper_bound,iforest_env_sensitive,sklearn_anomaly,env_sensitive,oracle_env_upper_bound,low_sampling,3887826,1624433,0.852837807041776,0.7366102510845323,233.08934106305242,0.006016869097948074,1.0,0.9509527324303311,0.9479555036481362,0.9876380399373544,0.9673899963900365,0.9446132323054329,1.0418611803365274,0.7517384769755759,0.013908990056150632,0.7347920832511141
gotham,device,all,iforest_env_sensitive__oracle_env_upper_bound,iforest_env_sensitive,sklearn_anomaly,env_sensitive,oracle_env_upper_bound,congested_link,3887826,1624433,0.852837807041776,0.7366102510845323,233.08934106305242,0.006207659840583801,1.0,0.9789206449265683,0.9760619867002845,0.9958055247732276,0.9858349135748538,0.9645281780485173,1.0202277502268977,0.7517384769755759,0.013908990056150632,0.7347920832511141
gotham,device,all,iforest_env_sensitive__oracle_env_upper_bound,iforest_env_sensitive,sklearn_anomaly,env_sensitive,oracle_env_upper_bound,high_background,3887826,1624433,0.852837807041776,0.7366102510845323,233.08934106305242,0.0033296681940555573,1.0,0.902292676890952,0.885747141987418,0.9958046890539156,0.9375571193476189,0.859761889082341,1.1242539115842396,0.7517384769755759,0.013908990056150632,0.7347920832511141
gotham,device,all,iforest_env_sensitive__oracle_env_upper_bound,iforest_env_sensitive,sklearn_anomaly,env_sensitive,oracle_env_upper_bound,delayed_collector,3887826,1624433,0.852837807041776,0.7366102510845323,233.08934106305242,0.003313947468996048,1.0,0.9668899856134417,0.9680588150969671,0.9876380399373544,0.9777504199848677,0.9657301802859958,1.0202252430689618,0.7517384769755759,0.013908990056150632,0.7347920832511141
gotham,device,all,pyod_ecod_env_sensitive,pyod_ecod_env_sensitive,pyod_ecod,env_sensitive,native_default,observed,3887826,1624433,0.852837807041776,0.7366102510845323,74.78170102834702,0.0004211254417896271,1.0,0.44923305547227865,0.8370331171962917,0.3132919485130046,0.4559332732520168,0.4143461094727727,0.37428859393568636,0.6172330163574832,0.00847439184096251,0.23727016416499053
gotham,device,all,pyod_ecod_env_sensitive,pyod_ecod_env_sensitive,pyod_ecod,env_sensitive,native_default,low_sampling,3887826,1624433,0.852837807041776,0.7366102510845323,74.78170102834702,0.0004366077482700348,1.0,0.4455517709871691,0.8260040895109333,0.3132919485130046,0.45428127904567206,0.42823657119018305,0.379286195421261,0.6172330163574832,0.00847439184096251,0.23727016416499053
gotham,device,all,pyod_ecod_env_sensitive,pyod_ecod_env_sensitive,pyod_ecod,env_sensitive,native_default,congested_link,3887826,1624433,0.852837807041776,0.7366102510845323,74.78170102834702,0.00036430731415748596,1.0,0.3941239804904234,0.7068200188930982,0.3032758525590561,0.42443781802105157,0.35365430884357857,0.42907083055456663,0.6172330163574832,0.00847439184096251,0.23727016416499053
gotham,device,all,pyod_ecod_env_sensitive,pyod_ecod_env_sensitive,pyod_ecod,env_sensitive,native_default,high_background,3887826,1624433,0.852837807041776,0.7366102510845323,74.78170102834702,0.00039242953062057495,1.0,0.38315153656691286,0.6834198522798198,0.30289476455279823,0.4197530721216792,0.3011505635148876,0.4432045155585864,0.6172330163574832,0.00847439184096251,0.23727016416499053
gotham,device,all,pyod_ecod_env_sensitive,pyod_ecod_env_sensitive,pyod_ecod,env_sensitive,native_default,delayed_collector,3887826,1624433,0.852837807041776,0.7366102510845323,74.78170102834702,0.0003909654915332794,1.0,0.456285362338736,0.8590057927444044,0.3132919485130046,0.4591318214162802,0.6098112761287586,0.36471459349776947,0.6172330163574832,0.00847439184096251,0.23727016416499053
gotham,device,all,pyod_ecod_env_sensitive__val_observed_f1,pyod_ecod_env_sensitive,pyod_ecod,env_sensitive,val_observed_f1,observed,3887826,1624433,0.852837807041776,0.7366102510845323,74.78170102834702,0.0035154223442077637,1.0,0.7366958194028317,0.7366732869788352,1.0,0.8483729121674605,0.4143461094727727,1.3574538641153828,0.6172330163574832,0.009572296154505456,0.23727016416499053
gotham,device,all,pyod_ecod_env_sensitive__val_observed_f1,pyod_ecod_env_sensitive,pyod_ecod,env_sensitive,val_observed_f1,low_sampling,3887826,1624433,0.852837807041776,0.7366102510845323,74.78170102834702,0.0034696385264396667,1.0,0.7313124025429181,0.7352770206314548,0.9926080626856342,0.8447806003222705,0.42823657119018305,1.34997835486982,0.6172330163574832,0.009572296154505456,0.23727016416499053
gotham,device,all,pyod_ecod_env_sensitive__val_observed_f1,pyod_ecod_env_sensitive,pyod_ecod,env_sensitive,val_observed_f1,congested_link,3887826,1624433,0.852837807041776,0.7366102510845323,74.78170102834702,0.003336433321237564,1.0,0.7231581727285766,0.733063882451845,0.9816083251014981,0.8393226491642088,0.35365430884357857,1.3390488177078894,0.6172330163574832,0.009572296154505456,0.23727016416499053
gotham,device,all,pyod_ecod_env_sensitive__val_observed_f1,pyod_ecod_env_sensitive,pyod_ecod,env_sensitive,val_observed_f1,high_background,3887826,1624433,0.852837807041776,0.7366102510845323,74.78170102834702,0.0037379637360572815,1.0,0.6983101180534993,0.7261356892875227,0.947961429882314,0.8223520827118118,0.3011505635148876,1.305488001577838,0.6172330163574832,0.009572296154505456,0.23727016416499053
gotham,device,all,pyod_ecod_env_sensitive__val_observed_f1,pyod_ecod_env_sensitive,pyod_ecod,env_sensitive,val_observed_f1,delayed_collector,3887826,1624433,0.852837807041776,0.7366102510845323,74.78170102834702,0.003496188670396805,1.0,0.7373791347504022,0.7371770544805765,1.0,0.8487068748452882,0.6098112761287586,1.3565262156790971,0.6172330163574832,0.009572296154505456,0.23727016416499053
gotham,device,all,pyod_ecod_env_sensitive__val_robust_minimax,pyod_ecod_env_sensitive,pyod_ecod,env_sensitive,val_robust_minimax,observed,3887826,1624433,0.852837807041776,0.7366102510845323,74.78170102834702,0.009699549525976181,1.0,0.7366958194028317,0.7366732869788352,1.0,0.8483729121674605,0.4143461094727727,1.3574538641153828,0.6172330163574832,0.009572296154505456,0.23727016416499053
gotham,device,all,pyod_ecod_env_sensitive__val_robust_minimax,pyod_ecod_env_sensitive,pyod_ecod,env_sensitive,val_robust_minimax,low_sampling,3887826,1624433,0.852837807041776,0.7366102510845323,74.78170102834702,0.005699831992387772,1.0,0.7313124025429181,0.7352770206314548,0.9926080626856342,0.8447806003222705,0.42823657119018305,1.34997835486982,0.6172330163574832,0.009572296154505456,0.23727016416499053
gotham,device,all,pyod_ecod_env_sensitive__val_robust_minimax,pyod_ecod_env_sensitive,pyod_ecod,env_sensitive,val_robust_minimax,congested_link,3887826,1624433,0.852837807041776,0.7366102510845323,74.78170102834702,0.0062735117971897125,1.0,0.7231581727285766,0.733063882451845,0.9816083251014981,0.8393226491642088,0.35365430884357857,1.3390488177078894,0.6172330163574832,0.009572296154505456,0.23727016416499053
gotham,device,all,pyod_ecod_env_sensitive__val_robust_minimax,pyod_ecod_env_sensitive,pyod_ecod,env_sensitive,val_robust_minimax,high_background,3887826,1624433,0.852837807041776,0.7366102510845323,74.78170102834702,0.006198711693286896,1.0,0.6983101180534993,0.7261356892875227,0.947961429882314,0.8223520827118118,0.3011505635148876,1.305488001577838,0.6172330163574832,0.009572296154505456,0.23727016416499053
gotham,device,all,pyod_ecod_env_sensitive__val_robust_minimax,pyod_ecod_env_sensitive,pyod_ecod,env_sensitive,val_robust_minimax,delayed_collector,3887826,1624433,0.852837807041776,0.7366102510845323,74.78170102834702,0.006041385233402252,1.0,0.7373791347504022,0.7371770544805765,1.0,0.8487068748452882,0.6098112761287586,1.3565262156790971,0.6172330163574832,0.009572296154505456,0.23727016416499053
gotham,device,all,pyod_ecod_env_sensitive__oracle_env_upper_bound,pyod_ecod_env_sensitive,pyod_ecod,env_sensitive,oracle_env_upper_bound,observed,3887826,1624433,0.852837807041776,0.7366102510845323,74.78170102834702,0.0064847953617572784,1.0,0.7366958194028317,0.7366732869788352,1.0,0.8483729121674605,0.4143461094727727,1.3574538641153828,0.6172330163574832,0.028686085244906012,0.23727016416499053
gotham,device,all,pyod_ecod_env_sensitive__oracle_env_upper_bound,pyod_ecod_env_sensitive,pyod_ecod,env_sensitive,oracle_env_upper_bound,low_sampling,3887826,1624433,0.852837807041776,0.7366102510845323,74.78170102834702,0.006122328341007233,1.0,0.7313124025429181,0.7352770206314548,0.9926080626856342,0.8447806003222705,0.42823657119018305,1.34997835486982,0.6172330163574832,0.028686085244906012,0.23727016416499053
gotham,device,all,pyod_ecod_env_sensitive__oracle_env_upper_bound,pyod_ecod_env_sensitive,pyod_ecod,env_sensitive,oracle_env_upper_bound,congested_link,3887826,1624433,0.852837807041776,0.7366102510845323,74.78170102834702,0.006333194673061371,1.0,0.7231581727285766,0.733063882451845,0.9816083251014981,0.8393226491642088,0.35365430884357857,1.3390488177078894,0.6172330163574832,0.028686085244906012,0.23727016416499053
gotham,device,all,pyod_ecod_env_sensitive__oracle_env_upper_bound,pyod_ecod_env_sensitive,pyod_ecod,env_sensitive,oracle_env_upper_bound,high_background,3887826,1624433,0.852837807041776,0.7366102510845323,74.78170102834702,0.0060143545269966125,1.0,0.6983101180534993,0.7261356892875227,0.947961429882314,0.8223520827118118,0.3011505635148876,1.305488001577838,0.6172330163574832,0.028686085244906012,0.23727016416499053
gotham,device,all,pyod_ecod_env_sensitive__oracle_env_upper_bound,pyod_ecod_env_sensitive,pyod_ecod,env_sensitive,oracle_env_upper_bound,delayed_collector,3887826,1624433,0.852837807041776,0.7366102510845323,74.78170102834702,0.003455881029367447,1.0,0.7525604318552996,0.7713414280182455,0.9438939839909608,0.8489383188008841,0.6098112761287586,1.2237045097085513,0.6172330163574832,0.028686085244906012,0.23727016416499053
gotham,device,all,pyod_copod_env_sensitive,pyod_copod_env_sensitive,pyod_copod,env_sensitive,native_default,observed,3887826,1624433,0.852837807041776,0.7366102510845323,71.52028664946556,0.0005011707544326782,1.0,0.3294977385955592,0.7112107623318386,0.15110139448124396,0.24924834263168996,0.355552575528404,0.2124565634887604,0.6352319818056126,0.009944635241073266,0.2922751134167547
gotham,device,all,pyod_copod_env_sensitive,pyod_copod_env_sensitive,pyod_copod,env_sensitive,native_default,low_sampling,3887826,1624433,0.852837807041776,0.7366102510845323,71.52028664946556,0.0003688223659992218,1.0,0.33064890949642123,0.7070284077128305,0.15591597343749738,0.25549044606921445,0.3583076564222089,0.22052292628788525,0.6352319818056126,0.009944635241073266,0.2922751134167547
gotham,device,all,pyod_copod_env_sensitive,pyod_copod_env_sensitive,pyod_copod,env_sensitive,native_default,congested_link,3887826,1624433,0.852837807041776,0.7366102510845323,71.52028664946556,0.0004131533205509186,1.0,0.28749292830175205,0.5587633198259042,0.15557082136165418,0.2433798515287725,0.27743435629434704,0.278419888782474,0.6352319818056126,0.009944635241073266,0.2922751134167547
gotham,device,all,pyod_copod_env_sensitive,pyod_copod_env_sensitive,pyod_copod,env_sensitive,native_default,high_background,3887826,1624433,0.852837807041776,0.7366102510845323,71.52028664946556,0.0003584176301956177,1.0,0.28263338654164255,0.5446415820771046,0.1593641513186815,0.2465785131661296,0.2582038983409685,0.2926037169452119,0.6352319818056126,0.009944635241073266,0.2922751134167547
gotham,device,all,pyod_copod_env_sensitive,pyod_copod_env_sensitive,pyod_copod,env_sensitive,native_default,delayed_collector,3887826,1624433,0.852837807041776,0.7366102510845323,71.52028664946556,0.0003652051091194153,1.0,0.32880642045562974,0.7253907989903917,0.14290800234669984,0.23877529220300928,0.3962351209173066,0.19700829200701336,0.6352319818056126,0.009944635241073266,0.2922751134167547
gotham,device,all,pyod_copod_env_sensitive__val_observed_f1,pyod_copod_env_sensitive,pyod_copod,env_sensitive,val_observed_f1,observed,3887826,1624433,0.852837807041776,0.7366102510845323,71.52028664946556,0.007293853908777237,1.0,0.622459036476112,0.702722597812079,0.8448746170316253,0.7672700364298725,0.355552575528404,1.2022875309007215,0.6352319818056126,0.004621317556762241,0.2922751134167547
gotham,device,all,pyod_copod_env_sensitive__val_observed_f1,pyod_copod_env_sensitive,pyod_copod,env_sensitive,val_observed_f1,low_sampling,3887826,1624433,0.852837807041776,0.7366102510845323,71.52028664946556,0.0054784417152404785,1.0,0.6225987775426872,0.7028334975205072,0.8448746170316253,0.7673361358920945,0.3583076564222089,1.2020978226169046,0.6352319818056126,0.004621317556762241,0.2922751134167547
gotham,device,all,pyod_copod_env_sensitive__val_observed_f1,pyod_copod_env_sensitive,pyod_copod,env_sensitive,val_observed_f1,congested_link,3887826,1624433,0.852837807041776,0.7366102510845323,71.52028664946556,0.0061494335532188416,1.0,0.6165960676740746,0.700799895848353,0.8367413966875429,0.7627610217654632,0.27743435629434704,1.1939804809397496,0.6352319818056126,0.004621317556762241,0.2922751134167547
gotham,device,all,pyod_copod_env_sensitive__val_observed_f1,pyod_copod_env_sensitive,pyod_copod,env_sensitive,val_observed_f1,high_background,3887826,1624433,0.852837807041776,0.7366102510845323,71.52028664946556,0.006697367876768112,1.0,0.6743990056838294,0.7191970116109342,0.9153708838734588,0.8055119717157528,0.2582038983409685,1.2727679190756276,0.6352319818056126,0.004621317556762241,0.2922751134167547
gotham,device,all,pyod_copod_env_sensitive__val_observed_f1,pyod_copod_env_sensitive,pyod_copod,env_sensitive,val_observed_f1,delayed_collector,3887826,1624433,0.852837807041776,0.7366102510845323,71.52028664946556,0.006831720471382141,1.0,0.622459036476112,0.702722597812079,0.8448746170316253,0.7672700364298725,0.3962351209173066,1.2022875309007215,0.6352319818056126,0.004621317556762241,0.2922751134167547
gotham,device,all,pyod_copod_env_sensitive__val_robust_minimax,pyod_copod_env_sensitive,pyod_copod,env_sensitive,val_robust_minimax,observed,3887826,1624433,0.852837807041776,0.7366102510845323,71.52028664946556,0.009929649531841278,1.0,0.622459036476112,0.702722597812079,0.8448746170316253,0.7672700364298725,0.355552575528404,1.2022875309007215,0.6352319818056126,0.004621317556762241,0.2922751134167547
gotham,device,all,pyod_copod_env_sensitive__val_robust_minimax,pyod_copod_env_sensitive,pyod_copod,env_sensitive,val_robust_minimax,low_sampling,3887826,1624433,0.852837807041776,0.7366102510845323,71.52028664946556,0.006057806313037872,1.0,0.6225987775426872,0.7028334975205072,0.8448746170316253,0.7673361358920945,0.3583076564222089,1.2020978226169046,0.6352319818056126,0.004621317556762241,0.2922751134167547
gotham,device,all,pyod_copod_env_sensitive__val_robust_minimax,pyod_copod_env_sensitive,pyod_copod,env_sensitive,val_robust_minimax,congested_link,3887826,1624433,0.852837807041776,0.7366102510845323,71.52028664946556,0.006130050867795944,1.0,0.6165960676740746,0.700799895848353,0.8367413966875429,0.7627610217654632,0.27743435629434704,1.1939804809397496,0.6352319818056126,0.004621317556762241,0.2922751134167547
gotham,device,all,pyod_copod_env_sensitive__val_robust_minimax,pyod_copod_env_sensitive,pyod_copod,env_sensitive,val_robust_minimax,high_background,3887826,1624433,0.852837807041776,0.7366102510845323,71.52028664946556,0.006153251975774765,1.0,0.6743990056838294,0.7191970116109342,0.9153708838734588,0.8055119717157528,0.2582038983409685,1.2727679190756276,0.6352319818056126,0.004621317556762241,0.2922751134167547
gotham,device,all,pyod_copod_env_sensitive__val_robust_minimax,pyod_copod_env_sensitive,pyod_copod,env_sensitive,val_robust_minimax,delayed_collector,3887826,1624433,0.852837807041776,0.7366102510845323,71.52028664946556,0.006193690001964569,1.0,0.622459036476112,0.702722597812079,0.8448746170316253,0.7672700364298725,0.3962351209173066,1.2022875309007215,0.6352319818056126,0.004621317556762241,0.2922751134167547
gotham,device,all,pyod_copod_env_sensitive__oracle_env_upper_bound,pyod_copod_env_sensitive,pyod_copod,env_sensitive,oracle_env_upper_bound,observed,3887826,1624433,0.852837807041776,0.7366102510845323,71.52028664946556,0.005838003009557724,1.0,0.622459036476112,0.702722597812079,0.8448746170316253,0.7672700364298725,0.355552575528404,1.2022875309007215,0.6352319818056126,0.004621317556762241,0.2922751134167547
gotham,device,all,pyod_copod_env_sensitive__oracle_env_upper_bound,pyod_copod_env_sensitive,pyod_copod,env_sensitive,oracle_env_upper_bound,low_sampling,3887826,1624433,0.852837807041776,0.7366102510845323,71.52028664946556,0.0060319118201732635,1.0,0.6225987775426872,0.7028334975205072,0.8448746170316253,0.7673361358920945,0.3583076564222089,1.2020978226169046,0.6352319818056126,0.004621317556762241,0.2922751134167547
gotham,device,all,pyod_copod_env_sensitive__oracle_env_upper_bound,pyod_copod_env_sensitive,pyod_copod,env_sensitive,oracle_env_upper_bound,congested_link,3887826,1624433,0.852837807041776,0.7366102510845323,71.52028664946556,0.006466608494520187,1.0,0.6165960676740746,0.700799895848353,0.8367413966875429,0.7627610217654632,0.27743435629434704,1.1939804809397496,0.6352319818056126,0.004621317556762241,0.2922751134167547
gotham,device,all,pyod_copod_env_sensitive__oracle_env_upper_bound,pyod_copod_env_sensitive,pyod_copod,env_sensitive,oracle_env_upper_bound,high_background,3887826,1624433,0.852837807041776,0.7366102510845323,71.52028664946556,0.003444097936153412,1.0,0.6743990056838294,0.7191970116109342,0.9153708838734588,0.8055119717157528,0.2582038983409685,1.2727679190756276,0.6352319818056126,0.004621317556762241,0.2922751134167547
gotham,device,all,pyod_copod_env_sensitive__oracle_env_upper_bound,pyod_copod_env_sensitive,pyod_copod,env_sensitive,oracle_env_upper_bound,delayed_collector,3887826,1624433,0.852837807041776,0.7366102510845323,71.52028664946556,0.0035430118441581726,1.0,0.622459036476112,0.702722597812079,0.8448746170316253,0.7672700364298725,0.3962351209173066,1.2022875309007215,0.6352319818056126,0.004621317556762241,0.2922751134167547


