dataset,split,fold,method,environment_id,fit_seconds,selected_candidate,common_threshold,anomaly_threshold,primary_gate,coverage_rate,coverage_floor,coverage_gap,gated_coverage_rate,coverage_lift,coverage_lift_floor,coverage_recovery_floor,causal_fragility_score,environment_leakage_score,score_environment_leakage_score,accuracy,precision,recall,f1,auc,alert_budget_inflation
uwf,random,all,intervendb_observed_selector,observed,49.6066671,protocol_core_rf,0.0296,,,,,,,,,,0.0,0.0,1.5787715511479696e-15,0.9954701236775443,0.9916075650118203,0.9994043364307839,0.9954906847039279,0.999010183143509,1.0078627591136526
uwf,random,all,intervendb_observed_selector,low_sampling,49.6066671,protocol_core_rf,0.0296,,,,,,,,,,0.0,0.0,1.5787715511479696e-15,0.9954701236775443,0.9916075650118203,0.9994043364307839,0.9954906847039279,0.999010183143509,1.0078627591136526
uwf,random,all,intervendb_observed_selector,congested_link,49.6066671,protocol_core_rf,0.0296,,,,,,,,,,0.0,0.0,1.5787715511479696e-15,0.9954701236775443,0.9916075650118203,0.9994043364307839,0.9954906847039279,0.999010183143509,1.0078627591136526
uwf,random,all,intervendb_observed_selector,high_background,49.6066671,protocol_core_rf,0.0296,,,,,,,,,,0.0,0.0,1.5787715511479696e-15,0.9954701236775443,0.9916075650118203,0.9994043364307839,0.9954906847039279,0.999010183143509,1.0078627591136526
uwf,random,all,intervendb_observed_selector,delayed_collector,49.6066671,protocol_core_rf,0.0296,,,,,,,,,,0.0,0.0,1.5787715511479696e-15,0.9954701236775443,0.9916075650118203,0.9994043364307839,0.9954906847039279,0.999010183143509,1.0078627591136526
uwf,random,all,intervendb_minimax_selector,observed,49.6066671,protocol_core_rf,0.0296,,,,,,,,,,0.0,0.0,1.5787715511479696e-15,0.9954701236775443,0.9916075650118203,0.9994043364307839,0.9954906847039279,0.999010183143509,1.0078627591136526
uwf,random,all,intervendb_minimax_selector,low_sampling,49.6066671,protocol_core_rf,0.0296,,,,,,,,,,0.0,0.0,1.5787715511479696e-15,0.9954701236775443,0.9916075650118203,0.9994043364307839,0.9954906847039279,0.999010183143509,1.0078627591136526
uwf,random,all,intervendb_minimax_selector,congested_link,49.6066671,protocol_core_rf,0.0296,,,,,,,,,,0.0,0.0,1.5787715511479696e-15,0.9954701236775443,0.9916075650118203,0.9994043364307839,0.9954906847039279,0.999010183143509,1.0078627591136526
uwf,random,all,intervendb_minimax_selector,high_background,49.6066671,protocol_core_rf,0.0296,,,,,,,,,,0.0,0.0,1.5787715511479696e-15,0.9954701236775443,0.9916075650118203,0.9994043364307839,0.9954906847039279,0.999010183143509,1.0078627591136526
uwf,random,all,intervendb_minimax_selector,delayed_collector,49.6066671,protocol_core_rf,0.0296,,,,,,,,,,0.0,0.0,1.5787715511479696e-15,0.9954701236775443,0.9916075650118203,0.9994043364307839,0.9954906847039279,0.999010183143509,1.0078627591136526
uwf,random,all,intervendb_stability_selector,observed,49.6066671,protocol_core_rf,0.0296,,,,,,,,,,0.0,0.0,1.5787715511479696e-15,0.9954701236775443,0.9916075650118203,0.9994043364307839,0.9954906847039279,0.999010183143509,1.0078627591136526
uwf,random,all,intervendb_stability_selector,low_sampling,49.6066671,protocol_core_rf,0.0296,,,,,,,,,,0.0,0.0,1.5787715511479696e-15,0.9954701236775443,0.9916075650118203,0.9994043364307839,0.9954906847039279,0.999010183143509,1.0078627591136526
uwf,random,all,intervendb_stability_selector,congested_link,49.6066671,protocol_core_rf,0.0296,,,,,,,,,,0.0,0.0,1.5787715511479696e-15,0.9954701236775443,0.9916075650118203,0.9994043364307839,0.9954906847039279,0.999010183143509,1.0078627591136526
uwf,random,all,intervendb_stability_selector,high_background,49.6066671,protocol_core_rf,0.0296,,,,,,,,,,0.0,0.0,1.5787715511479696e-15,0.9954701236775443,0.9916075650118203,0.9994043364307839,0.9954906847039279,0.999010183143509,1.0078627591136526
uwf,random,all,intervendb_stability_selector,delayed_collector,49.6066671,protocol_core_rf,0.0296,,,,,,,,,,0.0,0.0,1.5787715511479696e-15,0.9954701236775443,0.9916075650118203,0.9994043364307839,0.9954906847039279,0.999010183143509,1.0078627591136526
uwf,random,all,intervendb_shift_guard_selector,observed,49.6066671,protocol_core_rf,0.0296,,,,,,,,,,0.0,0.0,1.5787715511479696e-15,0.9954701236775443,0.9916075650118203,0.9994043364307839,0.9954906847039279,0.999010183143509,1.0078627591136526
uwf,random,all,intervendb_shift_guard_selector,low_sampling,49.6066671,protocol_core_rf,0.0296,,,,,,,,,,0.0,0.0,1.5787715511479696e-15,0.9954701236775443,0.9916075650118203,0.9994043364307839,0.9954906847039279,0.999010183143509,1.0078627591136526
uwf,random,all,intervendb_shift_guard_selector,congested_link,49.6066671,protocol_core_rf,0.0296,,,,,,,,,,0.0,0.0,1.5787715511479696e-15,0.9954701236775443,0.9916075650118203,0.9994043364307839,0.9954906847039279,0.999010183143509,1.0078627591136526
uwf,random,all,intervendb_shift_guard_selector,high_background,49.6066671,protocol_core_rf,0.0296,,,,,,,,,,0.0,0.0,1.5787715511479696e-15,0.9954701236775443,0.9916075650118203,0.9994043364307839,0.9954906847039279,0.999010183143509,1.0078627591136526
uwf,random,all,intervendb_shift_guard_selector,delayed_collector,49.6066671,protocol_core_rf,0.0296,,,,,,,,,,0.0,0.0,1.5787715511479696e-15,0.9954701236775443,0.9916075650118203,0.9994043364307839,0.9954906847039279,0.999010183143509,1.0078627591136526
uwf,random,all,intervendb_pareto_selector,observed,49.6066671,protocol_core_rf,0.0296,,,,,,,,,,0.0,0.0,1.5787715511479696e-15,0.9954701236775443,0.9916075650118203,0.9994043364307839,0.9954906847039279,0.999010183143509,1.0078627591136526
uwf,random,all,intervendb_pareto_selector,low_sampling,49.6066671,protocol_core_rf,0.0296,,,,,,,,,,0.0,0.0,1.5787715511479696e-15,0.9954701236775443,0.9916075650118203,0.9994043364307839,0.9954906847039279,0.999010183143509,1.0078627591136526
uwf,random,all,intervendb_pareto_selector,congested_link,49.6066671,protocol_core_rf,0.0296,,,,,,,,,,0.0,0.0,1.5787715511479696e-15,0.9954701236775443,0.9916075650118203,0.9994043364307839,0.9954906847039279,0.999010183143509,1.0078627591136526
uwf,random,all,intervendb_pareto_selector,high_background,49.6066671,protocol_core_rf,0.0296,,,,,,,,,,0.0,0.0,1.5787715511479696e-15,0.9954701236775443,0.9916075650118203,0.9994043364307839,0.9954906847039279,0.999010183143509,1.0078627591136526
uwf,random,all,intervendb_pareto_selector,delayed_collector,49.6066671,protocol_core_rf,0.0296,,,,,,,,,,0.0,0.0,1.5787715511479696e-15,0.9954701236775443,0.9916075650118203,0.9994043364307839,0.9954906847039279,0.999010183143509,1.0078627591136526
uwf,random,all,intervendb_tail_guard_ensemble,observed,49.6066671,protocol_core_rf+iforest_env_sensitive,0.0296,0.5,,,,,,,,,0.10020840945763275,0.025695907541456006,0.15816313468444643,0.9517806586201758,0.9125421516371152,0.9994043364307839,0.9540001137203616,0.9988150870714695,1.0951870383607338
uwf,random,all,intervendb_tail_guard_ensemble,low_sampling,49.6066671,protocol_core_rf+iforest_env_sensitive,0.0296,0.5,,,,,,,,,0.10020840945763275,0.025695907541456006,0.15816313468444643,0.9951125018626136,0.990904795653201,0.9994043364307839,0.9951364175563463,0.9988955284754043,1.008577555396712
uwf,random,all,intervendb_tail_guard_ensemble,congested_link,49.6066671,protocol_core_rf+iforest_env_sensitive,0.0296,0.5,,,,,,,,,0.10020840945763275,0.025695907541456006,0.15816313468444643,0.897928773655193,0.8308492201039861,0.9994639027877055,0.9073898818376009,0.9987055108376238,1.2029425780319276
uwf,random,all,intervendb_tail_guard_ensemble,high_background,49.6066671,protocol_core_rf+iforest_env_sensitive,0.0296,0.5,,,,,,,,,0.10020840945763275,0.025695907541456006,0.15816313468444643,0.8400238414543287,0.7578809502303315,0.9995830355015487,0.8621114821474442,0.9986969703997375,1.3189182749583035
uwf,random,all,intervendb_tail_guard_ensemble,delayed_collector,49.6066671,protocol_core_rf+iforest_env_sensitive,0.0296,0.5,,,,,,,,,0.10020840945763275,0.025695907541456006,0.15816313468444643,0.9563999403963642,0.9203005869124019,0.9994043364307839,0.9582226791170507,0.9988128844626969,1.0859542530378843
uwf,random,all,intervendb_conformal_tail_guard,observed,49.6066671,protocol_core_rf+conformal_iforest_env_sensitive,0.0296,0.9887341772151899,,,,,,,,,0.20376722495874453,0.00025707920469580773,0.2324253191390798,0.9905528237222471,0.9820310213637694,0.9994043364307839,0.990641513890119,0.9940272301985791,1.0176912080057183
uwf,random,all,intervendb_conformal_tail_guard,low_sampling,49.6066671,protocol_core_rf+conformal_iforest_env_sensitive,0.0296,0.9887341772151899,,,,,,,,,0.20376722495874453,0.00025707920469580773,0.2324253191390798,0.9953807182238117,0.9914317792353602,0.9994043364307839,0.9954020942718994,0.997865101907816,1.0080414581844175
uwf,random,all,intervendb_conformal_tail_guard,congested_link,49.6066671,protocol_core_rf+conformal_iforest_env_sensitive,0.0296,0.9887341772151899,,,,,,,,,0.20376722495874453,0.00025707920469580773,0.2324253191390798,0.993056176426762,0.9868831245220869,0.9994043364307839,0.99310426470153,0.9929867764321829,1.0126876340243032
uwf,random,all,intervendb_conformal_tail_guard,high_background,49.6066671,protocol_core_rf+conformal_iforest_env_sensitive,0.0296,0.9887341772151899,,,,,,,,,0.20376722495874453,0.00025707920469580773,0.2324253191390798,0.9926389509760095,0.9860711137231855,0.9994043364307839,0.992692956246487,0.9865618590097619,1.0135215630212056
uwf,random,all,intervendb_conformal_tail_guard,delayed_collector,49.6066671,protocol_core_rf+conformal_iforest_env_sensitive,0.0296,0.9887341772151899,,,,,,,,,0.20376722495874453,0.00025707920469580773,0.2324253191390798,0.9901952019073164,0.9813417558636018,0.9994043364307839,0.9902906890954699,0.9875021651288975,1.0184060042887777
uwf,random,all,intervendb_gated_conformal_tail_guard,observed,49.6066671,protocol_core_rf+gated_conformal_iforest_env_sensitive,0.0296,0.5,0.001,,,,,,,,0.20376722495874453,0.048673258919121686,0.2324253191390798,0.8353449560423186,0.7523865011428316,1.0,0.8586992660034269,0.9940272301985791,1.3291041219918989
uwf,random,all,intervendb_gated_conformal_tail_guard,low_sampling,49.6066671,protocol_core_rf+gated_conformal_iforest_env_sensitive,0.0296,0.5,0.001,,,,,,,,0.20376722495874453,0.048673258919121686,0.2324253191390798,0.5911786618983758,0.5503179702353636,1.0,0.7099420645324989,0.997865101907816,1.8171312842506553
uwf,random,all,intervendb_gated_conformal_tail_guard,congested_link,49.6066671,protocol_core_rf+gated_conformal_iforest_env_sensitive,0.0296,0.5,0.001,,,,,,,,0.20376722495874453,0.048673258919121686,0.2324253191390798,0.5979734763820593,0.5544619856001057,1.0,0.7133812093655717,0.9929867764321829,1.803550154872528
uwf,random,all,intervendb_gated_conformal_tail_guard,high_background,49.6066671,protocol_core_rf+gated_conformal_iforest_env_sensitive,0.0296,0.5,0.001,,,,,,,,0.20376722495874453,0.048673258919121686,0.2324253191390798,0.5911786618983758,0.5503179702353636,1.0,0.7099420645324989,0.9865618590097619,1.8171312842506553
uwf,random,all,intervendb_gated_conformal_tail_guard,delayed_collector,49.6066671,protocol_core_rf+gated_conformal_iforest_env_sensitive,0.0296,0.5,0.001,,,,,,,,0.20376722495874453,0.048673258919121686,0.2324253191390798,0.7727313366115333,0.6876382403538953,1.0,0.8149118974807049,0.9875021651288975,1.454253037884203
uwf,random,all,intervendb_openworld_selector,observed,49.6066671,openworld:protocol_core_rf,0.0296,,,,,,,,,,0.0,0.0,1.5787715511479696e-15,0.9954701236775443,0.9916075650118203,0.9994043364307839,0.9954906847039279,0.999010183143509,1.0078627591136526
uwf,random,all,intervendb_openworld_selector,low_sampling,49.6066671,openworld:protocol_core_rf,0.0296,,,,,,,,,,0.0,0.0,1.5787715511479696e-15,0.9954701236775443,0.9916075650118203,0.9994043364307839,0.9954906847039279,0.999010183143509,1.0078627591136526
uwf,random,all,intervendb_openworld_selector,congested_link,49.6066671,openworld:protocol_core_rf,0.0296,,,,,,,,,,0.0,0.0,1.5787715511479696e-15,0.9954701236775443,0.9916075650118203,0.9994043364307839,0.9954906847039279,0.999010183143509,1.0078627591136526
uwf,random,all,intervendb_openworld_selector,high_background,49.6066671,openworld:protocol_core_rf,0.0296,,,,,,,,,,0.0,0.0,1.5787715511479696e-15,0.9954701236775443,0.9916075650118203,0.9994043364307839,0.9954906847039279,0.999010183143509,1.0078627591136526
uwf,random,all,intervendb_openworld_selector,delayed_collector,49.6066671,openworld:protocol_core_rf,0.0296,,,,,,,,,,0.0,0.0,1.5787715511479696e-15,0.9954701236775443,0.9916075650118203,0.9994043364307839,0.9954906847039279,0.999010183143509,1.0078627591136526
uwf,random,all,intervendb_coverage_openworld_selector,observed,49.6066671,coverage:protocol_core_rf,0.0296,,,0.5042467590523022,0.42525916297580074,,,,,,0.0,0.0,1.5787715511479696e-15,0.9954701236775443,0.9916075650118203,0.9994043364307839,0.9954906847039279,0.999010183143509,1.0078627591136526
uwf,random,all,intervendb_coverage_openworld_selector,low_sampling,49.6066671,coverage:protocol_core_rf,0.0296,,,0.5042467590523022,0.42525916297580074,,,,,,0.0,0.0,1.5787715511479696e-15,0.9954701236775443,0.9916075650118203,0.9994043364307839,0.9954906847039279,0.999010183143509,1.0078627591136526
uwf,random,all,intervendb_coverage_openworld_selector,congested_link,49.6066671,coverage:protocol_core_rf,0.0296,,,0.5042467590523022,0.42525916297580074,,,,,,0.0,0.0,1.5787715511479696e-15,0.9954701236775443,0.9916075650118203,0.9994043364307839,0.9954906847039279,0.999010183143509,1.0078627591136526
uwf,random,all,intervendb_coverage_openworld_selector,high_background,49.6066671,coverage:protocol_core_rf,0.0296,,,0.5042467590523022,0.42525916297580074,,,,,,0.0,0.0,1.5787715511479696e-15,0.9954701236775443,0.9916075650118203,0.9994043364307839,0.9954906847039279,0.999010183143509,1.0078627591136526
uwf,random,all,intervendb_coverage_openworld_selector,delayed_collector,49.6066671,coverage:protocol_core_rf,0.0296,,,0.5042467590523022,0.42525916297580074,,,,,,0.0,0.0,1.5787715511479696e-15,0.9954701236775443,0.9916075650118203,0.9994043364307839,0.9954906847039279,0.999010183143509,1.0078627591136526
uwf,random,all,intervendb_coverage_lift_openworld_selector,observed,49.6066671,coverage_lift:protocol_core_rf,0.0296,,,0.5042467590523022,0.42525916297580074,0.0,0.6649679630457458,0.16072120399344358,0.03,0.4039962048270107,0.0,0.0,1.5787715511479696e-15,0.9954701236775443,0.9916075650118203,0.9994043364307839,0.9954906847039279,0.999010183143509,1.0078627591136526
uwf,random,all,intervendb_coverage_lift_openworld_selector,low_sampling,49.6066671,coverage_lift:protocol_core_rf,0.0296,,,0.5042467590523022,0.42525916297580074,0.0,0.6649679630457458,0.16072120399344358,0.03,0.4039962048270107,0.0,0.0,1.5787715511479696e-15,0.9954701236775443,0.9916075650118203,0.9994043364307839,0.9954906847039279,0.999010183143509,1.0078627591136526
uwf,random,all,intervendb_coverage_lift_openworld_selector,congested_link,49.6066671,coverage_lift:protocol_core_rf,0.0296,,,0.5042467590523022,0.42525916297580074,0.0,0.6649679630457458,0.16072120399344358,0.03,0.4039962048270107,0.0,0.0,1.5787715511479696e-15,0.9954701236775443,0.9916075650118203,0.9994043364307839,0.9954906847039279,0.999010183143509,1.0078627591136526
uwf,random,all,intervendb_coverage_lift_openworld_selector,high_background,49.6066671,coverage_lift:protocol_core_rf,0.0296,,,0.5042467590523022,0.42525916297580074,0.0,0.6649679630457458,0.16072120399344358,0.03,0.4039962048270107,0.0,0.0,1.5787715511479696e-15,0.9954701236775443,0.9916075650118203,0.9994043364307839,0.9954906847039279,0.999010183143509,1.0078627591136526
uwf,random,all,intervendb_coverage_lift_openworld_selector,delayed_collector,49.6066671,coverage_lift:protocol_core_rf,0.0296,,,0.5042467590523022,0.42525916297580074,0.0,0.6649679630457458,0.16072120399344358,0.03,0.4039962048270107,0.0,0.0,1.5787715511479696e-15,0.9954701236775443,0.9916075650118203,0.9994043364307839,0.9954906847039279,0.999010183143509,1.0078627591136526
uwf,random,all,intervendb_adaptive_openworld_selector,observed,49.6066671,adaptive:protocol_core_rf,0.0296,,,0.5042467590523022,0.42525916297580074,0.0,0.6649679630457458,0.16072120399344358,0.03,0.4039962048270107,0.0,0.0,1.5787715511479696e-15,0.9954701236775443,0.9916075650118203,0.9994043364307839,0.9954906847039279,0.999010183143509,1.0078627591136526
uwf,random,all,intervendb_adaptive_openworld_selector,low_sampling,49.6066671,adaptive:protocol_core_rf,0.0296,,,0.5042467590523022,0.42525916297580074,0.0,0.6649679630457458,0.16072120399344358,0.03,0.4039962048270107,0.0,0.0,1.5787715511479696e-15,0.9954701236775443,0.9916075650118203,0.9994043364307839,0.9954906847039279,0.999010183143509,1.0078627591136526
uwf,random,all,intervendb_adaptive_openworld_selector,congested_link,49.6066671,adaptive:protocol_core_rf,0.0296,,,0.5042467590523022,0.42525916297580074,0.0,0.6649679630457458,0.16072120399344358,0.03,0.4039962048270107,0.0,0.0,1.5787715511479696e-15,0.9954701236775443,0.9916075650118203,0.9994043364307839,0.9954906847039279,0.999010183143509,1.0078627591136526
uwf,random,all,intervendb_adaptive_openworld_selector,high_background,49.6066671,adaptive:protocol_core_rf,0.0296,,,0.5042467590523022,0.42525916297580074,0.0,0.6649679630457458,0.16072120399344358,0.03,0.4039962048270107,0.0,0.0,1.5787715511479696e-15,0.9954701236775443,0.9916075650118203,0.9994043364307839,0.9954906847039279,0.999010183143509,1.0078627591136526
uwf,random,all,intervendb_adaptive_openworld_selector,delayed_collector,49.6066671,adaptive:protocol_core_rf,0.0296,,,0.5042467590523022,0.42525916297580074,0.0,0.6649679630457458,0.16072120399344358,0.03,0.4039962048270107,0.0,0.0,1.5787715511479696e-15,0.9954701236775443,0.9916075650118203,0.9994043364307839,0.9954906847039279,0.999010183143509,1.0078627591136526
uwf,random,all,intervendb_counterfactual_ensemble,congested_link,49.6066671,weighted_pool,0.1962,,,,,,,,,,0.5295305032159817,9.835326638945089e-06,0.4768018505465671,0.9974072418417523,0.9954904171364148,0.9993447700738622,0.9974138699800837,0.9999242124952461,1.0038718131999047
uwf,random,all,intervendb_counterfactual_ensemble,delayed_collector,49.6066671,weighted_pool,0.1962,,,,,,,,,,0.5295305032159817,9.835326638945089e-06,0.4768018505465671,0.997496647295485,0.9956088298124852,0.9994043364307839,0.9975029726516053,0.9998784586268861,1.003812246842983
uwf,random,all,intervendb_counterfactual_ensemble,high_background,49.6066671,weighted_pool,0.1962,,,,,,,,,,0.5295305032159817,9.835326638945089e-06,0.4768018505465671,0.9969602145730889,0.9945465323058684,0.9994043364307839,0.996969516905342,0.9999147839086611,1.0048844412675721
uwf,random,all,intervendb_counterfactual_ensemble,low_sampling,49.6066671,weighted_pool,0.1962,,,,,,,,,,0.5295305032159817,9.835326638945089e-06,0.4768018505465671,0.9974668454775741,0.9956085692243783,0.9993447700738622,0.9974731710217307,0.9999125066953978,1.0037526804860615
uwf,random,all,intervendb_counterfactual_ensemble,observed,49.6066671,weighted_pool,0.1962,,,,,,,,,,0.5295305032159817,9.835326638945089e-06,0.4768018505465671,0.9975264491133959,0.9956679128835084,0.9994043364307839,0.9975326258212194,0.9998946406961755,1.0037526804860615
uwf,random,all,intervendb_env_calibrated_ensemble,congested_link,49.6066671,weighted_pool_env_calibrated,0.1962,,,,,,,,,,0.5295305032159817,0.00022078492492020918,0.4768018505465671,0.9974370436596632,0.9954906847039279,0.9994043364307839,0.9974436716009749,0.9999242124952461,1.0039313795568263
uwf,random,all,intervendb_env_calibrated_ensemble,delayed_collector,49.6066671,weighted_pool_env_calibrated,0.1962,,,,,,,,,,0.5295305032159817,0.00022078492492020918,0.4768018505465671,0.9954701236775443,0.9910271546635183,1.0,0.9954933586337761,0.9998784586268861,1.009054086252085
uwf,random,all,intervendb_env_calibrated_ensemble,high_background,49.6066671,weighted_pool_env_calibrated,0.1962,,,,,,,,,,0.5295305032159817,0.00022078492492020918,0.4768018505465671,0.9969602145730889,0.9945465323058684,0.9994043364307839,0.996969516905342,0.9999147839086611,1.0048844412675721
uwf,random,all,intervendb_env_calibrated_ensemble,low_sampling,49.6066671,weighted_pool_env_calibrated,0.1962,,,,,,,,,,0.5295305032159817,0.00022078492492020918,0.4768018505465671,0.9954701236775443,0.991549462238506,0.9994639027877055,0.9954909522396914,0.9999125066953978,1.0079818918274959
uwf,random,all,intervendb_env_calibrated_ensemble,observed,49.6066671,weighted_pool_env_calibrated,0.1962,,,,,,,,,,0.5295305032159817,0.00022078492492020918,0.4768018505465671,0.995559529131277,0.9912026923304009,1.0,0.9955819125277984,0.9998946406961755,1.00887538718132
uwf,time,within_family_chronological,intervendb_observed_selector,observed,49.24860299999999,protocol_core_rf,0.0296,,,,,,,,,,0.0,0.0,0.0,0.9960362400906002,0.9927218934911243,0.9994043009471615,0.9960518894529047,0.9999050974348457,1.0067313992970752
uwf,time,within_family_chronological,intervendb_observed_selector,low_sampling,49.24860299999999,protocol_core_rf,0.0296,,,,,,,,,,0.0,0.0,0.0,0.9960362400906002,0.9927218934911243,0.9994043009471615,0.9960518894529047,0.9999050974348457,1.0067313992970752
uwf,time,within_family_chronological,intervendb_observed_selector,congested_link,49.24860299999999,protocol_core_rf,0.0296,,,,,,,,,,0.0,0.0,0.0,0.9960362400906002,0.9927218934911243,0.9994043009471615,0.9960518894529047,0.9999050974348457,1.0067313992970752
uwf,time,within_family_chronological,intervendb_observed_selector,high_background,49.24860299999999,protocol_core_rf,0.0296,,,,,,,,,,0.0,0.0,0.0,0.9960362400906002,0.9927218934911243,0.9994043009471615,0.9960518894529047,0.9999051045404586,1.0067313992970752
uwf,time,within_family_chronological,intervendb_observed_selector,delayed_collector,49.24860299999999,protocol_core_rf,0.0296,,,,,,,,,,0.0,0.0,0.0,0.9960362400906002,0.9927218934911243,0.9994043009471615,0.9960518894529047,0.9999050974348457,1.0067313992970752
uwf,time,within_family_chronological,intervendb_minimax_selector,observed,49.24860299999999,protocol_core_rf,0.0296,,,,,,,,,,0.0,0.0,0.0,0.9960362400906002,0.9927218934911243,0.9994043009471615,0.9960518894529047,0.9999050974348457,1.0067313992970752
uwf,time,within_family_chronological,intervendb_minimax_selector,low_sampling,49.24860299999999,protocol_core_rf,0.0296,,,,,,,,,,0.0,0.0,0.0,0.9960362400906002,0.9927218934911243,0.9994043009471615,0.9960518894529047,0.9999050974348457,1.0067313992970752
uwf,time,within_family_chronological,intervendb_minimax_selector,congested_link,49.24860299999999,protocol_core_rf,0.0296,,,,,,,,,,0.0,0.0,0.0,0.9960362400906002,0.9927218934911243,0.9994043009471615,0.9960518894529047,0.9999050974348457,1.0067313992970752
uwf,time,within_family_chronological,intervendb_minimax_selector,high_background,49.24860299999999,protocol_core_rf,0.0296,,,,,,,,,,0.0,0.0,0.0,0.9960362400906002,0.9927218934911243,0.9994043009471615,0.9960518894529047,0.9999051045404586,1.0067313992970752
uwf,time,within_family_chronological,intervendb_minimax_selector,delayed_collector,49.24860299999999,protocol_core_rf,0.0296,,,,,,,,,,0.0,0.0,0.0,0.9960362400906002,0.9927218934911243,0.9994043009471615,0.9960518894529047,0.9999050974348457,1.0067313992970752
uwf,time,within_family_chronological,intervendb_stability_selector,observed,49.24860299999999,protocol_core_rf,0.0296,,,,,,,,,,0.0,0.0,0.0,0.9960362400906002,0.9927218934911243,0.9994043009471615,0.9960518894529047,0.9999050974348457,1.0067313992970752
uwf,time,within_family_chronological,intervendb_stability_selector,low_sampling,49.24860299999999,protocol_core_rf,0.0296,,,,,,,,,,0.0,0.0,0.0,0.9960362400906002,0.9927218934911243,0.9994043009471615,0.9960518894529047,0.9999050974348457,1.0067313992970752
uwf,time,within_family_chronological,intervendb_stability_selector,congested_link,49.24860299999999,protocol_core_rf,0.0296,,,,,,,,,,0.0,0.0,0.0,0.9960362400906002,0.9927218934911243,0.9994043009471615,0.9960518894529047,0.9999050974348457,1.0067313992970752
uwf,time,within_family_chronological,intervendb_stability_selector,high_background,49.24860299999999,protocol_core_rf,0.0296,,,,,,,,,,0.0,0.0,0.0,0.9960362400906002,0.9927218934911243,0.9994043009471615,0.9960518894529047,0.9999051045404586,1.0067313992970752
uwf,time,within_family_chronological,intervendb_stability_selector,delayed_collector,49.24860299999999,protocol_core_rf,0.0296,,,,,,,,,,0.0,0.0,0.0,0.9960362400906002,0.9927218934911243,0.9994043009471615,0.9960518894529047,0.9999050974348457,1.0067313992970752
uwf,time,within_family_chronological,intervendb_shift_guard_selector,observed,49.24860299999999,protocol_core_rf,0.0296,,,,,,,,,,0.0,0.0,0.0,0.9960362400906002,0.9927218934911243,0.9994043009471615,0.9960518894529047,0.9999050974348457,1.0067313992970752
uwf,time,within_family_chronological,intervendb_shift_guard_selector,low_sampling,49.24860299999999,protocol_core_rf,0.0296,,,,,,,,,,0.0,0.0,0.0,0.9960362400906002,0.9927218934911243,0.9994043009471615,0.9960518894529047,0.9999050974348457,1.0067313992970752
uwf,time,within_family_chronological,intervendb_shift_guard_selector,congested_link,49.24860299999999,protocol_core_rf,0.0296,,,,,,,,,,0.0,0.0,0.0,0.9960362400906002,0.9927218934911243,0.9994043009471615,0.9960518894529047,0.9999050974348457,1.0067313992970752
uwf,time,within_family_chronological,intervendb_shift_guard_selector,high_background,49.24860299999999,protocol_core_rf,0.0296,,,,,,,,,,0.0,0.0,0.0,0.9960362400906002,0.9927218934911243,0.9994043009471615,0.9960518894529047,0.9999051045404586,1.0067313992970752
uwf,time,within_family_chronological,intervendb_shift_guard_selector,delayed_collector,49.24860299999999,protocol_core_rf,0.0296,,,,,,,,,,0.0,0.0,0.0,0.9960362400906002,0.9927218934911243,0.9994043009471615,0.9960518894529047,0.9999050974348457,1.0067313992970752
uwf,time,within_family_chronological,intervendb_pareto_selector,observed,49.24860299999999,protocol_core_rf,0.0296,,,,,,,,,,0.0,0.0,0.0,0.9960362400906002,0.9927218934911243,0.9994043009471615,0.9960518894529047,0.9999050974348457,1.0067313992970752
uwf,time,within_family_chronological,intervendb_pareto_selector,low_sampling,49.24860299999999,protocol_core_rf,0.0296,,,,,,,,,,0.0,0.0,0.0,0.9960362400906002,0.9927218934911243,0.9994043009471615,0.9960518894529047,0.9999050974348457,1.0067313992970752
uwf,time,within_family_chronological,intervendb_pareto_selector,congested_link,49.24860299999999,protocol_core_rf,0.0296,,,,,,,,,,0.0,0.0,0.0,0.9960362400906002,0.9927218934911243,0.9994043009471615,0.9960518894529047,0.9999050974348457,1.0067313992970752
uwf,time,within_family_chronological,intervendb_pareto_selector,high_background,49.24860299999999,protocol_core_rf,0.0296,,,,,,,,,,0.0,0.0,0.0,0.9960362400906002,0.9927218934911243,0.9994043009471615,0.9960518894529047,0.9999051045404586,1.0067313992970752
uwf,time,within_family_chronological,intervendb_pareto_selector,delayed_collector,49.24860299999999,protocol_core_rf,0.0296,,,,,,,,,,0.0,0.0,0.0,0.9960362400906002,0.9927218934911243,0.9994043009471615,0.9960518894529047,0.9999050974348457,1.0067313992970752
uwf,time,within_family_chronological,intervendb_tail_guard_ensemble,observed,49.24860299999999,protocol_core_rf+iforest_env_sensitive,0.0296,0.5,,,,,,,,,0.10925156790338145,0.02351606447847145,0.16976384926248514,0.9427191989032604,0.8976938305955375,0.9994043009471615,0.94582252790619,0.9992808924396773,1.113301959849884
uwf,time,within_family_chronological,intervendb_tail_guard_ensemble,low_sampling,49.24860299999999,protocol_core_rf+iforest_env_sensitive,0.0296,0.5,,,,,,,,,0.10925156790338145,0.02351606447847145,0.16976384926248514,0.9956190022054002,0.9919002010169091,0.9994043009471615,0.995638111628735,0.9995913988389762,1.007565377971049
uwf,time,within_family_chronological,intervendb_tail_guard_ensemble,congested_link,49.24860299999999,protocol_core_rf+iforest_env_sensitive,0.0296,0.5,,,,,,,,,0.10925156790338145,0.02351606447847145,0.16976384926248514,0.8931871013888061,0.8242864862209559,0.999583010663013,0.9035106612104242,0.9989296264686978,1.2126645618633467
uwf,time,within_family_chronological,intervendb_tail_guard_ensemble,high_background,49.24860299999999,protocol_core_rf+iforest_env_sensitive,0.0296,0.5,,,,,,,,,0.10925156790338145,0.02351606447847145,0.16976384926248514,0.846426655540323,0.7652772710689529,0.9996425805682969,0.8668991347023116,0.9985090274803856,1.306248883064276
uwf,time,within_family_chronological,intervendb_tail_guard_ensemble,delayed_collector,49.24860299999999,protocol_core_rf+iforest_env_sensitive,0.0296,0.5,,,,,,,,,0.10925156790338145,0.02351606447847145,0.16976384926248514,0.9462657209274602,0.9034464189553043,0.9994043009471615,0.9490058545691094,0.9992869997139173,1.1062131411211056
uwf,time,within_family_chronological,intervendb_conformal_tail_guard,observed,49.24860299999999,protocol_core_rf+conformal_iforest_env_sensitive,0.0296,0.9887341772151899,,,,,,,,,0.16376051544089226,0.0003481832769499259,0.253499785174964,0.990045896167372,0.9810537395473949,0.9994043009471615,0.9901440037771483,0.995649554784149,1.018704950259129
uwf,time,within_family_chronological,intervendb_conformal_tail_guard,low_sampling,49.24860299999999,protocol_core_rf+conformal_iforest_env_sensitive,0.0296,0.9887341772151899,,,,,,,,,0.16376051544089226,0.0003481832769499259,0.253499785174964,0.9959170292662574,0.9924869853289162,0.9994043009471615,0.9959336321272744,0.9974752549608467,1.0069696789182105
uwf,time,within_family_chronological,intervendb_conformal_tail_guard,congested_link,49.24860299999999,protocol_core_rf+conformal_iforest_env_sensitive,0.0296,0.9887341772151899,,,,,,,,,0.16376051544089226,0.0003481832769499259,0.253499785174964,0.9926983370090005,0.9861862214907124,0.9994043009471615,0.9927512648303204,0.9917708778511081,1.0134032286888663
uwf,time,within_family_chronological,intervendb_conformal_tail_guard,high_background,49.24860299999999,protocol_core_rf+conformal_iforest_env_sensitive,0.0296,0.9887341772151899,,,,,,,,,0.16376051544089226,0.0003481832769499259,0.253499785174964,0.9918340585325147,0.9845079514113022,0.9994043009471615,0.9919002010169091,0.9867246705659358,1.0151307559420981
uwf,time,within_family_chronological,intervendb_conformal_tail_guard,delayed_collector,49.24860299999999,protocol_core_rf+conformal_iforest_env_sensitive,0.0296,0.9887341772151899,,,,,,,,,0.16376051544089226,0.0003481832769499259,0.253499785174964,0.990045896167372,0.9810537395473949,0.9994043009471615,0.9901440037771483,0.9954968782573573,1.018704950259129
uwf,time,within_family_chronological,intervendb_gated_conformal_tail_guard,observed,49.24860299999999,protocol_core_rf+gated_conformal_iforest_env_sensitive,0.0296,0.5,0.001,,,,,,,,0.16376051544089226,0.0,0.253499785174964,0.9650712284675449,0.9347402416615624,1.0,0.9662694986473264,0.995649554784149,1.069815928992673
uwf,time,within_family_chronological,intervendb_gated_conformal_tail_guard,low_sampling,49.24860299999999,protocol_core_rf+gated_conformal_iforest_env_sensitive,0.0296,0.5,0.001,,,,,,,,0.16376051544089226,0.0,0.253499785174964,0.9650712284675449,0.9347402416615624,1.0,0.9662694986473264,0.9974752549608467,1.069815928992673
uwf,time,within_family_chronological,intervendb_gated_conformal_tail_guard,congested_link,49.24860299999999,protocol_core_rf+gated_conformal_iforest_env_sensitive,0.0296,0.5,0.001,,,,,,,,0.16376051544089226,0.0,0.253499785174964,0.9650712284675449,0.9347402416615624,1.0,0.9662694986473264,0.9917708778511081,1.069815928992673
uwf,time,within_family_chronological,intervendb_gated_conformal_tail_guard,high_background,49.24860299999999,protocol_core_rf+gated_conformal_iforest_env_sensitive,0.0296,0.5,0.001,,,,,,,,0.16376051544089226,0.0,0.253499785174964,0.9650712284675449,0.9347402416615624,1.0,0.9662694986473264,0.9867246705659358,1.069815928992673
uwf,time,within_family_chronological,intervendb_gated_conformal_tail_guard,delayed_collector,49.24860299999999,protocol_core_rf+gated_conformal_iforest_env_sensitive,0.0296,0.5,0.001,,,,,,,,0.16376051544089226,0.0,0.253499785174964,0.9650712284675449,0.9347402416615624,1.0,0.9662694986473264,0.9954968782573573,1.069815928992673
uwf,time,within_family_chronological,intervendb_openworld_selector,observed,49.24860299999999,openworld:protocol_core_rf,0.0296,,,,,,,,,,0.0,0.0,0.0,0.9960362400906002,0.9927218934911243,0.9994043009471615,0.9960518894529047,0.9999050974348457,1.0067313992970752
uwf,time,within_family_chronological,intervendb_openworld_selector,low_sampling,49.24860299999999,openworld:protocol_core_rf,0.0296,,,,,,,,,,0.0,0.0,0.0,0.9960362400906002,0.9927218934911243,0.9994043009471615,0.9960518894529047,0.9999050974348457,1.0067313992970752
uwf,time,within_family_chronological,intervendb_openworld_selector,congested_link,49.24860299999999,openworld:protocol_core_rf,0.0296,,,,,,,,,,0.0,0.0,0.0,0.9960362400906002,0.9927218934911243,0.9994043009471615,0.9960518894529047,0.9999050974348457,1.0067313992970752
uwf,time,within_family_chronological,intervendb_openworld_selector,high_background,49.24860299999999,openworld:protocol_core_rf,0.0296,,,,,,,,,,0.0,0.0,0.0,0.9960362400906002,0.9927218934911243,0.9994043009471615,0.9960518894529047,0.9999051045404586,1.0067313992970752
uwf,time,within_family_chronological,intervendb_openworld_selector,delayed_collector,49.24860299999999,openworld:protocol_core_rf,0.0296,,,,,,,,,,0.0,0.0,0.0,0.9960362400906002,0.9927218934911243,0.9994043009471615,0.9960518894529047,0.9999050974348457,1.0067313992970752
uwf,time,within_family_chronological,intervendb_coverage_openworld_selector,observed,49.24860299999999,coverage:protocol_core_rf,0.0296,,,0.5036657328485427,0.42526597878588507,,,,,,0.0,0.0,0.0,0.9960362400906002,0.9927218934911243,0.9994043009471615,0.9960518894529047,0.9999050974348457,1.0067313992970752
uwf,time,within_family_chronological,intervendb_coverage_openworld_selector,low_sampling,49.24860299999999,coverage:protocol_core_rf,0.0296,,,0.5036657328485427,0.42526597878588507,,,,,,0.0,0.0,0.0,0.9960362400906002,0.9927218934911243,0.9994043009471615,0.9960518894529047,0.9999050974348457,1.0067313992970752
uwf,time,within_family_chronological,intervendb_coverage_openworld_selector,congested_link,49.24860299999999,coverage:protocol_core_rf,0.0296,,,0.5036657328485427,0.42526597878588507,,,,,,0.0,0.0,0.0,0.9960362400906002,0.9927218934911243,0.9994043009471615,0.9960518894529047,0.9999050974348457,1.0067313992970752
uwf,time,within_family_chronological,intervendb_coverage_openworld_selector,high_background,49.24860299999999,coverage:protocol_core_rf,0.0296,,,0.5036657328485427,0.42526597878588507,,,,,,0.0,0.0,0.0,0.9960362400906002,0.9927218934911243,0.9994043009471615,0.9960518894529047,0.9999051045404586,1.0067313992970752
uwf,time,within_family_chronological,intervendb_coverage_openworld_selector,delayed_collector,49.24860299999999,coverage:protocol_core_rf,0.0296,,,0.5036657328485427,0.42526597878588507,,,,,,0.0,0.0,0.0,0.9960362400906002,0.9927218934911243,0.9994043009471615,0.9960518894529047,0.9999050974348457,1.0067313992970752
uwf,time,within_family_chronological,intervendb_coverage_lift_openworld_selector,observed,49.24860299999999,coverage_lift:protocol_core_rf,0.0296,,,0.5036657328485427,0.42526597878588507,0.0,0.5352267985933122,0.03156106574476958,0.03,0.4040026798465908,0.0,0.0,0.0,0.9960362400906002,0.9927218934911243,0.9994043009471615,0.9960518894529047,0.9999050974348457,1.0067313992970752
uwf,time,within_family_chronological,intervendb_coverage_lift_openworld_selector,low_sampling,49.24860299999999,coverage_lift:protocol_core_rf,0.0296,,,0.5036657328485427,0.42526597878588507,0.0,0.5352267985933122,0.03156106574476958,0.03,0.4040026798465908,0.0,0.0,0.0,0.9960362400906002,0.9927218934911243,0.9994043009471615,0.9960518894529047,0.9999050974348457,1.0067313992970752
uwf,time,within_family_chronological,intervendb_coverage_lift_openworld_selector,congested_link,49.24860299999999,coverage_lift:protocol_core_rf,0.0296,,,0.5036657328485427,0.42526597878588507,0.0,0.5352267985933122,0.03156106574476958,0.03,0.4040026798465908,0.0,0.0,0.0,0.9960362400906002,0.9927218934911243,0.9994043009471615,0.9960518894529047,0.9999050974348457,1.0067313992970752
uwf,time,within_family_chronological,intervendb_coverage_lift_openworld_selector,high_background,49.24860299999999,coverage_lift:protocol_core_rf,0.0296,,,0.5036657328485427,0.42526597878588507,0.0,0.5352267985933122,0.03156106574476958,0.03,0.4040026798465908,0.0,0.0,0.0,0.9960362400906002,0.9927218934911243,0.9994043009471615,0.9960518894529047,0.9999051045404586,1.0067313992970752
uwf,time,within_family_chronological,intervendb_coverage_lift_openworld_selector,delayed_collector,49.24860299999999,coverage_lift:protocol_core_rf,0.0296,,,0.5036657328485427,0.42526597878588507,0.0,0.5352267985933122,0.03156106574476958,0.03,0.4040026798465908,0.0,0.0,0.0,0.9960362400906002,0.9927218934911243,0.9994043009471615,0.9960518894529047,0.9999050974348457,1.0067313992970752
uwf,time,within_family_chronological,intervendb_adaptive_openworld_selector,observed,49.24860299999999,adaptive:protocol_core_rf,0.0296,,,0.5036657328485427,0.42526597878588507,0.0,0.5352267985933122,0.03156106574476958,0.03,0.4040026798465908,0.0,0.0,0.0,0.9960362400906002,0.9927218934911243,0.9994043009471615,0.9960518894529047,0.9999050974348457,1.0067313992970752
uwf,time,within_family_chronological,intervendb_adaptive_openworld_selector,low_sampling,49.24860299999999,adaptive:protocol_core_rf,0.0296,,,0.5036657328485427,0.42526597878588507,0.0,0.5352267985933122,0.03156106574476958,0.03,0.4040026798465908,0.0,0.0,0.0,0.9960362400906002,0.9927218934911243,0.9994043009471615,0.9960518894529047,0.9999050974348457,1.0067313992970752
uwf,time,within_family_chronological,intervendb_adaptive_openworld_selector,congested_link,49.24860299999999,adaptive:protocol_core_rf,0.0296,,,0.5036657328485427,0.42526597878588507,0.0,0.5352267985933122,0.03156106574476958,0.03,0.4040026798465908,0.0,0.0,0.0,0.9960362400906002,0.9927218934911243,0.9994043009471615,0.9960518894529047,0.9999050974348457,1.0067313992970752
uwf,time,within_family_chronological,intervendb_adaptive_openworld_selector,high_background,49.24860299999999,adaptive:protocol_core_rf,0.0296,,,0.5036657328485427,0.42526597878588507,0.0,0.5352267985933122,0.03156106574476958,0.03,0.4040026798465908,0.0,0.0,0.0,0.9960362400906002,0.9927218934911243,0.9994043009471615,0.9960518894529047,0.9999051045404586,1.0067313992970752
uwf,time,within_family_chronological,intervendb_adaptive_openworld_selector,delayed_collector,49.24860299999999,adaptive:protocol_core_rf,0.0296,,,0.5036657328485427,0.42526597878588507,0.0,0.5352267985933122,0.03156106574476958,0.03,0.4040026798465908,0.0,0.0,0.0,0.9960362400906002,0.9927218934911243,0.9994043009471615,0.9960518894529047,0.9999050974348457,1.0067313992970752
uwf,time,within_family_chronological,intervendb_counterfactual_ensemble,congested_link,49.24860299999999,weighted_pool,0.11779999999999999,,,,,,,,,,0.5128831955165036,0.00019590666582898706,0.42972711733113356,0.9970793348036001,0.9947820930922028,0.9994043009471615,0.9970878402472364,0.9999153970206641,1.0046464526121404
uwf,time,within_family_chronological,intervendb_counterfactual_ensemble,delayed_collector,49.24860299999999,weighted_pool,0.11779999999999999,,,,,,,,,,0.5128831955165036,0.00019590666582898706,0.42972711733113356,0.9971687429218573,0.9949590795872376,0.9994043009471615,0.9971767363071712,0.9999167897207817,1.0044677428962887
uwf,time,within_family_chronological,intervendb_counterfactual_ensemble,high_background,49.24860299999999,weighted_pool,0.11779999999999999,,,,,,,,,,0.5128831955165036,0.00019590666582898706,0.42972711733113356,0.9942778804315432,0.9891528621116548,0.9995234407577291,0.9943111111111111,0.9998979349770982,1.0104843033299578
uwf,time,within_family_chronological,intervendb_counterfactual_ensemble,low_sampling,49.24860299999999,weighted_pool,0.11779999999999999,,,,,,,,,,0.5128831955165036,0.00019590666582898706,0.42972711733113356,0.9972283483340287,0.9950771055753262,0.9994043009471615,0.9972360091538622,0.9998949861477676,1.0043486030857212
uwf,time,within_family_chronological,intervendb_counterfactual_ensemble,observed,49.24860299999999,weighted_pool,0.11779999999999999,,,,,,,,,,0.5128831955165036,0.00019590666582898706,0.42972711733113356,0.997198545627943,0.995018089081312,0.9994043009471615,0.9972063718497385,0.9999256966064827,1.004408172991005
uwf,time,within_family_chronological,intervendb_env_calibrated_ensemble,congested_link,49.24860299999999,weighted_pool_env_calibrated,0.11779999999999999,,,,,,,,,,0.5128831955165036,0.0003292521399411038,0.42972711733113356,0.9919532693568576,0.9844547427699889,0.9997021504735808,0.9920198616776025,0.9999153970206641,1.0154881753738012
uwf,time,within_family_chronological,intervendb_env_calibrated_ensemble,delayed_collector,49.24860299999999,weighted_pool_env_calibrated,0.11779999999999999,,,,,,,,,,0.5128831955165036,0.0003292521399411038,0.42972711733113356,0.9967217023305717,0.9934899686334853,1.0,0.9967343545897162,0.9999167897207817,1.0065526895812236
uwf,time,within_family_chronological,intervendb_env_calibrated_ensemble,high_background,49.24860299999999,weighted_pool_env_calibrated,0.11779999999999999,,,,,,,,,,0.5128831955165036,0.0003292521399411038,0.42972711733113356,0.9942778804315432,0.9891528621116548,0.9995234407577291,0.9943111111111111,0.9998979349770982,1.0104843033299578
uwf,time,within_family_chronological,intervendb_env_calibrated_ensemble,low_sampling,49.24860299999999,weighted_pool_env_calibrated,0.11779999999999999,,,,,,,,,,0.5128831955165036,0.0003292521399411038,0.42972711733113356,0.9957978184419145,0.992193968066233,0.9994638708524454,0.9958156512449179,0.9998949861477676,1.0073270983499136
uwf,time,within_family_chronological,intervendb_env_calibrated_ensemble,observed,49.24860299999999,weighted_pool_env_calibrated,0.11779999999999999,,,,,,,,,,0.5128831955165036,0.0003292521399411038,0.42972711733113356,0.9958872265601717,0.9918463810930576,1.0,0.995906502135738,0.9999256966064827,1.0082206469291715
uwf,source_ip,within_family_source_ip,intervendb_observed_selector,observed,48.436574399999984,protocol_core_rf,0.01,,,,,,,,,,0.0,0.0,0.0001179496474979606,0.9957011098952634,0.9953418409432772,0.9966475561169954,0.9959942705930908,0.9998511790055453,1.0013118258672626
uwf,source_ip,within_family_source_ip,intervendb_observed_selector,low_sampling,48.436574399999984,protocol_core_rf,0.01,,,,,,,,,,0.0,0.0,0.0001179496474979606,0.9957011098952634,0.9953418409432772,0.9966475561169954,0.9959942705930908,0.9998511790055453,1.0013118258672626
uwf,source_ip,within_family_source_ip,intervendb_observed_selector,congested_link,48.436574399999984,protocol_core_rf,0.01,,,,,,,,,,0.0,0.0,0.0001179496474979606,0.9957011098952634,0.9953418409432772,0.9966475561169954,0.9959942705930908,0.9998511790055453,1.0013118258672626
uwf,source_ip,within_family_source_ip,intervendb_observed_selector,high_background,48.436574399999984,protocol_core_rf,0.01,,,,,,,,,,0.0,0.0,0.0001179496474979606,0.9957011098952634,0.9953418409432772,0.9966475561169954,0.9959942705930908,0.9998511790055453,1.0013118258672626
uwf,source_ip,within_family_source_ip,intervendb_observed_selector,delayed_collector,48.436574399999984,protocol_core_rf,0.01,,,,,,,,,,0.0,0.0,0.0001179496474979606,0.9957011098952634,0.9953418409432772,0.9966475561169954,0.9959942705930908,0.9998511790055453,1.0013118258672626
uwf,source_ip,within_family_source_ip,intervendb_minimax_selector,observed,48.436574399999984,protocol_core_rf,0.01,,,,,,,,,,0.0,0.0,0.0001179496474979606,0.9957011098952634,0.9953418409432772,0.9966475561169954,0.9959942705930908,0.9998511790055453,1.0013118258672626
uwf,source_ip,within_family_source_ip,intervendb_minimax_selector,low_sampling,48.436574399999984,protocol_core_rf,0.01,,,,,,,,,,0.0,0.0,0.0001179496474979606,0.9957011098952634,0.9953418409432772,0.9966475561169954,0.9959942705930908,0.9998511790055453,1.0013118258672626
uwf,source_ip,within_family_source_ip,intervendb_minimax_selector,congested_link,48.436574399999984,protocol_core_rf,0.01,,,,,,,,,,0.0,0.0,0.0001179496474979606,0.9957011098952634,0.9953418409432772,0.9966475561169954,0.9959942705930908,0.9998511790055453,1.0013118258672626
uwf,source_ip,within_family_source_ip,intervendb_minimax_selector,high_background,48.436574399999984,protocol_core_rf,0.01,,,,,,,,,,0.0,0.0,0.0001179496474979606,0.9957011098952634,0.9953418409432772,0.9966475561169954,0.9959942705930908,0.9998511790055453,1.0013118258672626
uwf,source_ip,within_family_source_ip,intervendb_minimax_selector,delayed_collector,48.436574399999984,protocol_core_rf,0.01,,,,,,,,,,0.0,0.0,0.0001179496474979606,0.9957011098952634,0.9953418409432772,0.9966475561169954,0.9959942705930908,0.9998511790055453,1.0013118258672626
uwf,source_ip,within_family_source_ip,intervendb_stability_selector,observed,48.436574399999984,protocol_core_rf,0.01,,,,,,,,,,0.0,0.0,0.0001179496474979606,0.9957011098952634,0.9953418409432772,0.9966475561169954,0.9959942705930908,0.9998511790055453,1.0013118258672626
uwf,source_ip,within_family_source_ip,intervendb_stability_selector,low_sampling,48.436574399999984,protocol_core_rf,0.01,,,,,,,,,,0.0,0.0,0.0001179496474979606,0.9957011098952634,0.9953418409432772,0.9966475561169954,0.9959942705930908,0.9998511790055453,1.0013118258672626
uwf,source_ip,within_family_source_ip,intervendb_stability_selector,congested_link,48.436574399999984,protocol_core_rf,0.01,,,,,,,,,,0.0,0.0,0.0001179496474979606,0.9957011098952634,0.9953418409432772,0.9966475561169954,0.9959942705930908,0.9998511790055453,1.0013118258672626
uwf,source_ip,within_family_source_ip,intervendb_stability_selector,high_background,48.436574399999984,protocol_core_rf,0.01,,,,,,,,,,0.0,0.0,0.0001179496474979606,0.9957011098952634,0.9953418409432772,0.9966475561169954,0.9959942705930908,0.9998511790055453,1.0013118258672626
uwf,source_ip,within_family_source_ip,intervendb_stability_selector,delayed_collector,48.436574399999984,protocol_core_rf,0.01,,,,,,,,,,0.0,0.0,0.0001179496474979606,0.9957011098952634,0.9953418409432772,0.9966475561169954,0.9959942705930908,0.9998511790055453,1.0013118258672626
uwf,source_ip,within_family_source_ip,intervendb_shift_guard_selector,observed,48.436574399999984,protocol_core_rf,0.01,,,,,,,,,,0.0,0.0,0.0001179496474979606,0.9957011098952634,0.9953418409432772,0.9966475561169954,0.9959942705930908,0.9998511790055453,1.0013118258672626
uwf,source_ip,within_family_source_ip,intervendb_shift_guard_selector,low_sampling,48.436574399999984,protocol_core_rf,0.01,,,,,,,,,,0.0,0.0,0.0001179496474979606,0.9957011098952634,0.9953418409432772,0.9966475561169954,0.9959942705930908,0.9998511790055453,1.0013118258672626
uwf,source_ip,within_family_source_ip,intervendb_shift_guard_selector,congested_link,48.436574399999984,protocol_core_rf,0.01,,,,,,,,,,0.0,0.0,0.0001179496474979606,0.9957011098952634,0.9953418409432772,0.9966475561169954,0.9959942705930908,0.9998511790055453,1.0013118258672626
uwf,source_ip,within_family_source_ip,intervendb_shift_guard_selector,high_background,48.436574399999984,protocol_core_rf,0.01,,,,,,,,,,0.0,0.0,0.0001179496474979606,0.9957011098952634,0.9953418409432772,0.9966475561169954,0.9959942705930908,0.9998511790055453,1.0013118258672626
uwf,source_ip,within_family_source_ip,intervendb_shift_guard_selector,delayed_collector,48.436574399999984,protocol_core_rf,0.01,,,,,,,,,,0.0,0.0,0.0001179496474979606,0.9957011098952634,0.9953418409432772,0.9966475561169954,0.9959942705930908,0.9998511790055453,1.0013118258672626
uwf,source_ip,within_family_source_ip,intervendb_pareto_selector,observed,48.436574399999984,protocol_core_rf,0.01,,,,,,,,,,0.0,0.0,0.0001179496474979606,0.9957011098952634,0.9953418409432772,0.9966475561169954,0.9959942705930908,0.9998511790055453,1.0013118258672626
uwf,source_ip,within_family_source_ip,intervendb_pareto_selector,low_sampling,48.436574399999984,protocol_core_rf,0.01,,,,,,,,,,0.0,0.0,0.0001179496474979606,0.9957011098952634,0.9953418409432772,0.9966475561169954,0.9959942705930908,0.9998511790055453,1.0013118258672626
uwf,source_ip,within_family_source_ip,intervendb_pareto_selector,congested_link,48.436574399999984,protocol_core_rf,0.01,,,,,,,,,,0.0,0.0,0.0001179496474979606,0.9957011098952634,0.9953418409432772,0.9966475561169954,0.9959942705930908,0.9998511790055453,1.0013118258672626
uwf,source_ip,within_family_source_ip,intervendb_pareto_selector,high_background,48.436574399999984,protocol_core_rf,0.01,,,,,,,,,,0.0,0.0,0.0001179496474979606,0.9957011098952634,0.9953418409432772,0.9966475561169954,0.9959942705930908,0.9998511790055453,1.0013118258672626
uwf,source_ip,within_family_source_ip,intervendb_pareto_selector,delayed_collector,48.436574399999984,protocol_core_rf,0.01,,,,,,,,,,0.0,0.0,0.0001179496474979606,0.9957011098952634,0.9953418409432772,0.9966475561169954,0.9959942705930908,0.9998511790055453,1.0013118258672626
uwf,source_ip,within_family_source_ip,intervendb_tail_guard_ensemble,observed,48.436574399999984,protocol_core_rf+iforest_env_sensitive,0.01,0.5,,,,,,,,,0.15333090355875623,0.014796365504735086,0.1431203295792392,0.9774633942994112,0.9623845035411097,0.9969390729763872,0.9793570866047778,0.9944283976726691,1.0359051598484112
uwf,source_ip,within_family_source_ip,intervendb_tail_guard_ensemble,low_sampling,48.436574399999984,protocol_core_rf+iforest_env_sensitive,0.01,0.5,,,,,,,,,0.15333090355875623,0.014796365504735086,0.1431203295792392,0.9953363555833463,0.9946661494447947,0.9966475561169954,0.9956558670064312,0.9934872909021628,1.00199203187251
uwf,source_ip,within_family_source_ip,intervendb_tail_guard_ensemble,congested_link,48.436574399999984,protocol_core_rf+iforest_env_sensitive,0.01,0.5,,,,,,,,,0.15333090355875623,0.014796365504735086,0.1431203295792392,0.9609452347454536,0.9340004548555834,0.9976678651248664,0.964784927291094,0.9928934958985651,1.0681663589544261
uwf,source_ip,within_family_source_ip,intervendb_tail_guard_ensemble,high_background,48.436574399999984,protocol_core_rf+iforest_env_sensitive,0.01,0.5,,,,,,,,,0.15333090355875623,0.014796365504735086,0.1431203295792392,0.9018029284560471,0.8467312848009899,0.9974249344087066,0.9159212082004149,0.986732033226371,1.1779710426586338
uwf,source_ip,within_family_source_ip,intervendb_tail_guard_ensemble,delayed_collector,48.436574399999984,protocol_core_rf+iforest_env_sensitive,0.01,0.5,,,,,,,,,0.15333090355875623,0.014796365504735086,0.1431203295792392,0.9758480537752071,0.9598521360722474,0.9966475561169954,0.9779038447786809,0.9942502885143449,1.0383344670100088
uwf,source_ip,within_family_source_ip,intervendb_conformal_tail_guard,observed,48.436574399999984,protocol_core_rf+conformal_iforest_env_sensitive,0.01,0.9887341772151899,,,,,,,,,0.19152245973160673,0.0003445823835905457,0.24014026621819554,0.9910895732374551,0.9868661599153277,0.9966475561169954,0.9917327402823438,0.992601066001819,1.0099115732193178
uwf,source_ip,within_family_source_ip,intervendb_conformal_tail_guard,low_sampling,48.436574399999984,protocol_core_rf+conformal_iforest_env_sensitive,0.01,0.9887341772151899,,,,,,,,,0.19152245973160673,0.0003445823835905457,0.24014026621819554,0.9954926788598822,0.9949556191492458,0.9966475561169954,0.99580086895313,0.9911836526189023,1.0017005150131182
uwf,source_ip,within_family_source_ip,intervendb_conformal_tail_guard,congested_link,48.436574399999984,protocol_core_rf+conformal_iforest_env_sensitive,0.01,0.9887341772151899,,,,,,,,,0.19152245973160673,0.0003445823835905457,0.24014026621819554,0.9941639310093273,0.9925004838397523,0.9966475561169954,0.9945696969696969,0.9903144574347171,1.0041784083179477
uwf,source_ip,within_family_source_ip,intervendb_conformal_tail_guard,high_background,48.436574399999984,protocol_core_rf+conformal_iforest_env_sensitive,0.01,0.9887341772151899,,,,,,,,,0.19152245973160673,0.0003445823835905457,0.24014026621819554,0.9934344223854932,0.9911577116350986,0.9966475561169954,0.993895053054896,0.9795137837250615,1.0055388203284423
uwf,source_ip,within_family_source_ip,intervendb_conformal_tail_guard,delayed_collector,48.436574399999984,protocol_core_rf+conformal_iforest_env_sensitive,0.01,0.9887341772151899,,,,,,,,,0.19152245973160673,0.0003445823835905457,0.24014026621819554,0.9905424417695795,0.985870139856779,0.9966475561169954,0.9912295537461645,0.9916278951063381,1.0109318822271889
uwf,source_ip,within_family_source_ip,intervendb_gated_conformal_tail_guard,observed,48.436574399999984,protocol_core_rf+gated_conformal_iforest_env_sensitive,0.01,0.5,0.001,,,,,,,,0.19152245973160673,1.5659569589122695e-08,0.24014026621819554,0.9781929029232452,0.9609225454036137,1.0,0.9800719030499274,0.992601066001819,1.0406666018851423
uwf,source_ip,within_family_source_ip,intervendb_gated_conformal_tail_guard,low_sampling,48.436574399999984,protocol_core_rf+gated_conformal_iforest_env_sensitive,0.01,0.5,0.001,,,,,,,,0.19152245973160673,1.5659569589122695e-08,0.24014026621819554,0.9781407951644,0.9608328275990851,1.0,0.9800252362926457,0.9911836526189023,1.0407637741716063
uwf,source_ip,within_family_source_ip,intervendb_gated_conformal_tail_guard,congested_link,48.436574399999984,protocol_core_rf+gated_conformal_iforest_env_sensitive,0.01,0.5,0.001,,,,,,,,0.19152245973160673,1.5659569589122695e-08,0.24014026621819554,0.9781407951644,0.9608328275990851,1.0,0.9800252362926457,0.9903144574347171,1.0407637741716063
uwf,source_ip,within_family_source_ip,intervendb_gated_conformal_tail_guard,high_background,48.436574399999984,protocol_core_rf+gated_conformal_iforest_env_sensitive,0.01,0.5,0.001,,,,,,,,0.19152245973160673,1.5659569589122695e-08,0.24014026621819554,0.9781407951644,0.9608328275990851,1.0,0.9800252362926457,0.9795137837250615,1.0407637741716063
uwf,source_ip,within_family_source_ip,intervendb_gated_conformal_tail_guard,delayed_collector,48.436574399999984,protocol_core_rf+gated_conformal_iforest_env_sensitive,0.01,0.5,0.001,,,,,,,,0.19152245973160673,1.5659569589122695e-08,0.24014026621819554,0.9781929029232452,0.9609225454036137,1.0,0.9800719030499274,0.9916278951063381,1.0406666018851423
uwf,source_ip,within_family_source_ip,intervendb_openworld_selector,observed,48.436574399999984,openworld:protocol_core_rf,0.01,,,,,,,,,,0.0,0.0,0.0001179496474979606,0.9957011098952634,0.9953418409432772,0.9966475561169954,0.9959942705930908,0.9998511790055453,1.0013118258672626
uwf,source_ip,within_family_source_ip,intervendb_openworld_selector,low_sampling,48.436574399999984,openworld:protocol_core_rf,0.01,,,,,,,,,,0.0,0.0,0.0001179496474979606,0.9957011098952634,0.9953418409432772,0.9966475561169954,0.9959942705930908,0.9998511790055453,1.0013118258672626
uwf,source_ip,within_family_source_ip,intervendb_openworld_selector,congested_link,48.436574399999984,openworld:protocol_core_rf,0.01,,,,,,,,,,0.0,0.0,0.0001179496474979606,0.9957011098952634,0.9953418409432772,0.9966475561169954,0.9959942705930908,0.9998511790055453,1.0013118258672626
uwf,source_ip,within_family_source_ip,intervendb_openworld_selector,high_background,48.436574399999984,openworld:protocol_core_rf,0.01,,,,,,,,,,0.0,0.0,0.0001179496474979606,0.9957011098952634,0.9953418409432772,0.9966475561169954,0.9959942705930908,0.9998511790055453,1.0013118258672626
uwf,source_ip,within_family_source_ip,intervendb_openworld_selector,delayed_collector,48.436574399999984,openworld:protocol_core_rf,0.01,,,,,,,,,,0.0,0.0,0.0001179496474979606,0.9957011098952634,0.9953418409432772,0.9966475561169954,0.9959942705930908,0.9998511790055453,1.0013118258672626
uwf,source_ip,within_family_source_ip,intervendb_coverage_openworld_selector,observed,48.436574399999984,coverage:protocol_core_rf,0.01,,,0.536944401021312,0.4048696272330359,,,,,,0.0,0.0,0.0001179496474979606,0.9957011098952634,0.9953418409432772,0.9966475561169954,0.9959942705930908,0.9998511790055453,1.0013118258672626
uwf,source_ip,within_family_source_ip,intervendb_coverage_openworld_selector,low_sampling,48.436574399999984,coverage:protocol_core_rf,0.01,,,0.536944401021312,0.4048696272330359,,,,,,0.0,0.0,0.0001179496474979606,0.9957011098952634,0.9953418409432772,0.9966475561169954,0.9959942705930908,0.9998511790055453,1.0013118258672626
uwf,source_ip,within_family_source_ip,intervendb_coverage_openworld_selector,congested_link,48.436574399999984,coverage:protocol_core_rf,0.01,,,0.536944401021312,0.4048696272330359,,,,,,0.0,0.0,0.0001179496474979606,0.9957011098952634,0.9953418409432772,0.9966475561169954,0.9959942705930908,0.9998511790055453,1.0013118258672626
uwf,source_ip,within_family_source_ip,intervendb_coverage_openworld_selector,high_background,48.436574399999984,coverage:protocol_core_rf,0.01,,,0.536944401021312,0.4048696272330359,,,,,,0.0,0.0,0.0001179496474979606,0.9957011098952634,0.9953418409432772,0.9966475561169954,0.9959942705930908,0.9998511790055453,1.0013118258672626
uwf,source_ip,within_family_source_ip,intervendb_coverage_openworld_selector,delayed_collector,48.436574399999984,coverage:protocol_core_rf,0.01,,,0.536944401021312,0.4048696272330359,,,,,,0.0,0.0,0.0001179496474979606,0.9957011098952634,0.9953418409432772,0.9966475561169954,0.9959942705930908,0.9998511790055453,1.0013118258672626
uwf,source_ip,within_family_source_ip,intervendb_coverage_lift_openworld_selector,observed,48.436574399999984,coverage_lift:protocol_core_rf,0.01,,,0.536944401021312,0.4048696272330359,0.0,0.5580480433536553,0.021103642332343298,0.03,0.38462614587138405,0.0,0.0,0.0001179496474979606,0.9957011098952634,0.9953418409432772,0.9966475561169954,0.9959942705930908,0.9998511790055453,1.0013118258672626
uwf,source_ip,within_family_source_ip,intervendb_coverage_lift_openworld_selector,low_sampling,48.436574399999984,coverage_lift:protocol_core_rf,0.01,,,0.536944401021312,0.4048696272330359,0.0,0.5580480433536553,0.021103642332343298,0.03,0.38462614587138405,0.0,0.0,0.0001179496474979606,0.9957011098952634,0.9953418409432772,0.9966475561169954,0.9959942705930908,0.9998511790055453,1.0013118258672626
uwf,source_ip,within_family_source_ip,intervendb_coverage_lift_openworld_selector,congested_link,48.436574399999984,coverage_lift:protocol_core_rf,0.01,,,0.536944401021312,0.4048696272330359,0.0,0.5580480433536553,0.021103642332343298,0.03,0.38462614587138405,0.0,0.0,0.0001179496474979606,0.9957011098952634,0.9953418409432772,0.9966475561169954,0.9959942705930908,0.9998511790055453,1.0013118258672626
uwf,source_ip,within_family_source_ip,intervendb_coverage_lift_openworld_selector,high_background,48.436574399999984,coverage_lift:protocol_core_rf,0.01,,,0.536944401021312,0.4048696272330359,0.0,0.5580480433536553,0.021103642332343298,0.03,0.38462614587138405,0.0,0.0,0.0001179496474979606,0.9957011098952634,0.9953418409432772,0.9966475561169954,0.9959942705930908,0.9998511790055453,1.0013118258672626
uwf,source_ip,within_family_source_ip,intervendb_coverage_lift_openworld_selector,delayed_collector,48.436574399999984,coverage_lift:protocol_core_rf,0.01,,,0.536944401021312,0.4048696272330359,0.0,0.5580480433536553,0.021103642332343298,0.03,0.38462614587138405,0.0,0.0,0.0001179496474979606,0.9957011098952634,0.9953418409432772,0.9966475561169954,0.9959942705930908,0.9998511790055453,1.0013118258672626
uwf,source_ip,within_family_source_ip,intervendb_adaptive_openworld_selector,observed,48.436574399999984,adaptive:protocol_core_rf,0.01,,,0.536944401021312,0.4048696272330359,0.0,0.5580480433536553,0.021103642332343298,0.03,0.38462614587138405,0.0,0.0,0.0001179496474979606,0.9957011098952634,0.9953418409432772,0.9966475561169954,0.9959942705930908,0.9998511790055453,1.0013118258672626
uwf,source_ip,within_family_source_ip,intervendb_adaptive_openworld_selector,low_sampling,48.436574399999984,adaptive:protocol_core_rf,0.01,,,0.536944401021312,0.4048696272330359,0.0,0.5580480433536553,0.021103642332343298,0.03,0.38462614587138405,0.0,0.0,0.0001179496474979606,0.9957011098952634,0.9953418409432772,0.9966475561169954,0.9959942705930908,0.9998511790055453,1.0013118258672626
uwf,source_ip,within_family_source_ip,intervendb_adaptive_openworld_selector,congested_link,48.436574399999984,adaptive:protocol_core_rf,0.01,,,0.536944401021312,0.4048696272330359,0.0,0.5580480433536553,0.021103642332343298,0.03,0.38462614587138405,0.0,0.0,0.0001179496474979606,0.9957011098952634,0.9953418409432772,0.9966475561169954,0.9959942705930908,0.9998511790055453,1.0013118258672626
uwf,source_ip,within_family_source_ip,intervendb_adaptive_openworld_selector,high_background,48.436574399999984,adaptive:protocol_core_rf,0.01,,,0.536944401021312,0.4048696272330359,0.0,0.5580480433536553,0.021103642332343298,0.03,0.38462614587138405,0.0,0.0,0.0001179496474979606,0.9957011098952634,0.9953418409432772,0.9966475561169954,0.9959942705930908,0.9998511790055453,1.0013118258672626
uwf,source_ip,within_family_source_ip,intervendb_adaptive_openworld_selector,delayed_collector,48.436574399999984,adaptive:protocol_core_rf,0.01,,,0.536944401021312,0.4048696272330359,0.0,0.5580480433536553,0.021103642332343298,0.03,0.38462614587138405,0.0,0.0,0.0001179496474979606,0.9957011098952634,0.9953418409432772,0.9966475561169954,0.9959942705930908,0.9998511790055453,1.0013118258672626
uwf,source_ip,within_family_source_ip,intervendb_counterfactual_ensemble,congested_link,48.436574399999984,weighted_pool,0.0492,,,,,,,,,,0.5787732766884515,7.435912113412942e-05,0.5523602380838959,0.9965348340367881,0.9983428376468294,0.9951899718200369,0.9967639115306941,0.9998871573175645,0.9968419006899233
uwf,source_ip,within_family_source_ip,intervendb_counterfactual_ensemble,delayed_collector,48.436574399999984,weighted_pool,0.0492,,,,,,,,,,0.5787732766884515,7.435912113412942e-05,0.5523602380838959,0.9968735344692825,0.998246810168501,0.9959187639685162,0.9970814281544899,0.9999129161621534,0.9976678651248664
uwf,source_ip,within_family_source_ip,intervendb_counterfactual_ensemble,high_background,48.436574399999984,weighted_pool,0.0492,,,,,,,,,,0.5787732766884515,7.435912113412942e-05,0.5523602380838959,0.9972643426606221,0.9979572977967998,0.9969390729763872,0.9974479255280363,0.9998711075129463,0.998979690992129
uwf,source_ip,within_family_source_ip,intervendb_counterfactual_ensemble,low_sampling,48.436574399999984,weighted_pool,0.0492,,,,,,,,,,0.5787732766884515,7.435912113412942e-05,0.5523602380838959,0.9959616486894899,0.9984383387828802,0.9940239043824701,0.9962262313441921,0.9998951958676665,0.9955786609658925
uwf,source_ip,within_family_source_ip,intervendb_counterfactual_ensemble,observed,48.436574399999984,weighted_pool,0.0492,,,,,,,,,,0.5787732766884515,7.435912113412942e-05,0.5523602380838959,0.9972643426606221,0.9983936133962907,0.9965017976872996,0.9974468085106383,0.9999231274409078,0.9981051404139539
uwf,source_ip,within_family_source_ip,intervendb_env_calibrated_ensemble,congested_link,48.436574399999984,weighted_pool_env_calibrated,0.0492,,,,,,,,,,0.5787732766884515,0.0005641515980704323,0.5523602380838959,0.9977854202490751,0.9982013514170434,0.9976678651248664,0.9979345369717882,0.9998871573175645,0.9994655524244486
uwf,source_ip,within_family_source_ip,intervendb_env_calibrated_ensemble,delayed_collector,48.436574399999984,weighted_pool_env_calibrated,0.0492,,,,,,,,,,0.5787732766884515,0.0005641515980704323,0.5523602380838959,0.9974727736960033,0.9953092509308961,1.0,0.9976491117520176,0.9999129161621534,1.0047128558934992
uwf,source_ip,within_family_source_ip,intervendb_env_calibrated_ensemble,high_background,48.436574399999984,weighted_pool_env_calibrated,0.0492,,,,,,,,,,0.5787732766884515,0.0005641515980704323,0.5523602380838959,0.9972643426606221,0.9979572977967998,0.9969390729763872,0.9974479255280363,0.9998711075129463,0.998979690992129
uwf,source_ip,within_family_source_ip,intervendb_env_calibrated_ensemble,low_sampling,48.436574399999984,weighted_pool_env_calibrated,0.0492,,,,,,,,,,0.5787732766884515,0.0005641515980704323,0.5523602380838959,0.997863581887343,0.9977177818782169,0.9982994849868817,0.9980085486691276,0.9998951958676665,1.0005830337187833
uwf,source_ip,within_family_source_ip,intervendb_env_calibrated_ensemble,observed,48.436574399999984,weighted_pool_env_calibrated,0.0492,,,,,,,,,,0.5787732766884515,0.0005641515980704323,0.5523602380838959,0.9974727736960033,0.9953092509308961,1.0,0.9976491117520176,0.9999231274409078,1.0047128558934992
uwf,heldout_family,credential_access,intervendb_observed_selector,observed,64.46332420000002,protocol_core_rf,0.5294,,,,,,,,,,0.0,1.073910779568696e-15,0.0,0.9987842305810488,0.9981182302184689,1.0,0.9990582290111404,0.9977856144076511,1.0018853175150595
uwf,heldout_family,credential_access,intervendb_observed_selector,low_sampling,64.46332420000002,protocol_core_rf,0.5294,,,,,,,,,,0.0,1.073910779568696e-15,0.0,0.9987842305810488,0.9981182302184689,1.0,0.9990582290111404,0.9977856144076511,1.0018853175150595
uwf,heldout_family,credential_access,intervendb_observed_selector,congested_link,64.46332420000002,protocol_core_rf,0.5294,,,,,,,,,,0.0,1.073910779568696e-15,0.0,0.9987842305810488,0.9981182302184689,1.0,0.9990582290111404,0.9977856144076511,1.0018853175150595
uwf,heldout_family,credential_access,intervendb_observed_selector,high_background,64.46332420000002,protocol_core_rf,0.5294,,,,,,,,,,0.0,1.073910779568696e-15,0.0,0.9987842305810488,0.9981182302184689,1.0,0.9990582290111404,0.9977856144076511,1.0018853175150595
uwf,heldout_family,credential_access,intervendb_observed_selector,delayed_collector,64.46332420000002,protocol_core_rf,0.5294,,,,,,,,,,0.0,1.073910779568696e-15,0.0,0.9987842305810488,0.9981182302184689,1.0,0.9990582290111404,0.9977856144076511,1.0018853175150595
uwf,heldout_family,credential_access,intervendb_minimax_selector,observed,64.46332420000002,protocol_core_rf,0.42,,,,,,,,,,0.0,1.073910779568696e-15,0.0,0.9982949575222027,0.9973629296704809,1.0,0.9986797240049138,0.9977856144076511,1.002644042856486
uwf,heldout_family,credential_access,intervendb_minimax_selector,low_sampling,64.46332420000002,protocol_core_rf,0.42,,,,,,,,,,0.0,1.073910779568696e-15,0.0,0.9982949575222027,0.9973629296704809,1.0,0.9986797240049138,0.9977856144076511,1.002644042856486
uwf,heldout_family,credential_access,intervendb_minimax_selector,congested_link,64.46332420000002,protocol_core_rf,0.42,,,,,,,,,,0.0,1.073910779568696e-15,0.0,0.9982949575222027,0.9973629296704809,1.0,0.9986797240049138,0.9977856144076511,1.002644042856486
uwf,heldout_family,credential_access,intervendb_minimax_selector,high_background,64.46332420000002,protocol_core_rf,0.42,,,,,,,,,,0.0,1.073910779568696e-15,0.0,0.9982949575222027,0.9973629296704809,1.0,0.9986797240049138,0.9977856144076511,1.002644042856486
uwf,heldout_family,credential_access,intervendb_minimax_selector,delayed_collector,64.46332420000002,protocol_core_rf,0.42,,,,,,,,,,0.0,1.073910779568696e-15,0.0,0.9982949575222027,0.9973629296704809,1.0,0.9986797240049138,0.9977856144076511,1.002644042856486
uwf,heldout_family,credential_access,intervendb_stability_selector,observed,64.46332420000002,protocol_core_rf,0.42,,,,,,,,,,0.0,1.073910779568696e-15,0.0,0.9982949575222027,0.9973629296704809,1.0,0.9986797240049138,0.9977856144076511,1.002644042856486
uwf,heldout_family,credential_access,intervendb_stability_selector,low_sampling,64.46332420000002,protocol_core_rf,0.42,,,,,,,,,,0.0,1.073910779568696e-15,0.0,0.9982949575222027,0.9973629296704809,1.0,0.9986797240049138,0.9977856144076511,1.002644042856486
uwf,heldout_family,credential_access,intervendb_stability_selector,congested_link,64.46332420000002,protocol_core_rf,0.42,,,,,,,,,,0.0,1.073910779568696e-15,0.0,0.9982949575222027,0.9973629296704809,1.0,0.9986797240049138,0.9977856144076511,1.002644042856486
uwf,heldout_family,credential_access,intervendb_stability_selector,high_background,64.46332420000002,protocol_core_rf,0.42,,,,,,,,,,0.0,1.073910779568696e-15,0.0,0.9982949575222027,0.9973629296704809,1.0,0.9986797240049138,0.9977856144076511,1.002644042856486
uwf,heldout_family,credential_access,intervendb_stability_selector,delayed_collector,64.46332420000002,protocol_core_rf,0.42,,,,,,,,,,0.0,1.073910779568696e-15,0.0,0.9982949575222027,0.9973629296704809,1.0,0.9986797240049138,0.9977856144076511,1.002644042856486
uwf,heldout_family,credential_access,intervendb_shift_guard_selector,observed,64.46332420000002,protocol_core_rf,0.42,,,,,,,,,,0.0,1.073910779568696e-15,0.0,0.9982949575222027,0.9973629296704809,1.0,0.9986797240049138,0.9977856144076511,1.002644042856486
uwf,heldout_family,credential_access,intervendb_shift_guard_selector,low_sampling,64.46332420000002,protocol_core_rf,0.42,,,,,,,,,,0.0,1.073910779568696e-15,0.0,0.9982949575222027,0.9973629296704809,1.0,0.9986797240049138,0.9977856144076511,1.002644042856486
uwf,heldout_family,credential_access,intervendb_shift_guard_selector,congested_link,64.46332420000002,protocol_core_rf,0.42,,,,,,,,,,0.0,1.073910779568696e-15,0.0,0.9982949575222027,0.9973629296704809,1.0,0.9986797240049138,0.9977856144076511,1.002644042856486
uwf,heldout_family,credential_access,intervendb_shift_guard_selector,high_background,64.46332420000002,protocol_core_rf,0.42,,,,,,,,,,0.0,1.073910779568696e-15,0.0,0.9982949575222027,0.9973629296704809,1.0,0.9986797240049138,0.9977856144076511,1.002644042856486
uwf,heldout_family,credential_access,intervendb_shift_guard_selector,delayed_collector,64.46332420000002,protocol_core_rf,0.42,,,,,,,,,,0.0,1.073910779568696e-15,0.0,0.9982949575222027,0.9973629296704809,1.0,0.9986797240049138,0.9977856144076511,1.002644042856486
uwf,heldout_family,credential_access,intervendb_pareto_selector,observed,64.46332420000002,protocol_core_rf,0.42,,,,,,,,,,0.0,1.073910779568696e-15,0.0,0.9982949575222027,0.9973629296704809,1.0,0.9986797240049138,0.9977856144076511,1.002644042856486
uwf,heldout_family,credential_access,intervendb_pareto_selector,low_sampling,64.46332420000002,protocol_core_rf,0.42,,,,,,,,,,0.0,1.073910779568696e-15,0.0,0.9982949575222027,0.9973629296704809,1.0,0.9986797240049138,0.9977856144076511,1.002644042856486
uwf,heldout_family,credential_access,intervendb_pareto_selector,congested_link,64.46332420000002,protocol_core_rf,0.42,,,,,,,,,,0.0,1.073910779568696e-15,0.0,0.9982949575222027,0.9973629296704809,1.0,0.9986797240049138,0.9977856144076511,1.002644042856486
uwf,heldout_family,credential_access,intervendb_pareto_selector,high_background,64.46332420000002,protocol_core_rf,0.42,,,,,,,,,,0.0,1.073910779568696e-15,0.0,0.9982949575222027,0.9973629296704809,1.0,0.9986797240049138,0.9977856144076511,1.002644042856486
uwf,heldout_family,credential_access,intervendb_pareto_selector,delayed_collector,64.46332420000002,protocol_core_rf,0.42,,,,,,,,,,0.0,1.073910779568696e-15,0.0,0.9982949575222027,0.9973629296704809,1.0,0.9986797240049138,0.9977856144076511,1.002644042856486
uwf,heldout_family,credential_access,intervendb_tail_guard_ensemble,observed,64.46332420000002,protocol_core_rf+iforest_env_sensitive,0.42,0.5,,,,,,,,,0.33170352700404604,0.015653344779687196,0.11144164849315888,0.976159058223494,0.9643474790474923,1.0,0.9818501963971284,0.9974211742980653,1.0369706166367776
uwf,heldout_family,credential_access,intervendb_tail_guard_ensemble,low_sampling,64.46332420000002,protocol_core_rf+iforest_env_sensitive,0.42,0.5,,,,,,,,,0.33170352700404604,0.015653344779687196,0.11144164849315888,0.9981318665025872,0.997111416781293,1.0,0.9985536193952752,0.9976187205377565,1.002896951303628
uwf,heldout_family,credential_access,intervendb_tail_guard_ensemble,congested_link,64.46332420000002,protocol_core_rf+iforest_env_sensitive,0.42,0.5,,,,,,,,,0.33170352700404604,0.015653344779687196,0.11144164849315888,0.9154002401885926,0.8840243902439024,1.0,0.938442617645155,0.9966461225910767,1.131190509035729
uwf,heldout_family,credential_access,intervendb_tail_guard_ensemble,high_background,64.46332420000002,protocol_core_rf+iforest_env_sensitive,0.42,0.5,,,,,,,,,0.33170352700404604,0.015653344779687196,0.11144164849315888,0.9228876006345723,0.8931923195399938,1.0,0.9435832908481488,0.997105329338654,1.1195797121442037
uwf,heldout_family,credential_access,intervendb_tail_guard_ensemble,delayed_collector,64.46332420000002,protocol_core_rf+iforest_env_sensitive,0.42,0.5,,,,,,,,,0.33170352700404604,0.015653344779687196,0.11144164849315888,0.9719186917134935,0.9582709086102054,1.0,0.9786908485407618,0.9973769167836115,1.043546236262473
uwf,heldout_family,credential_access,intervendb_conformal_tail_guard,observed,64.46332420000002,protocol_core_rf+conformal_iforest_env_sensitive,0.42,0.9887341772151899,,,,,,,,,0.36994918380626607,0.00037593398917103193,0.37432423360030503,0.9934911856717126,0.9900075114378714,1.0,0.9949786679172338,0.9857394432884232,1.0100933462086725
uwf,heldout_family,credential_access,intervendb_conformal_tail_guard,low_sampling,64.46332420000002,protocol_core_rf+conformal_iforest_env_sensitive,0.42,0.9887341772151899,,,,,,,,,0.36994918380626607,0.00037593398917103193,0.37432423360030503,0.9982208252405592,0.9972485899023249,1.0,0.9986223997795839,0.9981049014475438,1.0027590012415506
uwf,heldout_family,credential_access,intervendb_conformal_tail_guard,congested_link,64.46332420000002,protocol_core_rf+conformal_iforest_env_sensitive,0.42,0.9887341772151899,,,,,,,,,0.36994918380626607,0.00037593398917103193,0.37432423360030503,0.995833765771643,0.9935808109651628,1.0,0.9967800708155244,0.990014972781331,1.0064606612406308
uwf,heldout_family,credential_access,intervendb_conformal_tail_guard,high_background,64.46332420000002,protocol_core_rf+conformal_iforest_env_sensitive,0.42,0.9887341772151899,,,,,,,,,0.36994918380626607,0.00037593398917103193,0.37432423360030503,0.9950331371298946,0.9923566588331927,1.0,0.9961636682202857,0.9889042553561753,1.0077022117993286
uwf,heldout_family,credential_access,intervendb_conformal_tail_guard,delayed_collector,64.46332420000002,protocol_core_rf+conformal_iforest_env_sensitive,0.42,0.9887341772151899,,,,,,,,,0.36994918380626607,0.00037593398917103193,0.37432423360030503,0.9934615327590552,0.9899624445203141,1.0,0.9949559070788869,0.9847739157167643,1.0101393295626984
uwf,heldout_family,credential_access,intervendb_gated_conformal_tail_guard,observed,64.46332420000002,protocol_core_rf+gated_conformal_iforest_env_sensitive,0.42,0.5,0.001,,,,,,,,0.36994918380626607,1.073910779568696e-15,0.37432423360030503,0.9747653713285988,0.9623418001593061,1.0,0.9808095613936182,0.9857394432884232,1.039131834275992
uwf,heldout_family,credential_access,intervendb_gated_conformal_tail_guard,low_sampling,64.46332420000002,protocol_core_rf+gated_conformal_iforest_env_sensitive,0.42,0.5,0.001,,,,,,,,0.36994918380626607,1.073910779568696e-15,0.37432423360030503,0.9747653713285988,0.9623418001593061,1.0,0.9808095613936182,0.9981049014475438,1.039131834275992
uwf,heldout_family,credential_access,intervendb_gated_conformal_tail_guard,congested_link,64.46332420000002,protocol_core_rf+gated_conformal_iforest_env_sensitive,0.42,0.5,0.001,,,,,,,,0.36994918380626607,1.073910779568696e-15,0.37432423360030503,0.9747653713285988,0.9623418001593061,1.0,0.9808095613936182,0.990014972781331,1.039131834275992
uwf,heldout_family,credential_access,intervendb_gated_conformal_tail_guard,high_background,64.46332420000002,protocol_core_rf+gated_conformal_iforest_env_sensitive,0.42,0.5,0.001,,,,,,,,0.36994918380626607,1.073910779568696e-15,0.37432423360030503,0.9747653713285988,0.9623418001593061,1.0,0.9808095613936182,0.9889042553561753,1.039131834275992
uwf,heldout_family,credential_access,intervendb_gated_conformal_tail_guard,delayed_collector,64.46332420000002,protocol_core_rf+gated_conformal_iforest_env_sensitive,0.42,0.5,0.001,,,,,,,,0.36994918380626607,1.073910779568696e-15,0.37432423360030503,0.9747653713285988,0.9623418001593061,1.0,0.9808095613936182,0.9847739157167643,1.039131834275992
uwf,heldout_family,credential_access,intervendb_openworld_selector,observed,64.46332420000002,openworld:protocol_core_rf,0.42,,,,,,,,,,0.0,1.073910779568696e-15,0.0,0.9982949575222027,0.9973629296704809,1.0,0.9986797240049138,0.9977856144076511,1.002644042856486
uwf,heldout_family,credential_access,intervendb_openworld_selector,low_sampling,64.46332420000002,openworld:protocol_core_rf,0.42,,,,,,,,,,0.0,1.073910779568696e-15,0.0,0.9982949575222027,0.9973629296704809,1.0,0.9986797240049138,0.9977856144076511,1.002644042856486
uwf,heldout_family,credential_access,intervendb_openworld_selector,congested_link,64.46332420000002,openworld:protocol_core_rf,0.42,,,,,,,,,,0.0,1.073910779568696e-15,0.0,0.9982949575222027,0.9973629296704809,1.0,0.9986797240049138,0.9977856144076511,1.002644042856486
uwf,heldout_family,credential_access,intervendb_openworld_selector,high_background,64.46332420000002,openworld:protocol_core_rf,0.42,,,,,,,,,,0.0,1.073910779568696e-15,0.0,0.9982949575222027,0.9973629296704809,1.0,0.9986797240049138,0.9977856144076511,1.002644042856486
uwf,heldout_family,credential_access,intervendb_openworld_selector,delayed_collector,64.46332420000002,openworld:protocol_core_rf,0.42,,,,,,,,,,0.0,1.073910779568696e-15,0.0,0.9982949575222027,0.9973629296704809,1.0,0.9986797240049138,0.9977856144076511,1.002644042856486
uwf,heldout_family,credential_access,intervendb_coverage_openworld_selector,observed,64.46332420000002,coverage:protocol_core_rf,0.42,,,0.6465669340370958,0.13370215311004785,,,,,,0.0,1.073910779568696e-15,0.0,0.9982949575222027,0.9973629296704809,1.0,0.9986797240049138,0.9977856144076511,1.002644042856486
uwf,heldout_family,credential_access,intervendb_coverage_openworld_selector,low_sampling,64.46332420000002,coverage:protocol_core_rf,0.42,,,0.6465669340370958,0.13370215311004785,,,,,,0.0,1.073910779568696e-15,0.0,0.9982949575222027,0.9973629296704809,1.0,0.9986797240049138,0.9977856144076511,1.002644042856486
uwf,heldout_family,credential_access,intervendb_coverage_openworld_selector,congested_link,64.46332420000002,coverage:protocol_core_rf,0.42,,,0.6465669340370958,0.13370215311004785,,,,,,0.0,1.073910779568696e-15,0.0,0.9982949575222027,0.9973629296704809,1.0,0.9986797240049138,0.9977856144076511,1.002644042856486
uwf,heldout_family,credential_access,intervendb_coverage_openworld_selector,high_background,64.46332420000002,coverage:protocol_core_rf,0.42,,,0.6465669340370958,0.13370215311004785,,,,,,0.0,1.073910779568696e-15,0.0,0.9982949575222027,0.9973629296704809,1.0,0.9986797240049138,0.9977856144076511,1.002644042856486
uwf,heldout_family,credential_access,intervendb_coverage_openworld_selector,delayed_collector,64.46332420000002,coverage:protocol_core_rf,0.42,,,0.6465669340370958,0.13370215311004785,,,,,,0.0,1.073910779568696e-15,0.0,0.9982949575222027,0.9973629296704809,1.0,0.9986797240049138,0.9977856144076511,1.002644042856486
uwf,heldout_family,credential_access,intervendb_coverage_lift_openworld_selector,observed,64.46332420000002,coverage_lift:protocol_core_rf,0.42,,,0.6465669340370958,0.13370215311004785,0.0,0.6700965202306997,0.023529586193603902,0.03,0.12701704545454545,0.0,1.073910779568696e-15,0.0,0.9982949575222027,0.9973629296704809,1.0,0.9986797240049138,0.9977856144076511,1.002644042856486
uwf,heldout_family,credential_access,intervendb_coverage_lift_openworld_selector,low_sampling,64.46332420000002,coverage_lift:protocol_core_rf,0.42,,,0.6465669340370958,0.13370215311004785,0.0,0.6700965202306997,0.023529586193603902,0.03,0.12701704545454545,0.0,1.073910779568696e-15,0.0,0.9982949575222027,0.9973629296704809,1.0,0.9986797240049138,0.9977856144076511,1.002644042856486
uwf,heldout_family,credential_access,intervendb_coverage_lift_openworld_selector,congested_link,64.46332420000002,coverage_lift:protocol_core_rf,0.42,,,0.6465669340370958,0.13370215311004785,0.0,0.6700965202306997,0.023529586193603902,0.03,0.12701704545454545,0.0,1.073910779568696e-15,0.0,0.9982949575222027,0.9973629296704809,1.0,0.9986797240049138,0.9977856144076511,1.002644042856486
uwf,heldout_family,credential_access,intervendb_coverage_lift_openworld_selector,high_background,64.46332420000002,coverage_lift:protocol_core_rf,0.42,,,0.6465669340370958,0.13370215311004785,0.0,0.6700965202306997,0.023529586193603902,0.03,0.12701704545454545,0.0,1.073910779568696e-15,0.0,0.9982949575222027,0.9973629296704809,1.0,0.9986797240049138,0.9977856144076511,1.002644042856486
uwf,heldout_family,credential_access,intervendb_coverage_lift_openworld_selector,delayed_collector,64.46332420000002,coverage_lift:protocol_core_rf,0.42,,,0.6465669340370958,0.13370215311004785,0.0,0.6700965202306997,0.023529586193603902,0.03,0.12701704545454545,0.0,1.073910779568696e-15,0.0,0.9982949575222027,0.9973629296704809,1.0,0.9986797240049138,0.9977856144076511,1.002644042856486
uwf,heldout_family,credential_access,intervendb_adaptive_openworld_selector,observed,64.46332420000002,adaptive:protocol_core_rf,0.42,,,0.6465669340370958,0.13370215311004785,0.0,0.6700965202306997,0.023529586193603902,0.03,0.12701704545454545,0.0,1.073910779568696e-15,0.0,0.9982949575222027,0.9973629296704809,1.0,0.9986797240049138,0.9977856144076511,1.002644042856486
uwf,heldout_family,credential_access,intervendb_adaptive_openworld_selector,low_sampling,64.46332420000002,adaptive:protocol_core_rf,0.42,,,0.6465669340370958,0.13370215311004785,0.0,0.6700965202306997,0.023529586193603902,0.03,0.12701704545454545,0.0,1.073910779568696e-15,0.0,0.9982949575222027,0.9973629296704809,1.0,0.9986797240049138,0.9977856144076511,1.002644042856486
uwf,heldout_family,credential_access,intervendb_adaptive_openworld_selector,congested_link,64.46332420000002,adaptive:protocol_core_rf,0.42,,,0.6465669340370958,0.13370215311004785,0.0,0.6700965202306997,0.023529586193603902,0.03,0.12701704545454545,0.0,1.073910779568696e-15,0.0,0.9982949575222027,0.9973629296704809,1.0,0.9986797240049138,0.9977856144076511,1.002644042856486
uwf,heldout_family,credential_access,intervendb_adaptive_openworld_selector,high_background,64.46332420000002,adaptive:protocol_core_rf,0.42,,,0.6465669340370958,0.13370215311004785,0.0,0.6700965202306997,0.023529586193603902,0.03,0.12701704545454545,0.0,1.073910779568696e-15,0.0,0.9982949575222027,0.9973629296704809,1.0,0.9986797240049138,0.9977856144076511,1.002644042856486
uwf,heldout_family,credential_access,intervendb_adaptive_openworld_selector,delayed_collector,64.46332420000002,adaptive:protocol_core_rf,0.42,,,0.6465669340370958,0.13370215311004785,0.0,0.6700965202306997,0.023529586193603902,0.03,0.12701704545454545,0.0,1.073910779568696e-15,0.0,0.9982949575222027,0.9973629296704809,1.0,0.9986797240049138,0.9977856144076511,1.002644042856486
uwf,heldout_family,credential_access,intervendb_counterfactual_ensemble,congested_link,64.46332420000002,weighted_pool,0.5196,,,,,,,,,,0.37182570111188473,2.943445433943405e-06,0.5168059454819982,0.9987990570373775,0.9981411359724612,1.0,0.9990697033387314,0.9979466242972476,1.0018623258380466
uwf,heldout_family,credential_access,intervendb_counterfactual_ensemble,delayed_collector,64.46332420000002,weighted_pool,0.5196,,,,,,,,,,0.37182570111188473,2.943445433943405e-06,0.5168059454819982,0.9989473216006642,0.9983702513485596,1.0,0.9991844611125787,0.9976847583779773,1.0016324090679174
uwf,heldout_family,credential_access,intervendb_counterfactual_ensemble,high_background,64.46332420000002,weighted_pool,0.5196,,,,,,,,,,0.37182570111188473,2.943445433943405e-06,0.5168059454819982,0.9987397512120628,0.9980495192638656,1.0,0.9990238076097068,0.99790462054882,1.0019542925460982
uwf,heldout_family,credential_access,intervendb_counterfactual_ensemble,low_sampling,64.46332420000002,weighted_pool,0.5196,,,,,,,,,,0.37182570111188473,2.943445433943405e-06,0.5168059454819982,0.9988731893190209,0.9982556805141152,1.0,0.999127078930442,0.9979691849943007,1.001747367452982
uwf,heldout_family,credential_access,intervendb_counterfactual_ensemble,observed,64.46332420000002,weighted_pool,0.5196,,,,,,,,,,0.37182570111188473,2.943445433943405e-06,0.5168059454819982,0.9989473216006642,0.9983702513485596,1.0,0.9991844611125787,0.9978317129456308,1.0016324090679174
uwf,heldout_family,credential_access,intervendb_env_calibrated_ensemble,congested_link,64.46332420000002,weighted_pool_env_calibrated,0.5196,,,,,,,,,,0.37182570111188473,2.332898898708074e-07,0.5168059454819982,0.9987694041247202,0.9980953255157538,1.0,0.9990467549471121,0.9979466242972476,1.0019083091920724
uwf,heldout_family,credential_access,intervendb_env_calibrated_ensemble,delayed_collector,64.46332420000002,weighted_pool_env_calibrated,0.5196,,,,,,,,,,0.37182570111188473,2.332898898708074e-07,0.5168059454819982,0.9987249247557342,0.9980266177145479,1.0,0.9990123343363116,0.9976847583779773,1.0019772842231112
uwf,heldout_family,credential_access,intervendb_env_calibrated_ensemble,high_background,64.46332420000002,weighted_pool_env_calibrated,0.5196,,,,,,,,,,0.37182570111188473,2.332898898708074e-07,0.5168059454819982,0.9987397512120628,0.9980495192638656,1.0,0.9990238076097068,0.99790462054882,1.0019542925460982
uwf,heldout_family,credential_access,intervendb_env_calibrated_ensemble,low_sampling,64.46332420000002,weighted_pool_env_calibrated,0.5196,,,,,,,,,,0.37182570111188473,2.332898898708074e-07,0.5168059454819982,0.9987842305810488,0.9981182302184689,1.0,0.9990582290111404,0.9979691849943007,1.0018853175150595
uwf,heldout_family,credential_access,intervendb_env_calibrated_ensemble,observed,64.46332420000002,weighted_pool_env_calibrated,0.5196,,,,,,,,,,0.37182570111188473,2.332898898708074e-07,0.5168059454819982,0.9987249247557342,0.9980266177145479,1.0,0.9990123343363116,0.9978317129456308,1.0019772842231112
uwf,heldout_family,defense_evasion,intervendb_observed_selector,observed,32.114344700000004,rf_full,0.6567999999999999,,,,,,,,,,0.6572584600809642,0.12796742586906343,0.6228469937388987,1.0,1.0,1.0,1.0,1.0,1.0
uwf,heldout_family,defense_evasion,intervendb_observed_selector,low_sampling,32.114344700000004,rf_full,0.6567999999999999,,,,,,,,,,0.6572584600809642,0.12796742586906343,0.6228469937388987,0.598159509202454,1.0,0.19631901840490798,0.3282051282051282,1.0,0.19631901840490798
uwf,heldout_family,defense_evasion,intervendb_observed_selector,congested_link,32.114344700000004,rf_full,0.6567999999999999,,,,,,,,,,0.6572584600809642,0.12796742586906343,0.6228469937388987,0.8895705521472392,1.0,0.7791411042944786,0.8758620689655173,0.9998776769919832,0.7791411042944786
uwf,heldout_family,defense_evasion,intervendb_observed_selector,high_background,32.114344700000004,rf_full,0.6567999999999999,,,,,,,,,,0.6572584600809642,0.12796742586906343,0.6228469937388987,0.8941717791411042,0.9849056603773585,0.8006134969325154,0.883248730964467,0.9945613308743272,0.8128834355828221
uwf,heldout_family,defense_evasion,intervendb_observed_selector,delayed_collector,32.114344700000004,rf_full,0.6567999999999999,,,,,,,,,,0.6572584600809642,0.12796742586906343,0.6228469937388987,1.0,1.0,1.0,1.0,1.0,1.0
uwf,heldout_family,defense_evasion,intervendb_minimax_selector,observed,32.114344700000004,protocol_core_rf,0.42,,,,,,,,,,0.0,0.0,0.0,1.0,1.0,1.0,1.0,1.0,1.0
uwf,heldout_family,defense_evasion,intervendb_minimax_selector,low_sampling,32.114344700000004,protocol_core_rf,0.42,,,,,,,,,,0.0,0.0,0.0,1.0,1.0,1.0,1.0,1.0,1.0
uwf,heldout_family,defense_evasion,intervendb_minimax_selector,congested_link,32.114344700000004,protocol_core_rf,0.42,,,,,,,,,,0.0,0.0,0.0,1.0,1.0,1.0,1.0,1.0,1.0
uwf,heldout_family,defense_evasion,intervendb_minimax_selector,high_background,32.114344700000004,protocol_core_rf,0.42,,,,,,,,,,0.0,0.0,0.0,1.0,1.0,1.0,1.0,1.0,1.0
uwf,heldout_family,defense_evasion,intervendb_minimax_selector,delayed_collector,32.114344700000004,protocol_core_rf,0.42,,,,,,,,,,0.0,0.0,0.0,1.0,1.0,1.0,1.0,1.0,1.0
uwf,heldout_family,defense_evasion,intervendb_stability_selector,observed,32.114344700000004,protocol_core_rf,0.42,,,,,,,,,,0.0,0.0,0.0,1.0,1.0,1.0,1.0,1.0,1.0
uwf,heldout_family,defense_evasion,intervendb_stability_selector,low_sampling,32.114344700000004,protocol_core_rf,0.42,,,,,,,,,,0.0,0.0,0.0,1.0,1.0,1.0,1.0,1.0,1.0
uwf,heldout_family,defense_evasion,intervendb_stability_selector,congested_link,32.114344700000004,protocol_core_rf,0.42,,,,,,,,,,0.0,0.0,0.0,1.0,1.0,1.0,1.0,1.0,1.0
uwf,heldout_family,defense_evasion,intervendb_stability_selector,high_background,32.114344700000004,protocol_core_rf,0.42,,,,,,,,,,0.0,0.0,0.0,1.0,1.0,1.0,1.0,1.0,1.0
uwf,heldout_family,defense_evasion,intervendb_stability_selector,delayed_collector,32.114344700000004,protocol_core_rf,0.42,,,,,,,,,,0.0,0.0,0.0,1.0,1.0,1.0,1.0,1.0,1.0
uwf,heldout_family,defense_evasion,intervendb_shift_guard_selector,observed,32.114344700000004,protocol_core_rf,0.42,,,,,,,,,,0.0,0.0,0.0,1.0,1.0,1.0,1.0,1.0,1.0
uwf,heldout_family,defense_evasion,intervendb_shift_guard_selector,low_sampling,32.114344700000004,protocol_core_rf,0.42,,,,,,,,,,0.0,0.0,0.0,1.0,1.0,1.0,1.0,1.0,1.0
uwf,heldout_family,defense_evasion,intervendb_shift_guard_selector,congested_link,32.114344700000004,protocol_core_rf,0.42,,,,,,,,,,0.0,0.0,0.0,1.0,1.0,1.0,1.0,1.0,1.0
uwf,heldout_family,defense_evasion,intervendb_shift_guard_selector,high_background,32.114344700000004,protocol_core_rf,0.42,,,,,,,,,,0.0,0.0,0.0,1.0,1.0,1.0,1.0,1.0,1.0
uwf,heldout_family,defense_evasion,intervendb_shift_guard_selector,delayed_collector,32.114344700000004,protocol_core_rf,0.42,,,,,,,,,,0.0,0.0,0.0,1.0,1.0,1.0,1.0,1.0,1.0
uwf,heldout_family,defense_evasion,intervendb_pareto_selector,observed,32.114344700000004,protocol_core_rf,0.42,,,,,,,,,,0.0,0.0,0.0,1.0,1.0,1.0,1.0,1.0,1.0
uwf,heldout_family,defense_evasion,intervendb_pareto_selector,low_sampling,32.114344700000004,protocol_core_rf,0.42,,,,,,,,,,0.0,0.0,0.0,1.0,1.0,1.0,1.0,1.0,1.0
uwf,heldout_family,defense_evasion,intervendb_pareto_selector,congested_link,32.114344700000004,protocol_core_rf,0.42,,,,,,,,,,0.0,0.0,0.0,1.0,1.0,1.0,1.0,1.0,1.0
uwf,heldout_family,defense_evasion,intervendb_pareto_selector,high_background,32.114344700000004,protocol_core_rf,0.42,,,,,,,,,,0.0,0.0,0.0,1.0,1.0,1.0,1.0,1.0,1.0
uwf,heldout_family,defense_evasion,intervendb_pareto_selector,delayed_collector,32.114344700000004,protocol_core_rf,0.42,,,,,,,,,,0.0,0.0,0.0,1.0,1.0,1.0,1.0,1.0,1.0
uwf,heldout_family,defense_evasion,intervendb_tail_guard_ensemble,observed,32.114344700000004,protocol_core_rf+iforest_env_sensitive,0.42,0.5,,,,,,,,,0.28179429510719245,0.0227496057259838,0.10398172849460216,0.9355828220858896,0.8858695652173914,1.0,0.9394812680115274,0.9972900748993188,1.1288343558282208
uwf,heldout_family,defense_evasion,intervendb_tail_guard_ensemble,low_sampling,32.114344700000004,protocol_core_rf+iforest_env_sensitive,0.42,0.5,,,,,,,,,0.28179429510719245,0.0227496057259838,0.10398172849460216,0.9984662576687117,0.9969418960244648,1.0,0.9984686064318529,1.0,1.0030674846625767
uwf,heldout_family,defense_evasion,intervendb_tail_guard_ensemble,congested_link,32.114344700000004,protocol_core_rf+iforest_env_sensitive,0.42,0.5,,,,,,,,,0.28179429510719245,0.0227496057259838,0.10398172849460216,0.906441717791411,0.8423772609819121,1.0,0.9144460028050492,0.9971489329669916,1.187116564417178
uwf,heldout_family,defense_evasion,intervendb_tail_guard_ensemble,high_background,32.114344700000004,protocol_core_rf+iforest_env_sensitive,0.42,0.5,,,,,,,,,0.28179429510719245,0.0227496057259838,0.10398172849460216,0.8512269938650306,0.7706855791962175,1.0,0.8704939919893191,0.9971395235048365,1.2975460122699387
uwf,heldout_family,defense_evasion,intervendb_tail_guard_ensemble,delayed_collector,32.114344700000004,protocol_core_rf+iforest_env_sensitive,0.42,0.5,,,,,,,,,0.28179429510719245,0.0227496057259838,0.10398172849460216,0.9401840490797546,0.8931506849315068,1.0,0.94356005788712,0.9972900748993188,1.1196319018404908
uwf,heldout_family,defense_evasion,intervendb_conformal_tail_guard,observed,32.114344700000004,protocol_core_rf+conformal_iforest_env_sensitive,0.42,0.995,,,,,,,,,0.3572149844884661,0.0017744730595892892,0.22101668339254357,0.9923312883435583,0.9848942598187311,1.0,0.9923896499238966,0.9865726975046107,1.0153374233128833
uwf,heldout_family,defense_evasion,intervendb_conformal_tail_guard,low_sampling,32.114344700000004,protocol_core_rf+conformal_iforest_env_sensitive,0.42,0.995,,,,,,,,,0.3572149844884661,0.0017744730595892892,0.22101668339254357,1.0,1.0,1.0,1.0,0.9999811810756897,1.0
uwf,heldout_family,defense_evasion,intervendb_conformal_tail_guard,congested_link,32.114344700000004,protocol_core_rf+conformal_iforest_env_sensitive,0.42,0.995,,,,,,,,,0.3572149844884661,0.0017744730595892892,0.22101668339254357,0.9923312883435583,0.9848942598187311,1.0,0.9923896499238966,0.9862151379427152,1.0153374233128833
uwf,heldout_family,defense_evasion,intervendb_conformal_tail_guard,high_background,32.114344700000004,protocol_core_rf+conformal_iforest_env_sensitive,0.42,0.995,,,,,,,,,0.3572149844884661,0.0017744730595892892,0.22101668339254357,0.9969325153374233,0.9939024390243902,1.0,0.9969418960244648,0.9932910534833829,1.0061349693251533
uwf,heldout_family,defense_evasion,intervendb_conformal_tail_guard,delayed_collector,32.114344700000004,protocol_core_rf+conformal_iforest_env_sensitive,0.42,0.995,,,,,,,,,0.3572149844884661,0.0017744730595892892,0.22101668339254357,0.9892638036809815,0.978978978978979,1.0,0.9893778452200305,0.9815292257894539,1.021472392638037
uwf,heldout_family,defense_evasion,intervendb_gated_conformal_tail_guard,observed,32.114344700000004,protocol_core_rf+gated_conformal_iforest_env_sensitive,0.42,0.5,0.001,,,,,,,,0.3572149844884661,0.0,0.22101668339254357,0.9647239263803681,0.9340974212034384,1.0,0.965925925925926,0.9865726975046107,1.0705521472392638
uwf,heldout_family,defense_evasion,intervendb_gated_conformal_tail_guard,low_sampling,32.114344700000004,protocol_core_rf+gated_conformal_iforest_env_sensitive,0.42,0.5,0.001,,,,,,,,0.3572149844884661,0.0,0.22101668339254357,0.9647239263803681,0.9340974212034384,1.0,0.965925925925926,0.9999811810756897,1.0705521472392638
uwf,heldout_family,defense_evasion,intervendb_gated_conformal_tail_guard,congested_link,32.114344700000004,protocol_core_rf+gated_conformal_iforest_env_sensitive,0.42,0.5,0.001,,,,,,,,0.3572149844884661,0.0,0.22101668339254357,0.9647239263803681,0.9340974212034384,1.0,0.965925925925926,0.9862151379427152,1.0705521472392638
uwf,heldout_family,defense_evasion,intervendb_gated_conformal_tail_guard,high_background,32.114344700000004,protocol_core_rf+gated_conformal_iforest_env_sensitive,0.42,0.5,0.001,,,,,,,,0.3572149844884661,0.0,0.22101668339254357,0.9647239263803681,0.9340974212034384,1.0,0.965925925925926,0.9932910534833829,1.0705521472392638
uwf,heldout_family,defense_evasion,intervendb_gated_conformal_tail_guard,delayed_collector,32.114344700000004,protocol_core_rf+gated_conformal_iforest_env_sensitive,0.42,0.5,0.001,,,,,,,,0.3572149844884661,0.0,0.22101668339254357,0.9647239263803681,0.9340974212034384,1.0,0.965925925925926,0.9815292257894539,1.0705521472392638
uwf,heldout_family,defense_evasion,intervendb_openworld_selector,observed,32.114344700000004,openworld:protocol_core_rf,0.42,,,,,,,,,,0.0,0.0,0.0,1.0,1.0,1.0,1.0,1.0,1.0
uwf,heldout_family,defense_evasion,intervendb_openworld_selector,low_sampling,32.114344700000004,openworld:protocol_core_rf,0.42,,,,,,,,,,0.0,0.0,0.0,1.0,1.0,1.0,1.0,1.0,1.0
uwf,heldout_family,defense_evasion,intervendb_openworld_selector,congested_link,32.114344700000004,openworld:protocol_core_rf,0.42,,,,,,,,,,0.0,0.0,0.0,1.0,1.0,1.0,1.0,1.0,1.0
uwf,heldout_family,defense_evasion,intervendb_openworld_selector,high_background,32.114344700000004,openworld:protocol_core_rf,0.42,,,,,,,,,,0.0,0.0,0.0,1.0,1.0,1.0,1.0,1.0,1.0
uwf,heldout_family,defense_evasion,intervendb_openworld_selector,delayed_collector,32.114344700000004,openworld:protocol_core_rf,0.42,,,,,,,,,,0.0,0.0,0.0,1.0,1.0,1.0,1.0,1.0,1.0
uwf,heldout_family,defense_evasion,intervendb_coverage_openworld_selector,observed,32.114344700000004,coverage:protocol_core_rf,0.42,,,0.5,0.42526334029973006,,,,,,0.0,0.0,0.0,1.0,1.0,1.0,1.0,1.0,1.0
uwf,heldout_family,defense_evasion,intervendb_coverage_openworld_selector,low_sampling,32.114344700000004,coverage:protocol_core_rf,0.42,,,0.5,0.42526334029973006,,,,,,0.0,0.0,0.0,1.0,1.0,1.0,1.0,1.0,1.0
uwf,heldout_family,defense_evasion,intervendb_coverage_openworld_selector,congested_link,32.114344700000004,coverage:protocol_core_rf,0.42,,,0.5,0.42526334029973006,,,,,,0.0,0.0,0.0,1.0,1.0,1.0,1.0,1.0,1.0
uwf,heldout_family,defense_evasion,intervendb_coverage_openworld_selector,high_background,32.114344700000004,coverage:protocol_core_rf,0.42,,,0.5,0.42526334029973006,,,,,,0.0,0.0,0.0,1.0,1.0,1.0,1.0,1.0,1.0
uwf,heldout_family,defense_evasion,intervendb_coverage_openworld_selector,delayed_collector,32.114344700000004,coverage:protocol_core_rf,0.42,,,0.5,0.42526334029973006,,,,,,0.0,0.0,0.0,1.0,1.0,1.0,1.0,1.0,1.0
uwf,heldout_family,defense_evasion,intervendb_coverage_lift_openworld_selector,observed,32.114344700000004,coverage_lift:protocol_core_rf,0.42,,,0.5,0.42526334029973006,0.0,0.5352760736196319,0.03527607361963192,0.03,0.4040001732847435,0.0,0.0,0.0,1.0,1.0,1.0,1.0,1.0,1.0
uwf,heldout_family,defense_evasion,intervendb_coverage_lift_openworld_selector,low_sampling,32.114344700000004,coverage_lift:protocol_core_rf,0.42,,,0.5,0.42526334029973006,0.0,0.5352760736196319,0.03527607361963192,0.03,0.4040001732847435,0.0,0.0,0.0,1.0,1.0,1.0,1.0,1.0,1.0
uwf,heldout_family,defense_evasion,intervendb_coverage_lift_openworld_selector,congested_link,32.114344700000004,coverage_lift:protocol_core_rf,0.42,,,0.5,0.42526334029973006,0.0,0.5352760736196319,0.03527607361963192,0.03,0.4040001732847435,0.0,0.0,0.0,1.0,1.0,1.0,1.0,1.0,1.0
uwf,heldout_family,defense_evasion,intervendb_coverage_lift_openworld_selector,high_background,32.114344700000004,coverage_lift:protocol_core_rf,0.42,,,0.5,0.42526334029973006,0.0,0.5352760736196319,0.03527607361963192,0.03,0.4040001732847435,0.0,0.0,0.0,1.0,1.0,1.0,1.0,1.0,1.0
uwf,heldout_family,defense_evasion,intervendb_coverage_lift_openworld_selector,delayed_collector,32.114344700000004,coverage_lift:protocol_core_rf,0.42,,,0.5,0.42526334029973006,0.0,0.5352760736196319,0.03527607361963192,0.03,0.4040001732847435,0.0,0.0,0.0,1.0,1.0,1.0,1.0,1.0,1.0
uwf,heldout_family,defense_evasion,intervendb_adaptive_openworld_selector,observed,32.114344700000004,adaptive:protocol_core_rf,0.42,,,0.5,0.42526334029973006,0.0,0.5352760736196319,0.03527607361963192,0.03,0.4040001732847435,0.0,0.0,0.0,1.0,1.0,1.0,1.0,1.0,1.0
uwf,heldout_family,defense_evasion,intervendb_adaptive_openworld_selector,low_sampling,32.114344700000004,adaptive:protocol_core_rf,0.42,,,0.5,0.42526334029973006,0.0,0.5352760736196319,0.03527607361963192,0.03,0.4040001732847435,0.0,0.0,0.0,1.0,1.0,1.0,1.0,1.0,1.0
uwf,heldout_family,defense_evasion,intervendb_adaptive_openworld_selector,congested_link,32.114344700000004,adaptive:protocol_core_rf,0.42,,,0.5,0.42526334029973006,0.0,0.5352760736196319,0.03527607361963192,0.03,0.4040001732847435,0.0,0.0,0.0,1.0,1.0,1.0,1.0,1.0,1.0
uwf,heldout_family,defense_evasion,intervendb_adaptive_openworld_selector,high_background,32.114344700000004,adaptive:protocol_core_rf,0.42,,,0.5,0.42526334029973006,0.0,0.5352760736196319,0.03527607361963192,0.03,0.4040001732847435,0.0,0.0,0.0,1.0,1.0,1.0,1.0,1.0,1.0
uwf,heldout_family,defense_evasion,intervendb_adaptive_openworld_selector,delayed_collector,32.114344700000004,adaptive:protocol_core_rf,0.42,,,0.5,0.42526334029973006,0.0,0.5352760736196319,0.03527607361963192,0.03,0.4040001732847435,0.0,0.0,0.0,1.0,1.0,1.0,1.0,1.0,1.0
uwf,heldout_family,defense_evasion,intervendb_counterfactual_ensemble,congested_link,32.114344700000004,weighted_pool,0.5588,,,,,,,,,,0.5595106688987703,0.0,0.6051179091068034,1.0,1.0,1.0,1.0,1.0,1.0
uwf,heldout_family,defense_evasion,intervendb_counterfactual_ensemble,delayed_collector,32.114344700000004,weighted_pool,0.5588,,,,,,,,,,0.5595106688987703,0.0,0.6051179091068034,1.0,1.0,1.0,1.0,1.0,1.0
uwf,heldout_family,defense_evasion,intervendb_counterfactual_ensemble,high_background,32.114344700000004,weighted_pool,0.5588,,,,,,,,,,0.5595106688987703,0.0,0.6051179091068034,1.0,1.0,1.0,1.0,1.0,1.0
uwf,heldout_family,defense_evasion,intervendb_counterfactual_ensemble,low_sampling,32.114344700000004,weighted_pool,0.5588,,,,,,,,,,0.5595106688987703,0.0,0.6051179091068034,1.0,1.0,1.0,1.0,1.0,1.0
uwf,heldout_family,defense_evasion,intervendb_counterfactual_ensemble,observed,32.114344700000004,weighted_pool,0.5588,,,,,,,,,,0.5595106688987703,0.0,0.6051179091068034,1.0,1.0,1.0,1.0,1.0,1.0
uwf,heldout_family,defense_evasion,intervendb_env_calibrated_ensemble,congested_link,32.114344700000004,weighted_pool_env_calibrated,0.5588,,,,,,,,,,0.5595106688987703,0.0,0.6051179091068034,1.0,1.0,1.0,1.0,1.0,1.0
uwf,heldout_family,defense_evasion,intervendb_env_calibrated_ensemble,delayed_collector,32.114344700000004,weighted_pool_env_calibrated,0.5588,,,,,,,,,,0.5595106688987703,0.0,0.6051179091068034,1.0,1.0,1.0,1.0,1.0,1.0
uwf,heldout_family,defense_evasion,intervendb_env_calibrated_ensemble,high_background,32.114344700000004,weighted_pool_env_calibrated,0.5588,,,,,,,,,,0.5595106688987703,0.0,0.6051179091068034,1.0,1.0,1.0,1.0,1.0,1.0
uwf,heldout_family,defense_evasion,intervendb_env_calibrated_ensemble,low_sampling,32.114344700000004,weighted_pool_env_calibrated,0.5588,,,,,,,,,,0.5595106688987703,0.0,0.6051179091068034,1.0,1.0,1.0,1.0,1.0,1.0
uwf,heldout_family,defense_evasion,intervendb_env_calibrated_ensemble,observed,32.114344700000004,weighted_pool_env_calibrated,0.5588,,,,,,,,,,0.5595106688987703,0.0,0.6051179091068034,1.0,1.0,1.0,1.0,1.0,1.0
uwf,heldout_family,exfiltration,intervendb_observed_selector,observed,36.104271100000005,protocol_core_rf,0.2256,,,,,,,,,,0.0,0.0,0.0,1.0,1.0,1.0,1.0,1.0,1.0
uwf,heldout_family,exfiltration,intervendb_observed_selector,low_sampling,36.104271100000005,protocol_core_rf,0.2256,,,,,,,,,,0.0,0.0,0.0,1.0,1.0,1.0,1.0,1.0,1.0
uwf,heldout_family,exfiltration,intervendb_observed_selector,congested_link,36.104271100000005,protocol_core_rf,0.2256,,,,,,,,,,0.0,0.0,0.0,1.0,1.0,1.0,1.0,1.0,1.0
uwf,heldout_family,exfiltration,intervendb_observed_selector,high_background,36.104271100000005,protocol_core_rf,0.2256,,,,,,,,,,0.0,0.0,0.0,1.0,1.0,1.0,1.0,1.0,1.0
uwf,heldout_family,exfiltration,intervendb_observed_selector,delayed_collector,36.104271100000005,protocol_core_rf,0.2256,,,,,,,,,,0.0,0.0,0.0,1.0,1.0,1.0,1.0,1.0,1.0
uwf,heldout_family,exfiltration,intervendb_minimax_selector,observed,36.104271100000005,protocol_core_rf,0.2256,,,,,,,,,,0.0,0.0,0.0,1.0,1.0,1.0,1.0,1.0,1.0
uwf,heldout_family,exfiltration,intervendb_minimax_selector,low_sampling,36.104271100000005,protocol_core_rf,0.2256,,,,,,,,,,0.0,0.0,0.0,1.0,1.0,1.0,1.0,1.0,1.0
uwf,heldout_family,exfiltration,intervendb_minimax_selector,congested_link,36.104271100000005,protocol_core_rf,0.2256,,,,,,,,,,0.0,0.0,0.0,1.0,1.0,1.0,1.0,1.0,1.0
uwf,heldout_family,exfiltration,intervendb_minimax_selector,high_background,36.104271100000005,protocol_core_rf,0.2256,,,,,,,,,,0.0,0.0,0.0,1.0,1.0,1.0,1.0,1.0,1.0
uwf,heldout_family,exfiltration,intervendb_minimax_selector,delayed_collector,36.104271100000005,protocol_core_rf,0.2256,,,,,,,,,,0.0,0.0,0.0,1.0,1.0,1.0,1.0,1.0,1.0
uwf,heldout_family,exfiltration,intervendb_stability_selector,observed,36.104271100000005,protocol_core_rf,0.2256,,,,,,,,,,0.0,0.0,0.0,1.0,1.0,1.0,1.0,1.0,1.0
uwf,heldout_family,exfiltration,intervendb_stability_selector,low_sampling,36.104271100000005,protocol_core_rf,0.2256,,,,,,,,,,0.0,0.0,0.0,1.0,1.0,1.0,1.0,1.0,1.0
uwf,heldout_family,exfiltration,intervendb_stability_selector,congested_link,36.104271100000005,protocol_core_rf,0.2256,,,,,,,,,,0.0,0.0,0.0,1.0,1.0,1.0,1.0,1.0,1.0
uwf,heldout_family,exfiltration,intervendb_stability_selector,high_background,36.104271100000005,protocol_core_rf,0.2256,,,,,,,,,,0.0,0.0,0.0,1.0,1.0,1.0,1.0,1.0,1.0
uwf,heldout_family,exfiltration,intervendb_stability_selector,delayed_collector,36.104271100000005,protocol_core_rf,0.2256,,,,,,,,,,0.0,0.0,0.0,1.0,1.0,1.0,1.0,1.0,1.0
uwf,heldout_family,exfiltration,intervendb_shift_guard_selector,observed,36.104271100000005,protocol_core_rf,0.2256,,,,,,,,,,0.0,0.0,0.0,1.0,1.0,1.0,1.0,1.0,1.0
uwf,heldout_family,exfiltration,intervendb_shift_guard_selector,low_sampling,36.104271100000005,protocol_core_rf,0.2256,,,,,,,,,,0.0,0.0,0.0,1.0,1.0,1.0,1.0,1.0,1.0
uwf,heldout_family,exfiltration,intervendb_shift_guard_selector,congested_link,36.104271100000005,protocol_core_rf,0.2256,,,,,,,,,,0.0,0.0,0.0,1.0,1.0,1.0,1.0,1.0,1.0
uwf,heldout_family,exfiltration,intervendb_shift_guard_selector,high_background,36.104271100000005,protocol_core_rf,0.2256,,,,,,,,,,0.0,0.0,0.0,1.0,1.0,1.0,1.0,1.0,1.0
uwf,heldout_family,exfiltration,intervendb_shift_guard_selector,delayed_collector,36.104271100000005,protocol_core_rf,0.2256,,,,,,,,,,0.0,0.0,0.0,1.0,1.0,1.0,1.0,1.0,1.0
uwf,heldout_family,exfiltration,intervendb_pareto_selector,observed,36.104271100000005,protocol_core_rf,0.2256,,,,,,,,,,0.0,0.0,0.0,1.0,1.0,1.0,1.0,1.0,1.0
uwf,heldout_family,exfiltration,intervendb_pareto_selector,low_sampling,36.104271100000005,protocol_core_rf,0.2256,,,,,,,,,,0.0,0.0,0.0,1.0,1.0,1.0,1.0,1.0,1.0
uwf,heldout_family,exfiltration,intervendb_pareto_selector,congested_link,36.104271100000005,protocol_core_rf,0.2256,,,,,,,,,,0.0,0.0,0.0,1.0,1.0,1.0,1.0,1.0,1.0
uwf,heldout_family,exfiltration,intervendb_pareto_selector,high_background,36.104271100000005,protocol_core_rf,0.2256,,,,,,,,,,0.0,0.0,0.0,1.0,1.0,1.0,1.0,1.0,1.0
uwf,heldout_family,exfiltration,intervendb_pareto_selector,delayed_collector,36.104271100000005,protocol_core_rf,0.2256,,,,,,,,,,0.0,0.0,0.0,1.0,1.0,1.0,1.0,1.0,1.0
uwf,heldout_family,exfiltration,intervendb_tail_guard_ensemble,observed,36.104271100000005,protocol_core_rf+iforest_env_sensitive,0.2256,0.5,,,,,,,,,0.2571361863712176,0.022741777691966412,0.13963498700767346,0.9315068493150684,0.8214285714285714,1.0,0.9019607843137255,1.0,1.2173913043478262
uwf,heldout_family,exfiltration,intervendb_tail_guard_ensemble,low_sampling,36.104271100000005,protocol_core_rf+iforest_env_sensitive,0.2256,0.5,,,,,,,,,0.2571361863712176,0.022741777691966412,0.13963498700767346,0.9863013698630136,0.9583333333333334,1.0,0.9787234042553191,1.0,1.0434782608695652
uwf,heldout_family,exfiltration,intervendb_tail_guard_ensemble,congested_link,36.104271100000005,protocol_core_rf+iforest_env_sensitive,0.2256,0.5,,,,,,,,,0.2571361863712176,0.022741777691966412,0.13963498700767346,0.9315068493150684,0.8214285714285714,1.0,0.9019607843137255,1.0,1.2173913043478262
uwf,heldout_family,exfiltration,intervendb_tail_guard_ensemble,high_background,36.104271100000005,protocol_core_rf+iforest_env_sensitive,0.2256,0.5,,,,,,,,,0.2571361863712176,0.022741777691966412,0.13963498700767346,0.8082191780821918,0.6216216216216216,1.0,0.7666666666666667,1.0,1.608695652173913
uwf,heldout_family,exfiltration,intervendb_tail_guard_ensemble,delayed_collector,36.104271100000005,protocol_core_rf+iforest_env_sensitive,0.2256,0.5,,,,,,,,,0.2571361863712176,0.022741777691966412,0.13963498700767346,0.9178082191780822,0.7931034482758621,1.0,0.8846153846153846,1.0,1.2608695652173914
uwf,heldout_family,exfiltration,intervendb_conformal_tail_guard,observed,36.104271100000005,protocol_core_rf+conformal_iforest_env_sensitive,0.2256,0.9887341772151899,,,,,,,,,0.31443069874118923,0.00505395815767908,0.29000245267093766,0.9863013698630136,0.9583333333333334,1.0,0.9787234042553191,1.0,1.0434782608695652
uwf,heldout_family,exfiltration,intervendb_conformal_tail_guard,low_sampling,36.104271100000005,protocol_core_rf+conformal_iforest_env_sensitive,0.2256,0.9887341772151899,,,,,,,,,0.31443069874118923,0.00505395815767908,0.29000245267093766,1.0,1.0,1.0,1.0,1.0,1.0
uwf,heldout_family,exfiltration,intervendb_conformal_tail_guard,congested_link,36.104271100000005,protocol_core_rf+conformal_iforest_env_sensitive,0.2256,0.9887341772151899,,,,,,,,,0.31443069874118923,0.00505395815767908,0.29000245267093766,1.0,1.0,1.0,1.0,1.0,1.0
uwf,heldout_family,exfiltration,intervendb_conformal_tail_guard,high_background,36.104271100000005,protocol_core_rf+conformal_iforest_env_sensitive,0.2256,0.9887341772151899,,,,,,,,,0.31443069874118923,0.00505395815767908,0.29000245267093766,1.0,1.0,1.0,1.0,1.0,1.0
uwf,heldout_family,exfiltration,intervendb_conformal_tail_guard,delayed_collector,36.104271100000005,protocol_core_rf+conformal_iforest_env_sensitive,0.2256,0.9887341772151899,,,,,,,,,0.31443069874118923,0.00505395815767908,0.29000245267093766,0.9863013698630136,0.9583333333333334,1.0,0.9787234042553191,1.0,1.0434782608695652
uwf,heldout_family,exfiltration,intervendb_gated_conformal_tail_guard,observed,36.104271100000005,protocol_core_rf+gated_conformal_iforest_env_sensitive,0.2256,0.5,0.001,,,,,,,,0.31443069874118923,0.0,0.29000245267093766,0.9726027397260274,0.92,1.0,0.9583333333333334,1.0,1.0869565217391304
uwf,heldout_family,exfiltration,intervendb_gated_conformal_tail_guard,low_sampling,36.104271100000005,protocol_core_rf+gated_conformal_iforest_env_sensitive,0.2256,0.5,0.001,,,,,,,,0.31443069874118923,0.0,0.29000245267093766,0.9726027397260274,0.92,1.0,0.9583333333333334,1.0,1.0869565217391304
uwf,heldout_family,exfiltration,intervendb_gated_conformal_tail_guard,congested_link,36.104271100000005,protocol_core_rf+gated_conformal_iforest_env_sensitive,0.2256,0.5,0.001,,,,,,,,0.31443069874118923,0.0,0.29000245267093766,0.9726027397260274,0.92,1.0,0.9583333333333334,1.0,1.0869565217391304
uwf,heldout_family,exfiltration,intervendb_gated_conformal_tail_guard,high_background,36.104271100000005,protocol_core_rf+gated_conformal_iforest_env_sensitive,0.2256,0.5,0.001,,,,,,,,0.31443069874118923,0.0,0.29000245267093766,0.9726027397260274,0.92,1.0,0.9583333333333334,1.0,1.0869565217391304
uwf,heldout_family,exfiltration,intervendb_gated_conformal_tail_guard,delayed_collector,36.104271100000005,protocol_core_rf+gated_conformal_iforest_env_sensitive,0.2256,0.5,0.001,,,,,,,,0.31443069874118923,0.0,0.29000245267093766,0.9726027397260274,0.92,1.0,0.9583333333333334,1.0,1.0869565217391304
uwf,heldout_family,exfiltration,intervendb_openworld_selector,observed,36.104271100000005,openworld:protocol_core_rf,0.2256,,,,,,,,,,0.0,0.0,0.0,1.0,1.0,1.0,1.0,1.0,1.0
uwf,heldout_family,exfiltration,intervendb_openworld_selector,low_sampling,36.104271100000005,openworld:protocol_core_rf,0.2256,,,,,,,,,,0.0,0.0,0.0,1.0,1.0,1.0,1.0,1.0,1.0
uwf,heldout_family,exfiltration,intervendb_openworld_selector,congested_link,36.104271100000005,openworld:protocol_core_rf,0.2256,,,,,,,,,,0.0,0.0,0.0,1.0,1.0,1.0,1.0,1.0,1.0
uwf,heldout_family,exfiltration,intervendb_openworld_selector,high_background,36.104271100000005,openworld:protocol_core_rf,0.2256,,,,,,,,,,0.0,0.0,0.0,1.0,1.0,1.0,1.0,1.0,1.0
uwf,heldout_family,exfiltration,intervendb_openworld_selector,delayed_collector,36.104271100000005,openworld:protocol_core_rf,0.2256,,,,,,,,,,0.0,0.0,0.0,1.0,1.0,1.0,1.0,1.0,1.0
uwf,heldout_family,exfiltration,intervendb_coverage_openworld_selector,observed,36.104271100000005,coverage:gated_conformal_iforest_env_sensitive,0.2256,0.5,0.001,0.3150684931506849,0.4253815319735276,,,,,,0.31443069874118923,0.0,0.29000245267093766,0.9726027397260274,0.92,1.0,0.9583333333333334,1.0,1.0869565217391304
uwf,heldout_family,exfiltration,intervendb_coverage_openworld_selector,low_sampling,36.104271100000005,coverage:gated_conformal_iforest_env_sensitive,0.2256,0.5,0.001,0.3150684931506849,0.4253815319735276,,,,,,0.31443069874118923,0.0,0.29000245267093766,0.9726027397260274,0.92,1.0,0.9583333333333334,1.0,1.0869565217391304
uwf,heldout_family,exfiltration,intervendb_coverage_openworld_selector,congested_link,36.104271100000005,coverage:gated_conformal_iforest_env_sensitive,0.2256,0.5,0.001,0.3150684931506849,0.4253815319735276,,,,,,0.31443069874118923,0.0,0.29000245267093766,0.9726027397260274,0.92,1.0,0.9583333333333334,1.0,1.0869565217391304
uwf,heldout_family,exfiltration,intervendb_coverage_openworld_selector,high_background,36.104271100000005,coverage:gated_conformal_iforest_env_sensitive,0.2256,0.5,0.001,0.3150684931506849,0.4253815319735276,,,,,,0.31443069874118923,0.0,0.29000245267093766,0.9726027397260274,0.92,1.0,0.9583333333333334,1.0,1.0869565217391304
uwf,heldout_family,exfiltration,intervendb_coverage_openworld_selector,delayed_collector,36.104271100000005,coverage:gated_conformal_iforest_env_sensitive,0.2256,0.5,0.001,0.3150684931506849,0.4253815319735276,,,,,,0.31443069874118923,0.0,0.29000245267093766,0.9726027397260274,0.92,1.0,0.9583333333333334,1.0,1.0869565217391304
uwf,heldout_family,exfiltration,intervendb_coverage_lift_openworld_selector,observed,36.104271100000005,coverage_lift:protocol_core_rf,0.2256,,,0.3150684931506849,0.4253815319735276,0.11031303882284271,0.3424657534246575,0.0273972602739726,0.03309391164685281,0.40411245537485124,0.0,0.0,0.0,1.0,1.0,1.0,1.0,1.0,1.0
uwf,heldout_family,exfiltration,intervendb_coverage_lift_openworld_selector,low_sampling,36.104271100000005,coverage_lift:protocol_core_rf,0.2256,,,0.3150684931506849,0.4253815319735276,0.11031303882284271,0.3424657534246575,0.0273972602739726,0.03309391164685281,0.40411245537485124,0.0,0.0,0.0,1.0,1.0,1.0,1.0,1.0,1.0
uwf,heldout_family,exfiltration,intervendb_coverage_lift_openworld_selector,congested_link,36.104271100000005,coverage_lift:protocol_core_rf,0.2256,,,0.3150684931506849,0.4253815319735276,0.11031303882284271,0.3424657534246575,0.0273972602739726,0.03309391164685281,0.40411245537485124,0.0,0.0,0.0,1.0,1.0,1.0,1.0,1.0,1.0
uwf,heldout_family,exfiltration,intervendb_coverage_lift_openworld_selector,high_background,36.104271100000005,coverage_lift:protocol_core_rf,0.2256,,,0.3150684931506849,0.4253815319735276,0.11031303882284271,0.3424657534246575,0.0273972602739726,0.03309391164685281,0.40411245537485124,0.0,0.0,0.0,1.0,1.0,1.0,1.0,1.0,1.0
uwf,heldout_family,exfiltration,intervendb_coverage_lift_openworld_selector,delayed_collector,36.104271100000005,coverage_lift:protocol_core_rf,0.2256,,,0.3150684931506849,0.4253815319735276,0.11031303882284271,0.3424657534246575,0.0273972602739726,0.03309391164685281,0.40411245537485124,0.0,0.0,0.0,1.0,1.0,1.0,1.0,1.0,1.0
uwf,heldout_family,exfiltration,intervendb_adaptive_openworld_selector,observed,36.104271100000005,adaptive:protocol_core_rf,0.2256,,,0.3150684931506849,0.4253815319735276,0.11031303882284271,0.3424657534246575,0.0273972602739726,0.03309391164685281,0.40411245537485124,0.0,0.0,0.0,1.0,1.0,1.0,1.0,1.0,1.0
uwf,heldout_family,exfiltration,intervendb_adaptive_openworld_selector,low_sampling,36.104271100000005,adaptive:protocol_core_rf,0.2256,,,0.3150684931506849,0.4253815319735276,0.11031303882284271,0.3424657534246575,0.0273972602739726,0.03309391164685281,0.40411245537485124,0.0,0.0,0.0,1.0,1.0,1.0,1.0,1.0,1.0
uwf,heldout_family,exfiltration,intervendb_adaptive_openworld_selector,congested_link,36.104271100000005,adaptive:protocol_core_rf,0.2256,,,0.3150684931506849,0.4253815319735276,0.11031303882284271,0.3424657534246575,0.0273972602739726,0.03309391164685281,0.40411245537485124,0.0,0.0,0.0,1.0,1.0,1.0,1.0,1.0,1.0
uwf,heldout_family,exfiltration,intervendb_adaptive_openworld_selector,high_background,36.104271100000005,adaptive:protocol_core_rf,0.2256,,,0.3150684931506849,0.4253815319735276,0.11031303882284271,0.3424657534246575,0.0273972602739726,0.03309391164685281,0.40411245537485124,0.0,0.0,0.0,1.0,1.0,1.0,1.0,1.0,1.0
uwf,heldout_family,exfiltration,intervendb_adaptive_openworld_selector,delayed_collector,36.104271100000005,adaptive:protocol_core_rf,0.2256,,,0.3150684931506849,0.4253815319735276,0.11031303882284271,0.3424657534246575,0.0273972602739726,0.03309391164685281,0.40411245537485124,0.0,0.0,0.0,1.0,1.0,1.0,1.0,1.0,1.0
uwf,heldout_family,exfiltration,intervendb_counterfactual_ensemble,congested_link,36.104271100000005,weighted_pool,0.2746,,,,,,,,,,0.37564491882150974,0.0,0.5546292131682883,1.0,1.0,1.0,1.0,1.0,1.0
uwf,heldout_family,exfiltration,intervendb_counterfactual_ensemble,delayed_collector,36.104271100000005,weighted_pool,0.2746,,,,,,,,,,0.37564491882150974,0.0,0.5546292131682883,1.0,1.0,1.0,1.0,1.0,1.0
uwf,heldout_family,exfiltration,intervendb_counterfactual_ensemble,high_background,36.104271100000005,weighted_pool,0.2746,,,,,,,,,,0.37564491882150974,0.0,0.5546292131682883,1.0,1.0,1.0,1.0,1.0,1.0
uwf,heldout_family,exfiltration,intervendb_counterfactual_ensemble,low_sampling,36.104271100000005,weighted_pool,0.2746,,,,,,,,,,0.37564491882150974,0.0,0.5546292131682883,1.0,1.0,1.0,1.0,1.0,1.0
uwf,heldout_family,exfiltration,intervendb_counterfactual_ensemble,observed,36.104271100000005,weighted_pool,0.2746,,,,,,,,,,0.37564491882150974,0.0,0.5546292131682883,1.0,1.0,1.0,1.0,1.0,1.0
uwf,heldout_family,exfiltration,intervendb_env_calibrated_ensemble,congested_link,36.104271100000005,weighted_pool_env_calibrated,0.2746,,,,,,,,,,0.37564491882150974,0.0,0.5546292131682883,1.0,1.0,1.0,1.0,1.0,1.0
uwf,heldout_family,exfiltration,intervendb_env_calibrated_ensemble,delayed_collector,36.104271100000005,weighted_pool_env_calibrated,0.2746,,,,,,,,,,0.37564491882150974,0.0,0.5546292131682883,1.0,1.0,1.0,1.0,1.0,1.0
uwf,heldout_family,exfiltration,intervendb_env_calibrated_ensemble,high_background,36.104271100000005,weighted_pool_env_calibrated,0.2746,,,,,,,,,,0.37564491882150974,0.0,0.5546292131682883,1.0,1.0,1.0,1.0,1.0,1.0
uwf,heldout_family,exfiltration,intervendb_env_calibrated_ensemble,low_sampling,36.104271100000005,weighted_pool_env_calibrated,0.2746,,,,,,,,,,0.37564491882150974,0.0,0.5546292131682883,1.0,1.0,1.0,1.0,1.0,1.0
uwf,heldout_family,exfiltration,intervendb_env_calibrated_ensemble,observed,36.104271100000005,weighted_pool_env_calibrated,0.2746,,,,,,,,,,0.37564491882150974,0.0,0.5546292131682883,1.0,1.0,1.0,1.0,1.0,1.0
uwf,heldout_family,initial_access,intervendb_observed_selector,observed,35.49107250000003,protocol_core_rf,0.9312,,,,,,,,,,0.0,0.0,0.026079298818790148,0.9001782531194296,1.0,0.8003565062388592,0.8891089108910892,1.0,0.8003565062388592
uwf,heldout_family,initial_access,intervendb_observed_selector,low_sampling,35.49107250000003,protocol_core_rf,0.9312,,,,,,,,,,0.0,0.0,0.026079298818790148,0.9001782531194296,1.0,0.8003565062388592,0.8891089108910892,1.0,0.8003565062388592
uwf,heldout_family,initial_access,intervendb_observed_selector,congested_link,35.49107250000003,protocol_core_rf,0.9312,,,,,,,,,,0.0,0.0,0.026079298818790148,0.9001782531194296,1.0,0.8003565062388592,0.8891089108910892,1.0,0.8003565062388592
uwf,heldout_family,initial_access,intervendb_observed_selector,high_background,35.49107250000003,protocol_core_rf,0.9312,,,,,,,,,,0.0,0.0,0.026079298818790148,0.9001782531194296,1.0,0.8003565062388592,0.8891089108910892,1.0,0.8003565062388592
uwf,heldout_family,initial_access,intervendb_observed_selector,delayed_collector,35.49107250000003,protocol_core_rf,0.9312,,,,,,,,,,0.0,0.0,0.026079298818790148,0.9001782531194296,1.0,0.8003565062388592,0.8891089108910892,1.0,0.8003565062388592
uwf,heldout_family,initial_access,intervendb_minimax_selector,observed,35.49107250000003,protocol_core_rf,0.42,,,,,,,,,,0.0,0.0,0.026079298818790148,1.0,1.0,1.0,1.0,1.0,1.0
uwf,heldout_family,initial_access,intervendb_minimax_selector,low_sampling,35.49107250000003,protocol_core_rf,0.42,,,,,,,,,,0.0,0.0,0.026079298818790148,1.0,1.0,1.0,1.0,1.0,1.0
uwf,heldout_family,initial_access,intervendb_minimax_selector,congested_link,35.49107250000003,protocol_core_rf,0.42,,,,,,,,,,0.0,0.0,0.026079298818790148,1.0,1.0,1.0,1.0,1.0,1.0
uwf,heldout_family,initial_access,intervendb_minimax_selector,high_background,35.49107250000003,protocol_core_rf,0.42,,,,,,,,,,0.0,0.0,0.026079298818790148,1.0,1.0,1.0,1.0,1.0,1.0
uwf,heldout_family,initial_access,intervendb_minimax_selector,delayed_collector,35.49107250000003,protocol_core_rf,0.42,,,,,,,,,,0.0,0.0,0.026079298818790148,1.0,1.0,1.0,1.0,1.0,1.0
uwf,heldout_family,initial_access,intervendb_stability_selector,observed,35.49107250000003,protocol_core_rf,0.42,,,,,,,,,,0.0,0.0,0.026079298818790148,1.0,1.0,1.0,1.0,1.0,1.0
uwf,heldout_family,initial_access,intervendb_stability_selector,low_sampling,35.49107250000003,protocol_core_rf,0.42,,,,,,,,,,0.0,0.0,0.026079298818790148,1.0,1.0,1.0,1.0,1.0,1.0
uwf,heldout_family,initial_access,intervendb_stability_selector,congested_link,35.49107250000003,protocol_core_rf,0.42,,,,,,,,,,0.0,0.0,0.026079298818790148,1.0,1.0,1.0,1.0,1.0,1.0
uwf,heldout_family,initial_access,intervendb_stability_selector,high_background,35.49107250000003,protocol_core_rf,0.42,,,,,,,,,,0.0,0.0,0.026079298818790148,1.0,1.0,1.0,1.0,1.0,1.0
uwf,heldout_family,initial_access,intervendb_stability_selector,delayed_collector,35.49107250000003,protocol_core_rf,0.42,,,,,,,,,,0.0,0.0,0.026079298818790148,1.0,1.0,1.0,1.0,1.0,1.0
uwf,heldout_family,initial_access,intervendb_shift_guard_selector,observed,35.49107250000003,protocol_core_rf,0.42,,,,,,,,,,0.0,0.0,0.026079298818790148,1.0,1.0,1.0,1.0,1.0,1.0
uwf,heldout_family,initial_access,intervendb_shift_guard_selector,low_sampling,35.49107250000003,protocol_core_rf,0.42,,,,,,,,,,0.0,0.0,0.026079298818790148,1.0,1.0,1.0,1.0,1.0,1.0
uwf,heldout_family,initial_access,intervendb_shift_guard_selector,congested_link,35.49107250000003,protocol_core_rf,0.42,,,,,,,,,,0.0,0.0,0.026079298818790148,1.0,1.0,1.0,1.0,1.0,1.0
uwf,heldout_family,initial_access,intervendb_shift_guard_selector,high_background,35.49107250000003,protocol_core_rf,0.42,,,,,,,,,,0.0,0.0,0.026079298818790148,1.0,1.0,1.0,1.0,1.0,1.0
uwf,heldout_family,initial_access,intervendb_shift_guard_selector,delayed_collector,35.49107250000003,protocol_core_rf,0.42,,,,,,,,,,0.0,0.0,0.026079298818790148,1.0,1.0,1.0,1.0,1.0,1.0
uwf,heldout_family,initial_access,intervendb_pareto_selector,observed,35.49107250000003,protocol_core_rf,0.42,,,,,,,,,,0.0,0.0,0.026079298818790148,1.0,1.0,1.0,1.0,1.0,1.0
uwf,heldout_family,initial_access,intervendb_pareto_selector,low_sampling,35.49107250000003,protocol_core_rf,0.42,,,,,,,,,,0.0,0.0,0.026079298818790148,1.0,1.0,1.0,1.0,1.0,1.0
uwf,heldout_family,initial_access,intervendb_pareto_selector,congested_link,35.49107250000003,protocol_core_rf,0.42,,,,,,,,,,0.0,0.0,0.026079298818790148,1.0,1.0,1.0,1.0,1.0,1.0
uwf,heldout_family,initial_access,intervendb_pareto_selector,high_background,35.49107250000003,protocol_core_rf,0.42,,,,,,,,,,0.0,0.0,0.026079298818790148,1.0,1.0,1.0,1.0,1.0,1.0
uwf,heldout_family,initial_access,intervendb_pareto_selector,delayed_collector,35.49107250000003,protocol_core_rf,0.42,,,,,,,,,,0.0,0.0,0.026079298818790148,1.0,1.0,1.0,1.0,1.0,1.0
uwf,heldout_family,initial_access,intervendb_tail_guard_ensemble,observed,35.49107250000003,protocol_core_rf+iforest_env_sensitive,0.42,0.5,,,,,,,,,0.20482024049358602,0.01408996526328961,0.12454590274387914,0.9527629233511586,0.9136807817589576,1.0,0.9548936170212766,0.9950432287645248,1.0944741532976827
uwf,heldout_family,initial_access,intervendb_tail_guard_ensemble,low_sampling,35.49107250000003,protocol_core_rf+iforest_env_sensitive,0.42,0.5,,,,,,,,,0.20482024049358602,0.01408996526328961,0.12454590274387914,0.9991087344028521,0.998220640569395,1.0,0.9991095280498664,1.0,1.0017825311942958
uwf,heldout_family,initial_access,intervendb_tail_guard_ensemble,congested_link,35.49107250000003,protocol_core_rf+iforest_env_sensitive,0.42,0.5,,,,,,,,,0.20482024049358602,0.01408996526328961,0.12454590274387914,0.93048128342246,0.8779342723004695,1.0,0.935,0.9970450017634667,1.13903743315508
uwf,heldout_family,initial_access,intervendb_tail_guard_ensemble,high_background,35.49107250000003,protocol_core_rf+iforest_env_sensitive,0.42,0.5,,,,,,,,,0.20482024049358602,0.01408996526328961,0.12454590274387914,0.9046345811051694,0.8398203592814372,1.0,0.9129373474369407,0.9982238236406213,1.1907308377896613
uwf,heldout_family,initial_access,intervendb_tail_guard_ensemble,delayed_collector,35.49107250000003,protocol_core_rf+iforest_env_sensitive,0.42,0.5,,,,,,,,,0.20482024049358602,0.01408996526328961,0.12454590274387914,0.9527629233511586,0.9136807817589576,1.0,0.9548936170212766,0.9942997130792035,1.0944741532976827
uwf,heldout_family,initial_access,intervendb_conformal_tail_guard,observed,35.49107250000003,protocol_core_rf+conformal_iforest_env_sensitive,0.42,0.9887341772151899,,,,,,,,,0.5114844426211566,0.0010141014841177302,0.34684126139094856,0.9946524064171123,0.9894179894179894,1.0,0.9946808510638299,0.9949002449788862,1.0106951871657754
uwf,heldout_family,initial_access,intervendb_conformal_tail_guard,low_sampling,35.49107250000003,protocol_core_rf+conformal_iforest_env_sensitive,0.42,0.9887341772151899,,,,,,,,,0.5114844426211566,0.0010141014841177302,0.34684126139094856,1.0,1.0,1.0,1.0,0.9995027341677231,1.0
uwf,heldout_family,initial_access,intervendb_conformal_tail_guard,congested_link,35.49107250000003,protocol_core_rf+conformal_iforest_env_sensitive,0.42,0.9887341772151899,,,,,,,,,0.5114844426211566,0.0010141014841177302,0.34684126139094856,0.9982174688057041,0.9964476021314387,1.0,0.998220640569395,0.9949288417360138,1.0035650623885919
uwf,heldout_family,initial_access,intervendb_conformal_tail_guard,high_background,35.49107250000003,protocol_core_rf+conformal_iforest_env_sensitive,0.42,0.9887341772151899,,,,,,,,,0.5114844426211566,0.0010141014841177302,0.34684126139094856,0.9982174688057041,0.9964476021314387,1.0,0.998220640569395,0.990073747859215,1.0035650623885919
uwf,heldout_family,initial_access,intervendb_conformal_tail_guard,delayed_collector,35.49107250000003,protocol_core_rf+conformal_iforest_env_sensitive,0.42,0.9887341772151899,,,,,,,,,0.5114844426211566,0.0010141014841177302,0.34684126139094856,0.9946524064171123,0.9894179894179894,1.0,0.9946808510638299,0.9943060679141208,1.0106951871657754
uwf,heldout_family,initial_access,intervendb_gated_conformal_tail_guard,observed,35.49107250000003,protocol_core_rf+gated_conformal_iforest_env_sensitive,0.42,0.5,0.001,,,,,,,,0.5114844426211566,0.0,0.34684126139094856,0.9652406417112299,0.935,1.0,0.9664082687338501,0.9949002449788862,1.0695187165775402
uwf,heldout_family,initial_access,intervendb_gated_conformal_tail_guard,low_sampling,35.49107250000003,protocol_core_rf+gated_conformal_iforest_env_sensitive,0.42,0.5,0.001,,,,,,,,0.5114844426211566,0.0,0.34684126139094856,0.9652406417112299,0.935,1.0,0.9664082687338501,0.9995027341677231,1.0695187165775402
uwf,heldout_family,initial_access,intervendb_gated_conformal_tail_guard,congested_link,35.49107250000003,protocol_core_rf+gated_conformal_iforest_env_sensitive,0.42,0.5,0.001,,,,,,,,0.5114844426211566,0.0,0.34684126139094856,0.9652406417112299,0.935,1.0,0.9664082687338501,0.9949288417360138,1.0695187165775402
uwf,heldout_family,initial_access,intervendb_gated_conformal_tail_guard,high_background,35.49107250000003,protocol_core_rf+gated_conformal_iforest_env_sensitive,0.42,0.5,0.001,,,,,,,,0.5114844426211566,0.0,0.34684126139094856,0.9652406417112299,0.935,1.0,0.9664082687338501,0.990073747859215,1.0695187165775402
uwf,heldout_family,initial_access,intervendb_gated_conformal_tail_guard,delayed_collector,35.49107250000003,protocol_core_rf+gated_conformal_iforest_env_sensitive,0.42,0.5,0.001,,,,,,,,0.5114844426211566,0.0,0.34684126139094856,0.9652406417112299,0.935,1.0,0.9664082687338501,0.9943060679141208,1.0695187165775402
uwf,heldout_family,initial_access,intervendb_openworld_selector,observed,35.49107250000003,openworld:protocol_core_rf,0.42,,,,,,,,,,0.0,0.0,0.026079298818790148,1.0,1.0,1.0,1.0,1.0,1.0
uwf,heldout_family,initial_access,intervendb_openworld_selector,low_sampling,35.49107250000003,openworld:protocol_core_rf,0.42,,,,,,,,,,0.0,0.0,0.026079298818790148,1.0,1.0,1.0,1.0,1.0,1.0
uwf,heldout_family,initial_access,intervendb_openworld_selector,congested_link,35.49107250000003,openworld:protocol_core_rf,0.42,,,,,,,,,,0.0,0.0,0.026079298818790148,1.0,1.0,1.0,1.0,1.0,1.0
uwf,heldout_family,initial_access,intervendb_openworld_selector,high_background,35.49107250000003,openworld:protocol_core_rf,0.42,,,,,,,,,,0.0,0.0,0.026079298818790148,1.0,1.0,1.0,1.0,1.0,1.0
uwf,heldout_family,initial_access,intervendb_openworld_selector,delayed_collector,35.49107250000003,openworld:protocol_core_rf,0.42,,,,,,,,,,0.0,0.0,0.026079298818790148,1.0,1.0,1.0,1.0,1.0,1.0
uwf,heldout_family,initial_access,intervendb_coverage_openworld_selector,observed,35.49107250000003,coverage:protocol_core_rf,0.42,,,0.5,0.4252646465925762,,,,,,0.0,0.0,0.026079298818790148,1.0,1.0,1.0,1.0,1.0,1.0
uwf,heldout_family,initial_access,intervendb_coverage_openworld_selector,low_sampling,35.49107250000003,coverage:protocol_core_rf,0.42,,,0.5,0.4252646465925762,,,,,,0.0,0.0,0.026079298818790148,1.0,1.0,1.0,1.0,1.0,1.0
uwf,heldout_family,initial_access,intervendb_coverage_openworld_selector,congested_link,35.49107250000003,coverage:protocol_core_rf,0.42,,,0.5,0.4252646465925762,,,,,,0.0,0.0,0.026079298818790148,1.0,1.0,1.0,1.0,1.0,1.0
uwf,heldout_family,initial_access,intervendb_coverage_openworld_selector,high_background,35.49107250000003,coverage:protocol_core_rf,0.42,,,0.5,0.4252646465925762,,,,,,0.0,0.0,0.026079298818790148,1.0,1.0,1.0,1.0,1.0,1.0
uwf,heldout_family,initial_access,intervendb_coverage_openworld_selector,delayed_collector,35.49107250000003,coverage:protocol_core_rf,0.42,,,0.5,0.4252646465925762,,,,,,0.0,0.0,0.026079298818790148,1.0,1.0,1.0,1.0,1.0,1.0
uwf,heldout_family,initial_access,intervendb_coverage_lift_openworld_selector,observed,35.49107250000003,coverage_lift:protocol_core_rf,0.42,,,0.5,0.4252646465925762,0.0,0.5347593582887701,0.03475935828877008,0.03,0.40400141426294733,0.0,0.0,0.026079298818790148,1.0,1.0,1.0,1.0,1.0,1.0
uwf,heldout_family,initial_access,intervendb_coverage_lift_openworld_selector,low_sampling,35.49107250000003,coverage_lift:protocol_core_rf,0.42,,,0.5,0.4252646465925762,0.0,0.5347593582887701,0.03475935828877008,0.03,0.40400141426294733,0.0,0.0,0.026079298818790148,1.0,1.0,1.0,1.0,1.0,1.0
uwf,heldout_family,initial_access,intervendb_coverage_lift_openworld_selector,congested_link,35.49107250000003,coverage_lift:protocol_core_rf,0.42,,,0.5,0.4252646465925762,0.0,0.5347593582887701,0.03475935828877008,0.03,0.40400141426294733,0.0,0.0,0.026079298818790148,1.0,1.0,1.0,1.0,1.0,1.0
uwf,heldout_family,initial_access,intervendb_coverage_lift_openworld_selector,high_background,35.49107250000003,coverage_lift:protocol_core_rf,0.42,,,0.5,0.4252646465925762,0.0,0.5347593582887701,0.03475935828877008,0.03,0.40400141426294733,0.0,0.0,0.026079298818790148,1.0,1.0,1.0,1.0,1.0,1.0
uwf,heldout_family,initial_access,intervendb_coverage_lift_openworld_selector,delayed_collector,35.49107250000003,coverage_lift:protocol_core_rf,0.42,,,0.5,0.4252646465925762,0.0,0.5347593582887701,0.03475935828877008,0.03,0.40400141426294733,0.0,0.0,0.026079298818790148,1.0,1.0,1.0,1.0,1.0,1.0
uwf,heldout_family,initial_access,intervendb_adaptive_openworld_selector,observed,35.49107250000003,adaptive:protocol_core_rf,0.42,,,0.5,0.4252646465925762,0.0,0.5347593582887701,0.03475935828877008,0.03,0.40400141426294733,0.0,0.0,0.026079298818790148,1.0,1.0,1.0,1.0,1.0,1.0
uwf,heldout_family,initial_access,intervendb_adaptive_openworld_selector,low_sampling,35.49107250000003,adaptive:protocol_core_rf,0.42,,,0.5,0.4252646465925762,0.0,0.5347593582887701,0.03475935828877008,0.03,0.40400141426294733,0.0,0.0,0.026079298818790148,1.0,1.0,1.0,1.0,1.0,1.0
uwf,heldout_family,initial_access,intervendb_adaptive_openworld_selector,congested_link,35.49107250000003,adaptive:protocol_core_rf,0.42,,,0.5,0.4252646465925762,0.0,0.5347593582887701,0.03475935828877008,0.03,0.40400141426294733,0.0,0.0,0.026079298818790148,1.0,1.0,1.0,1.0,1.0,1.0
uwf,heldout_family,initial_access,intervendb_adaptive_openworld_selector,high_background,35.49107250000003,adaptive:protocol_core_rf,0.42,,,0.5,0.4252646465925762,0.0,0.5347593582887701,0.03475935828877008,0.03,0.40400141426294733,0.0,0.0,0.026079298818790148,1.0,1.0,1.0,1.0,1.0,1.0
uwf,heldout_family,initial_access,intervendb_adaptive_openworld_selector,delayed_collector,35.49107250000003,adaptive:protocol_core_rf,0.42,,,0.5,0.4252646465925762,0.0,0.5347593582887701,0.03475935828877008,0.03,0.40400141426294733,0.0,0.0,0.026079298818790148,1.0,1.0,1.0,1.0,1.0,1.0
uwf,heldout_family,initial_access,intervendb_counterfactual_ensemble,congested_link,35.49107250000003,weighted_pool,0.8234,,,,,,,,,,0.5744618437036954,0.1083759259534578,0.5410338822837449,1.0,1.0,1.0,1.0,1.0,1.0
uwf,heldout_family,initial_access,intervendb_counterfactual_ensemble,delayed_collector,35.49107250000003,weighted_pool,0.8234,,,,,,,,,,0.5744618437036954,0.1083759259534578,0.5410338822837449,1.0,1.0,1.0,1.0,0.9999999999999999,1.0
uwf,heldout_family,initial_access,intervendb_counterfactual_ensemble,high_background,35.49107250000003,weighted_pool,0.8234,,,,,,,,,,0.5744618437036954,0.1083759259534578,0.5410338822837449,1.0,1.0,1.0,1.0,1.0,1.0
uwf,heldout_family,initial_access,intervendb_counterfactual_ensemble,low_sampling,35.49107250000003,weighted_pool,0.8234,,,,,,,,,,0.5744618437036954,0.1083759259534578,0.5410338822837449,0.7834224598930482,1.0,0.5668449197860963,0.7235494880546075,1.0,0.5668449197860963
uwf,heldout_family,initial_access,intervendb_counterfactual_ensemble,observed,35.49107250000003,weighted_pool,0.8234,,,,,,,,,,0.5744618437036954,0.1083759259534578,0.5410338822837449,1.0,1.0,1.0,1.0,1.0,1.0
uwf,heldout_family,initial_access,intervendb_env_calibrated_ensemble,congested_link,35.49107250000003,weighted_pool_env_calibrated,0.8234,,,,,,,,,,0.5744618437036954,0.09685378922291929,0.5410338822837449,0.9928698752228164,0.9859402460456942,1.0,0.9929203539823008,1.0,1.014260249554367
uwf,heldout_family,initial_access,intervendb_env_calibrated_ensemble,delayed_collector,35.49107250000003,weighted_pool_env_calibrated,0.8234,,,,,,,,,,0.5744618437036954,0.09685378922291929,0.5410338822837449,0.9786096256684492,1.0,0.9572192513368984,0.9781420765027322,0.9999999999999999,0.9572192513368984
uwf,heldout_family,initial_access,intervendb_env_calibrated_ensemble,high_background,35.49107250000003,weighted_pool_env_calibrated,0.8234,,,,,,,,,,0.5744618437036954,0.09685378922291929,0.5410338822837449,0.9982174688057041,0.9964476021314387,1.0,0.998220640569395,1.0,1.0035650623885919
uwf,heldout_family,initial_access,intervendb_env_calibrated_ensemble,low_sampling,35.49107250000003,weighted_pool_env_calibrated,0.8234,,,,,,,,,,0.5744618437036954,0.09685378922291929,0.5410338822837449,0.7834224598930482,1.0,0.5668449197860963,0.7235494880546075,1.0,0.5668449197860963
uwf,heldout_family,initial_access,intervendb_env_calibrated_ensemble,observed,35.49107250000003,weighted_pool_env_calibrated,0.8234,,,,,,,,,,0.5744618437036954,0.09685378922291929,0.5410338822837449,0.9910873440285205,1.0,0.982174688057041,0.9910071942446044,1.0,0.982174688057041
uwf,heldout_family,persistence,intervendb_observed_selector,observed,36.48324489999999,protocol_core_rf,0.019799999999999998,,,,,,,,,,0.0,0.0,0.0,0.9984662576687117,0.9969418960244648,1.0,0.9984686064318529,1.0,1.0030674846625767
uwf,heldout_family,persistence,intervendb_observed_selector,low_sampling,36.48324489999999,protocol_core_rf,0.019799999999999998,,,,,,,,,,0.0,0.0,0.0,0.9984662576687117,0.9969418960244648,1.0,0.9984686064318529,1.0,1.0030674846625767
uwf,heldout_family,persistence,intervendb_observed_selector,congested_link,36.48324489999999,protocol_core_rf,0.019799999999999998,,,,,,,,,,0.0,0.0,0.0,0.9984662576687117,0.9969418960244648,1.0,0.9984686064318529,1.0,1.0030674846625767
uwf,heldout_family,persistence,intervendb_observed_selector,high_background,36.48324489999999,protocol_core_rf,0.019799999999999998,,,,,,,,,,0.0,0.0,0.0,0.9984662576687117,0.9969418960244648,1.0,0.9984686064318529,1.0,1.0030674846625767
uwf,heldout_family,persistence,intervendb_observed_selector,delayed_collector,36.48324489999999,protocol_core_rf,0.019799999999999998,,,,,,,,,,0.0,0.0,0.0,0.9984662576687117,0.9969418960244648,1.0,0.9984686064318529,1.0,1.0030674846625767
uwf,heldout_family,persistence,intervendb_minimax_selector,observed,36.48324489999999,protocol_core_rf,0.019799999999999998,,,,,,,,,,0.0,0.0,0.0,0.9984662576687117,0.9969418960244648,1.0,0.9984686064318529,1.0,1.0030674846625767
uwf,heldout_family,persistence,intervendb_minimax_selector,low_sampling,36.48324489999999,protocol_core_rf,0.019799999999999998,,,,,,,,,,0.0,0.0,0.0,0.9984662576687117,0.9969418960244648,1.0,0.9984686064318529,1.0,1.0030674846625767
uwf,heldout_family,persistence,intervendb_minimax_selector,congested_link,36.48324489999999,protocol_core_rf,0.019799999999999998,,,,,,,,,,0.0,0.0,0.0,0.9984662576687117,0.9969418960244648,1.0,0.9984686064318529,1.0,1.0030674846625767
uwf,heldout_family,persistence,intervendb_minimax_selector,high_background,36.48324489999999,protocol_core_rf,0.019799999999999998,,,,,,,,,,0.0,0.0,0.0,0.9984662576687117,0.9969418960244648,1.0,0.9984686064318529,1.0,1.0030674846625767
uwf,heldout_family,persistence,intervendb_minimax_selector,delayed_collector,36.48324489999999,protocol_core_rf,0.019799999999999998,,,,,,,,,,0.0,0.0,0.0,0.9984662576687117,0.9969418960244648,1.0,0.9984686064318529,1.0,1.0030674846625767
uwf,heldout_family,persistence,intervendb_stability_selector,observed,36.48324489999999,protocol_core_rf,0.019799999999999998,,,,,,,,,,0.0,0.0,0.0,0.9984662576687117,0.9969418960244648,1.0,0.9984686064318529,1.0,1.0030674846625767
uwf,heldout_family,persistence,intervendb_stability_selector,low_sampling,36.48324489999999,protocol_core_rf,0.019799999999999998,,,,,,,,,,0.0,0.0,0.0,0.9984662576687117,0.9969418960244648,1.0,0.9984686064318529,1.0,1.0030674846625767
uwf,heldout_family,persistence,intervendb_stability_selector,congested_link,36.48324489999999,protocol_core_rf,0.019799999999999998,,,,,,,,,,0.0,0.0,0.0,0.9984662576687117,0.9969418960244648,1.0,0.9984686064318529,1.0,1.0030674846625767
uwf,heldout_family,persistence,intervendb_stability_selector,high_background,36.48324489999999,protocol_core_rf,0.019799999999999998,,,,,,,,,,0.0,0.0,0.0,0.9984662576687117,0.9969418960244648,1.0,0.9984686064318529,1.0,1.0030674846625767
uwf,heldout_family,persistence,intervendb_stability_selector,delayed_collector,36.48324489999999,protocol_core_rf,0.019799999999999998,,,,,,,,,,0.0,0.0,0.0,0.9984662576687117,0.9969418960244648,1.0,0.9984686064318529,1.0,1.0030674846625767
uwf,heldout_family,persistence,intervendb_shift_guard_selector,observed,36.48324489999999,protocol_core_rf,0.019799999999999998,,,,,,,,,,0.0,0.0,0.0,0.9984662576687117,0.9969418960244648,1.0,0.9984686064318529,1.0,1.0030674846625767
uwf,heldout_family,persistence,intervendb_shift_guard_selector,low_sampling,36.48324489999999,protocol_core_rf,0.019799999999999998,,,,,,,,,,0.0,0.0,0.0,0.9984662576687117,0.9969418960244648,1.0,0.9984686064318529,1.0,1.0030674846625767
uwf,heldout_family,persistence,intervendb_shift_guard_selector,congested_link,36.48324489999999,protocol_core_rf,0.019799999999999998,,,,,,,,,,0.0,0.0,0.0,0.9984662576687117,0.9969418960244648,1.0,0.9984686064318529,1.0,1.0030674846625767
uwf,heldout_family,persistence,intervendb_shift_guard_selector,high_background,36.48324489999999,protocol_core_rf,0.019799999999999998,,,,,,,,,,0.0,0.0,0.0,0.9984662576687117,0.9969418960244648,1.0,0.9984686064318529,1.0,1.0030674846625767
uwf,heldout_family,persistence,intervendb_shift_guard_selector,delayed_collector,36.48324489999999,protocol_core_rf,0.019799999999999998,,,,,,,,,,0.0,0.0,0.0,0.9984662576687117,0.9969418960244648,1.0,0.9984686064318529,1.0,1.0030674846625767
uwf,heldout_family,persistence,intervendb_pareto_selector,observed,36.48324489999999,protocol_core_rf,0.019799999999999998,,,,,,,,,,0.0,0.0,0.0,0.9984662576687117,0.9969418960244648,1.0,0.9984686064318529,1.0,1.0030674846625767
uwf,heldout_family,persistence,intervendb_pareto_selector,low_sampling,36.48324489999999,protocol_core_rf,0.019799999999999998,,,,,,,,,,0.0,0.0,0.0,0.9984662576687117,0.9969418960244648,1.0,0.9984686064318529,1.0,1.0030674846625767
uwf,heldout_family,persistence,intervendb_pareto_selector,congested_link,36.48324489999999,protocol_core_rf,0.019799999999999998,,,,,,,,,,0.0,0.0,0.0,0.9984662576687117,0.9969418960244648,1.0,0.9984686064318529,1.0,1.0030674846625767
uwf,heldout_family,persistence,intervendb_pareto_selector,high_background,36.48324489999999,protocol_core_rf,0.019799999999999998,,,,,,,,,,0.0,0.0,0.0,0.9984662576687117,0.9969418960244648,1.0,0.9984686064318529,1.0,1.0030674846625767
uwf,heldout_family,persistence,intervendb_pareto_selector,delayed_collector,36.48324489999999,protocol_core_rf,0.019799999999999998,,,,,,,,,,0.0,0.0,0.0,0.9984662576687117,0.9969418960244648,1.0,0.9984686064318529,1.0,1.0030674846625767
uwf,heldout_family,persistence,intervendb_tail_guard_ensemble,observed,36.48324489999999,protocol_core_rf+iforest_env_sensitive,0.019799999999999998,0.5,,,,,,,,,0.3087371707716853,0.02986877127823414,0.12435164542328432,0.9693251533742331,0.9421965317919075,1.0,0.9702380952380953,0.9975159019910422,1.0613496932515338
uwf,heldout_family,persistence,intervendb_tail_guard_ensemble,low_sampling,36.48324489999999,protocol_core_rf+iforest_env_sensitive,0.019799999999999998,0.5,,,,,,,,,0.3087371707716853,0.02986877127823414,0.12435164542328432,0.9969325153374233,0.9939024390243902,1.0,0.9969418960244648,1.0,1.0061349693251533
uwf,heldout_family,persistence,intervendb_tail_guard_ensemble,congested_link,36.48324489999999,protocol_core_rf+iforest_env_sensitive,0.019799999999999998,0.5,,,,,,,,,0.3087371707716853,0.02986877127823414,0.12435164542328432,0.9371165644171779,0.888283378746594,1.0,0.9408369408369408,0.9975159019910422,1.1257668711656441
uwf,heldout_family,persistence,intervendb_tail_guard_ensemble,high_background,36.48324489999999,protocol_core_rf+iforest_env_sensitive,0.019799999999999998,0.5,,,,,,,,,0.3087371707716853,0.02986877127823414,0.12435164542328432,0.8297546012269938,0.7459954233409611,1.0,0.854521625163827,0.9975159019910422,1.3404907975460123
uwf,heldout_family,persistence,intervendb_tail_guard_ensemble,delayed_collector,36.48324489999999,protocol_core_rf+iforest_env_sensitive,0.019799999999999998,0.5,,,,,,,,,0.3087371707716853,0.02986877127823414,0.12435164542328432,0.9631901840490797,0.9314285714285714,1.0,0.9644970414201183,0.9975159019910422,1.0736196319018405
uwf,heldout_family,persistence,intervendb_conformal_tail_guard,observed,36.48324489999999,protocol_core_rf+conformal_iforest_env_sensitive,0.019799999999999998,0.995,,,,,,,,,0.34526848505069263,5.1907803979039935e-05,0.24343737111505925,0.9969325153374233,0.9939024390243902,1.0,0.9969418960244648,0.9997271255975009,1.0061349693251533
uwf,heldout_family,persistence,intervendb_conformal_tail_guard,low_sampling,36.48324489999999,protocol_core_rf+conformal_iforest_env_sensitive,0.019799999999999998,0.995,,,,,,,,,0.34526848505069263,5.1907803979039935e-05,0.24343737111505925,0.9969325153374233,0.9939024390243902,1.0,0.9969418960244648,0.9998494486055176,1.0061349693251533
uwf,heldout_family,persistence,intervendb_conformal_tail_guard,congested_link,36.48324489999999,protocol_core_rf+conformal_iforest_env_sensitive,0.019799999999999998,0.995,,,,,,,,,0.34526848505069263,5.1907803979039935e-05,0.24343737111505925,0.9969325153374233,0.9939024390243902,1.0,0.9969418960244648,0.9991061010952614,1.0061349693251533
uwf,heldout_family,persistence,intervendb_conformal_tail_guard,high_background,36.48324489999999,protocol_core_rf+conformal_iforest_env_sensitive,0.019799999999999998,0.995,,,,,,,,,0.34526848505069263,5.1907803979039935e-05,0.24343737111505925,0.9969325153374233,0.9939024390243902,1.0,0.9969418960244648,0.9980381271406528,1.0061349693251533
uwf,heldout_family,persistence,intervendb_conformal_tail_guard,delayed_collector,36.48324489999999,protocol_core_rf+conformal_iforest_env_sensitive,0.019799999999999998,0.995,,,,,,,,,0.34526848505069263,5.1907803979039935e-05,0.24343737111505925,0.995398773006135,0.9908814589665653,1.0,0.9954198473282443,0.9967913734050962,1.00920245398773
uwf,heldout_family,persistence,intervendb_gated_conformal_tail_guard,observed,36.48324489999999,protocol_core_rf+gated_conformal_iforest_env_sensitive,0.019799999999999998,0.5,0.001,,,,,,,,0.34526848505069263,4.1028285844447315e-05,0.24343737111505925,0.9723926380368099,0.9476744186046512,1.0,0.973134328358209,0.9997271255975009,1.0552147239263803
uwf,heldout_family,persistence,intervendb_gated_conformal_tail_guard,low_sampling,36.48324489999999,protocol_core_rf+gated_conformal_iforest_env_sensitive,0.019799999999999998,0.5,0.001,,,,,,,,0.34526848505069263,4.1028285844447315e-05,0.24343737111505925,0.9693251533742331,0.9421965317919075,1.0,0.9702380952380953,0.9998494486055176,1.0613496932515338
uwf,heldout_family,persistence,intervendb_gated_conformal_tail_guard,congested_link,36.48324489999999,protocol_core_rf+gated_conformal_iforest_env_sensitive,0.019799999999999998,0.5,0.001,,,,,,,,0.34526848505069263,4.1028285844447315e-05,0.24343737111505925,0.9693251533742331,0.9421965317919075,1.0,0.9702380952380953,0.9991061010952614,1.0613496932515338
uwf,heldout_family,persistence,intervendb_gated_conformal_tail_guard,high_background,36.48324489999999,protocol_core_rf+gated_conformal_iforest_env_sensitive,0.019799999999999998,0.5,0.001,,,,,,,,0.34526848505069263,4.1028285844447315e-05,0.24343737111505925,0.9693251533742331,0.9421965317919075,1.0,0.9702380952380953,0.9980381271406528,1.0613496932515338
uwf,heldout_family,persistence,intervendb_gated_conformal_tail_guard,delayed_collector,36.48324489999999,protocol_core_rf+gated_conformal_iforest_env_sensitive,0.019799999999999998,0.5,0.001,,,,,,,,0.34526848505069263,4.1028285844447315e-05,0.24343737111505925,0.9723926380368099,0.9476744186046512,1.0,0.973134328358209,0.9967913734050962,1.0552147239263803
uwf,heldout_family,persistence,intervendb_openworld_selector,observed,36.48324489999999,openworld:protocol_core_rf,0.019799999999999998,,,,,,,,,,0.0,0.0,0.0,0.9984662576687117,0.9969418960244648,1.0,0.9984686064318529,1.0,1.0030674846625767
uwf,heldout_family,persistence,intervendb_openworld_selector,low_sampling,36.48324489999999,openworld:protocol_core_rf,0.019799999999999998,,,,,,,,,,0.0,0.0,0.0,0.9984662576687117,0.9969418960244648,1.0,0.9984686064318529,1.0,1.0030674846625767
uwf,heldout_family,persistence,intervendb_openworld_selector,congested_link,36.48324489999999,openworld:protocol_core_rf,0.019799999999999998,,,,,,,,,,0.0,0.0,0.0,0.9984662576687117,0.9969418960244648,1.0,0.9984686064318529,1.0,1.0030674846625767
uwf,heldout_family,persistence,intervendb_openworld_selector,high_background,36.48324489999999,openworld:protocol_core_rf,0.019799999999999998,,,,,,,,,,0.0,0.0,0.0,0.9984662576687117,0.9969418960244648,1.0,0.9984686064318529,1.0,1.0030674846625767
uwf,heldout_family,persistence,intervendb_openworld_selector,delayed_collector,36.48324489999999,openworld:protocol_core_rf,0.019799999999999998,,,,,,,,,,0.0,0.0,0.0,0.9984662576687117,0.9969418960244648,1.0,0.9984686064318529,1.0,1.0030674846625767
uwf,heldout_family,persistence,intervendb_coverage_openworld_selector,observed,36.48324489999999,coverage:protocol_core_rf,0.019799999999999998,,,0.5015337423312883,0.42526334029973006,,,,,,0.0,0.0,0.0,0.9984662576687117,0.9969418960244648,1.0,0.9984686064318529,1.0,1.0030674846625767
uwf,heldout_family,persistence,intervendb_coverage_openworld_selector,low_sampling,36.48324489999999,coverage:protocol_core_rf,0.019799999999999998,,,0.5015337423312883,0.42526334029973006,,,,,,0.0,0.0,0.0,0.9984662576687117,0.9969418960244648,1.0,0.9984686064318529,1.0,1.0030674846625767
uwf,heldout_family,persistence,intervendb_coverage_openworld_selector,congested_link,36.48324489999999,coverage:protocol_core_rf,0.019799999999999998,,,0.5015337423312883,0.42526334029973006,,,,,,0.0,0.0,0.0,0.9984662576687117,0.9969418960244648,1.0,0.9984686064318529,1.0,1.0030674846625767
uwf,heldout_family,persistence,intervendb_coverage_openworld_selector,high_background,36.48324489999999,coverage:protocol_core_rf,0.019799999999999998,,,0.5015337423312883,0.42526334029973006,,,,,,0.0,0.0,0.0,0.9984662576687117,0.9969418960244648,1.0,0.9984686064318529,1.0,1.0030674846625767
uwf,heldout_family,persistence,intervendb_coverage_openworld_selector,delayed_collector,36.48324489999999,coverage:protocol_core_rf,0.019799999999999998,,,0.5015337423312883,0.42526334029973006,,,,,,0.0,0.0,0.0,0.9984662576687117,0.9969418960244648,1.0,0.9984686064318529,1.0,1.0030674846625767
uwf,heldout_family,persistence,intervendb_coverage_lift_openworld_selector,observed,36.48324489999999,coverage_lift:protocol_core_rf,0.019799999999999998,,,0.5015337423312883,0.42526334029973006,0.0,0.5276073619631901,0.0260736196319018,0.03,0.4040001732847435,0.0,0.0,0.0,0.9984662576687117,0.9969418960244648,1.0,0.9984686064318529,1.0,1.0030674846625767
uwf,heldout_family,persistence,intervendb_coverage_lift_openworld_selector,low_sampling,36.48324489999999,coverage_lift:protocol_core_rf,0.019799999999999998,,,0.5015337423312883,0.42526334029973006,0.0,0.5276073619631901,0.0260736196319018,0.03,0.4040001732847435,0.0,0.0,0.0,0.9984662576687117,0.9969418960244648,1.0,0.9984686064318529,1.0,1.0030674846625767
uwf,heldout_family,persistence,intervendb_coverage_lift_openworld_selector,congested_link,36.48324489999999,coverage_lift:protocol_core_rf,0.019799999999999998,,,0.5015337423312883,0.42526334029973006,0.0,0.5276073619631901,0.0260736196319018,0.03,0.4040001732847435,0.0,0.0,0.0,0.9984662576687117,0.9969418960244648,1.0,0.9984686064318529,1.0,1.0030674846625767
uwf,heldout_family,persistence,intervendb_coverage_lift_openworld_selector,high_background,36.48324489999999,coverage_lift:protocol_core_rf,0.019799999999999998,,,0.5015337423312883,0.42526334029973006,0.0,0.5276073619631901,0.0260736196319018,0.03,0.4040001732847435,0.0,0.0,0.0,0.9984662576687117,0.9969418960244648,1.0,0.9984686064318529,1.0,1.0030674846625767
uwf,heldout_family,persistence,intervendb_coverage_lift_openworld_selector,delayed_collector,36.48324489999999,coverage_lift:protocol_core_rf,0.019799999999999998,,,0.5015337423312883,0.42526334029973006,0.0,0.5276073619631901,0.0260736196319018,0.03,0.4040001732847435,0.0,0.0,0.0,0.9984662576687117,0.9969418960244648,1.0,0.9984686064318529,1.0,1.0030674846625767
uwf,heldout_family,persistence,intervendb_adaptive_openworld_selector,observed,36.48324489999999,adaptive:protocol_core_rf,0.019799999999999998,,,0.5015337423312883,0.42526334029973006,0.0,0.5276073619631901,0.0260736196319018,0.03,0.4040001732847435,0.0,0.0,0.0,0.9984662576687117,0.9969418960244648,1.0,0.9984686064318529,1.0,1.0030674846625767
uwf,heldout_family,persistence,intervendb_adaptive_openworld_selector,low_sampling,36.48324489999999,adaptive:protocol_core_rf,0.019799999999999998,,,0.5015337423312883,0.42526334029973006,0.0,0.5276073619631901,0.0260736196319018,0.03,0.4040001732847435,0.0,0.0,0.0,0.9984662576687117,0.9969418960244648,1.0,0.9984686064318529,1.0,1.0030674846625767
uwf,heldout_family,persistence,intervendb_adaptive_openworld_selector,congested_link,36.48324489999999,adaptive:protocol_core_rf,0.019799999999999998,,,0.5015337423312883,0.42526334029973006,0.0,0.5276073619631901,0.0260736196319018,0.03,0.4040001732847435,0.0,0.0,0.0,0.9984662576687117,0.9969418960244648,1.0,0.9984686064318529,1.0,1.0030674846625767
uwf,heldout_family,persistence,intervendb_adaptive_openworld_selector,high_background,36.48324489999999,adaptive:protocol_core_rf,0.019799999999999998,,,0.5015337423312883,0.42526334029973006,0.0,0.5276073619631901,0.0260736196319018,0.03,0.4040001732847435,0.0,0.0,0.0,0.9984662576687117,0.9969418960244648,1.0,0.9984686064318529,1.0,1.0030674846625767
uwf,heldout_family,persistence,intervendb_adaptive_openworld_selector,delayed_collector,36.48324489999999,adaptive:protocol_core_rf,0.019799999999999998,,,0.5015337423312883,0.42526334029973006,0.0,0.5276073619631901,0.0260736196319018,0.03,0.4040001732847435,0.0,0.0,0.0,0.9984662576687117,0.9969418960244648,1.0,0.9984686064318529,1.0,1.0030674846625767
uwf,heldout_family,persistence,intervendb_counterfactual_ensemble,congested_link,36.48324489999999,weighted_pool,0.019799999999999998,,,,,,,,,,0.3854436404138725,0.0,0.5791072720964088,0.9984662576687117,0.9969418960244648,1.0,0.9984686064318529,0.9999999999999999,1.0030674846625767
uwf,heldout_family,persistence,intervendb_counterfactual_ensemble,delayed_collector,36.48324489999999,weighted_pool,0.019799999999999998,,,,,,,,,,0.3854436404138725,0.0,0.5791072720964088,0.9984662576687117,0.9969418960244648,1.0,0.9984686064318529,1.0,1.0030674846625767
uwf,heldout_family,persistence,intervendb_counterfactual_ensemble,high_background,36.48324489999999,weighted_pool,0.019799999999999998,,,,,,,,,,0.3854436404138725,0.0,0.5791072720964088,0.9984662576687117,0.9969418960244648,1.0,0.9984686064318529,1.0,1.0030674846625767
uwf,heldout_family,persistence,intervendb_counterfactual_ensemble,low_sampling,36.48324489999999,weighted_pool,0.019799999999999998,,,,,,,,,,0.3854436404138725,0.0,0.5791072720964088,0.9984662576687117,0.9969418960244648,1.0,0.9984686064318529,0.9999999999999999,1.0030674846625767
uwf,heldout_family,persistence,intervendb_counterfactual_ensemble,observed,36.48324489999999,weighted_pool,0.019799999999999998,,,,,,,,,,0.3854436404138725,0.0,0.5791072720964088,0.9984662576687117,0.9969418960244648,1.0,0.9984686064318529,1.0,1.0030674846625767
uwf,heldout_family,persistence,intervendb_env_calibrated_ensemble,congested_link,36.48324489999999,weighted_pool_env_calibrated,0.019799999999999998,,,,,,,,,,0.3854436404138725,0.0,0.5791072720964088,0.9984662576687117,0.9969418960244648,1.0,0.9984686064318529,0.9999999999999999,1.0030674846625767
uwf,heldout_family,persistence,intervendb_env_calibrated_ensemble,delayed_collector,36.48324489999999,weighted_pool_env_calibrated,0.019799999999999998,,,,,,,,,,0.3854436404138725,0.0,0.5791072720964088,0.9984662576687117,0.9969418960244648,1.0,0.9984686064318529,1.0,1.0030674846625767
uwf,heldout_family,persistence,intervendb_env_calibrated_ensemble,high_background,36.48324489999999,weighted_pool_env_calibrated,0.019799999999999998,,,,,,,,,,0.3854436404138725,0.0,0.5791072720964088,0.9984662576687117,0.9969418960244648,1.0,0.9984686064318529,1.0,1.0030674846625767
uwf,heldout_family,persistence,intervendb_env_calibrated_ensemble,low_sampling,36.48324489999999,weighted_pool_env_calibrated,0.019799999999999998,,,,,,,,,,0.3854436404138725,0.0,0.5791072720964088,0.9984662576687117,0.9969418960244648,1.0,0.9984686064318529,0.9999999999999999,1.0030674846625767
uwf,heldout_family,persistence,intervendb_env_calibrated_ensemble,observed,36.48324489999999,weighted_pool_env_calibrated,0.019799999999999998,,,,,,,,,,0.3854436404138725,0.0,0.5791072720964088,0.9984662576687117,0.9969418960244648,1.0,0.9984686064318529,1.0,1.0030674846625767
uwf,heldout_family,privilege_escalation,intervendb_observed_selector,observed,38.1924899,protocol_core_rf,0.01,,,,,,,,,,0.0,0.0,0.0,0.9938650306748467,0.9878787878787879,1.0,0.9939024390243903,0.9999247243027588,1.0122699386503067
uwf,heldout_family,privilege_escalation,intervendb_observed_selector,low_sampling,38.1924899,protocol_core_rf,0.01,,,,,,,,,,0.0,0.0,0.0,0.9938650306748467,0.9878787878787879,1.0,0.9939024390243903,0.9999247243027588,1.0122699386503067
uwf,heldout_family,privilege_escalation,intervendb_observed_selector,congested_link,38.1924899,protocol_core_rf,0.01,,,,,,,,,,0.0,0.0,0.0,0.9938650306748467,0.9878787878787879,1.0,0.9939024390243903,0.9999247243027588,1.0122699386503067
uwf,heldout_family,privilege_escalation,intervendb_observed_selector,high_background,38.1924899,protocol_core_rf,0.01,,,,,,,,,,0.0,0.0,0.0,0.9938650306748467,0.9878787878787879,1.0,0.9939024390243903,0.9999247243027588,1.0122699386503067
uwf,heldout_family,privilege_escalation,intervendb_observed_selector,delayed_collector,38.1924899,protocol_core_rf,0.01,,,,,,,,,,0.0,0.0,0.0,0.9938650306748467,0.9878787878787879,1.0,0.9939024390243903,0.9999247243027588,1.0122699386503067
uwf,heldout_family,privilege_escalation,intervendb_minimax_selector,observed,38.1924899,protocol_core_rf,0.01,,,,,,,,,,0.0,0.0,0.0,0.9938650306748467,0.9878787878787879,1.0,0.9939024390243903,0.9999247243027588,1.0122699386503067
uwf,heldout_family,privilege_escalation,intervendb_minimax_selector,low_sampling,38.1924899,protocol_core_rf,0.01,,,,,,,,,,0.0,0.0,0.0,0.9938650306748467,0.9878787878787879,1.0,0.9939024390243903,0.9999247243027588,1.0122699386503067
uwf,heldout_family,privilege_escalation,intervendb_minimax_selector,congested_link,38.1924899,protocol_core_rf,0.01,,,,,,,,,,0.0,0.0,0.0,0.9938650306748467,0.9878787878787879,1.0,0.9939024390243903,0.9999247243027588,1.0122699386503067
uwf,heldout_family,privilege_escalation,intervendb_minimax_selector,high_background,38.1924899,protocol_core_rf,0.01,,,,,,,,,,0.0,0.0,0.0,0.9938650306748467,0.9878787878787879,1.0,0.9939024390243903,0.9999247243027588,1.0122699386503067
uwf,heldout_family,privilege_escalation,intervendb_minimax_selector,delayed_collector,38.1924899,protocol_core_rf,0.01,,,,,,,,,,0.0,0.0,0.0,0.9938650306748467,0.9878787878787879,1.0,0.9939024390243903,0.9999247243027588,1.0122699386503067
uwf,heldout_family,privilege_escalation,intervendb_stability_selector,observed,38.1924899,protocol_core_rf,0.01,,,,,,,,,,0.0,0.0,0.0,0.9938650306748467,0.9878787878787879,1.0,0.9939024390243903,0.9999247243027588,1.0122699386503067
uwf,heldout_family,privilege_escalation,intervendb_stability_selector,low_sampling,38.1924899,protocol_core_rf,0.01,,,,,,,,,,0.0,0.0,0.0,0.9938650306748467,0.9878787878787879,1.0,0.9939024390243903,0.9999247243027588,1.0122699386503067
uwf,heldout_family,privilege_escalation,intervendb_stability_selector,congested_link,38.1924899,protocol_core_rf,0.01,,,,,,,,,,0.0,0.0,0.0,0.9938650306748467,0.9878787878787879,1.0,0.9939024390243903,0.9999247243027588,1.0122699386503067
uwf,heldout_family,privilege_escalation,intervendb_stability_selector,high_background,38.1924899,protocol_core_rf,0.01,,,,,,,,,,0.0,0.0,0.0,0.9938650306748467,0.9878787878787879,1.0,0.9939024390243903,0.9999247243027588,1.0122699386503067
uwf,heldout_family,privilege_escalation,intervendb_stability_selector,delayed_collector,38.1924899,protocol_core_rf,0.01,,,,,,,,,,0.0,0.0,0.0,0.9938650306748467,0.9878787878787879,1.0,0.9939024390243903,0.9999247243027588,1.0122699386503067
uwf,heldout_family,privilege_escalation,intervendb_shift_guard_selector,observed,38.1924899,protocol_core_rf,0.01,,,,,,,,,,0.0,0.0,0.0,0.9938650306748467,0.9878787878787879,1.0,0.9939024390243903,0.9999247243027588,1.0122699386503067
uwf,heldout_family,privilege_escalation,intervendb_shift_guard_selector,low_sampling,38.1924899,protocol_core_rf,0.01,,,,,,,,,,0.0,0.0,0.0,0.9938650306748467,0.9878787878787879,1.0,0.9939024390243903,0.9999247243027588,1.0122699386503067
uwf,heldout_family,privilege_escalation,intervendb_shift_guard_selector,congested_link,38.1924899,protocol_core_rf,0.01,,,,,,,,,,0.0,0.0,0.0,0.9938650306748467,0.9878787878787879,1.0,0.9939024390243903,0.9999247243027588,1.0122699386503067
uwf,heldout_family,privilege_escalation,intervendb_shift_guard_selector,high_background,38.1924899,protocol_core_rf,0.01,,,,,,,,,,0.0,0.0,0.0,0.9938650306748467,0.9878787878787879,1.0,0.9939024390243903,0.9999247243027588,1.0122699386503067
uwf,heldout_family,privilege_escalation,intervendb_shift_guard_selector,delayed_collector,38.1924899,protocol_core_rf,0.01,,,,,,,,,,0.0,0.0,0.0,0.9938650306748467,0.9878787878787879,1.0,0.9939024390243903,0.9999247243027588,1.0122699386503067
uwf,heldout_family,privilege_escalation,intervendb_pareto_selector,observed,38.1924899,protocol_core_rf,0.01,,,,,,,,,,0.0,0.0,0.0,0.9938650306748467,0.9878787878787879,1.0,0.9939024390243903,0.9999247243027588,1.0122699386503067
uwf,heldout_family,privilege_escalation,intervendb_pareto_selector,low_sampling,38.1924899,protocol_core_rf,0.01,,,,,,,,,,0.0,0.0,0.0,0.9938650306748467,0.9878787878787879,1.0,0.9939024390243903,0.9999247243027588,1.0122699386503067
uwf,heldout_family,privilege_escalation,intervendb_pareto_selector,congested_link,38.1924899,protocol_core_rf,0.01,,,,,,,,,,0.0,0.0,0.0,0.9938650306748467,0.9878787878787879,1.0,0.9939024390243903,0.9999247243027588,1.0122699386503067
uwf,heldout_family,privilege_escalation,intervendb_pareto_selector,high_background,38.1924899,protocol_core_rf,0.01,,,,,,,,,,0.0,0.0,0.0,0.9938650306748467,0.9878787878787879,1.0,0.9939024390243903,0.9999247243027588,1.0122699386503067
uwf,heldout_family,privilege_escalation,intervendb_pareto_selector,delayed_collector,38.1924899,protocol_core_rf,0.01,,,,,,,,,,0.0,0.0,0.0,0.9938650306748467,0.9878787878787879,1.0,0.9939024390243903,0.9999247243027588,1.0122699386503067
uwf,heldout_family,privilege_escalation,intervendb_tail_guard_ensemble,observed,38.1924899,protocol_core_rf+iforest_env_sensitive,0.01,0.5,,,,,,,,,0.2688548344949479,0.017655794861854895,0.11454262003560917,0.9539877300613497,0.9157303370786517,1.0,0.9560117302052786,0.9999059053784486,1.0920245398773005
uwf,heldout_family,privilege_escalation,intervendb_tail_guard_ensemble,low_sampling,38.1924899,protocol_core_rf+iforest_env_sensitive,0.01,0.5,,,,,,,,,0.2688548344949479,0.017655794861854895,0.11454262003560917,0.9923312883435583,0.9848942598187311,1.0,0.9923896499238966,0.9999247243027588,1.0153374233128833
uwf,heldout_family,privilege_escalation,intervendb_tail_guard_ensemble,congested_link,38.1924899,protocol_core_rf+iforest_env_sensitive,0.01,0.5,,,,,,,,,0.2688548344949479,0.017655794861854895,0.11454262003560917,0.9294478527607362,0.8763440860215054,1.0,0.9340974212034383,0.9971112951183712,1.1411042944785277
uwf,heldout_family,privilege_escalation,intervendb_tail_guard_ensemble,high_background,38.1924899,protocol_core_rf+iforest_env_sensitive,0.01,0.5,,,,,,,,,0.2688548344949479,0.017655794861854895,0.11454262003560917,0.8619631901840491,0.7836538461538461,1.0,0.8787061994609164,0.9999247243027589,1.2760736196319018
uwf,heldout_family,privilege_escalation,intervendb_tail_guard_ensemble,delayed_collector,38.1924899,protocol_core_rf+iforest_env_sensitive,0.01,0.5,,,,,,,,,0.2688548344949479,0.017655794861854895,0.11454262003560917,0.9524539877300614,0.9131652661064426,1.0,0.9546120058565154,0.9998964959162934,1.0950920245398772
uwf,heldout_family,privilege_escalation,intervendb_conformal_tail_guard,observed,38.1924899,protocol_core_rf+conformal_iforest_env_sensitive,0.01,0.995,,,,,,,,,0.3384009959708684,4.1864299595140327e-05,0.24518511666177906,0.9938650306748467,0.9878787878787879,1.0,0.9939024390243903,0.9997835823704317,1.0122699386503067
uwf,heldout_family,privilege_escalation,intervendb_conformal_tail_guard,low_sampling,38.1924899,protocol_core_rf+conformal_iforest_env_sensitive,0.01,0.995,,,,,,,,,0.3384009959708684,4.1864299595140327e-05,0.24518511666177906,0.9938650306748467,0.9878787878787879,1.0,0.9939024390243903,0.9998964959162934,1.0122699386503067
uwf,heldout_family,privilege_escalation,intervendb_conformal_tail_guard,congested_link,38.1924899,protocol_core_rf+conformal_iforest_env_sensitive,0.01,0.995,,,,,,,,,0.3384009959708684,4.1864299595140327e-05,0.24518511666177906,0.9923312883435583,0.9848942598187311,1.0,0.9923896499238966,0.9979769656366443,1.0153374233128833
uwf,heldout_family,privilege_escalation,intervendb_conformal_tail_guard,high_background,38.1924899,protocol_core_rf+conformal_iforest_env_sensitive,0.01,0.995,,,,,,,,,0.3384009959708684,4.1864299595140327e-05,0.24518511666177906,0.9938650306748467,0.9878787878787879,1.0,0.9939024390243903,0.9958692461138922,1.0122699386503067
uwf,heldout_family,privilege_escalation,intervendb_conformal_tail_guard,delayed_collector,38.1924899,protocol_core_rf+conformal_iforest_env_sensitive,0.01,0.995,,,,,,,,,0.3384009959708684,4.1864299595140327e-05,0.24518511666177906,0.9923312883435583,0.9848942598187311,1.0,0.9923896499238966,0.9994166133463811,1.0153374233128833
uwf,heldout_family,privilege_escalation,intervendb_gated_conformal_tail_guard,observed,38.1924899,protocol_core_rf+gated_conformal_iforest_env_sensitive,0.01,0.5,0.001,,,,,,,,0.3384009959708684,0.055221837153749495,0.24518511666177906,0.8297546012269938,0.7459954233409611,1.0,0.854521625163827,0.9997835823704317,1.3404907975460123
uwf,heldout_family,privilege_escalation,intervendb_gated_conformal_tail_guard,low_sampling,38.1924899,protocol_core_rf+gated_conformal_iforest_env_sensitive,0.01,0.5,0.001,,,,,,,,0.3384009959708684,0.055221837153749495,0.24518511666177906,0.5751533742331288,0.5406301824212272,1.0,0.7018299246501615,0.9998964959162934,1.8496932515337423
uwf,heldout_family,privilege_escalation,intervendb_gated_conformal_tail_guard,congested_link,38.1924899,protocol_core_rf+gated_conformal_iforest_env_sensitive,0.01,0.5,0.001,,,,,,,,0.3384009959708684,0.055221837153749495,0.24518511666177906,0.5858895705521472,0.5469798657718121,1.0,0.7071583514099783,0.9979769656366443,1.8282208588957056
uwf,heldout_family,privilege_escalation,intervendb_gated_conformal_tail_guard,high_background,38.1924899,protocol_core_rf+gated_conformal_iforest_env_sensitive,0.01,0.5,0.001,,,,,,,,0.3384009959708684,0.055221837153749495,0.24518511666177906,0.5751533742331288,0.5406301824212272,1.0,0.7018299246501615,0.9958692461138922,1.8496932515337423
uwf,heldout_family,privilege_escalation,intervendb_gated_conformal_tail_guard,delayed_collector,38.1924899,protocol_core_rf+gated_conformal_iforest_env_sensitive,0.01,0.5,0.001,,,,,,,,0.3384009959708684,0.055221837153749495,0.24518511666177906,0.7714723926380368,0.6863157894736842,1.0,0.8139825218476904,0.9994166133463811,1.4570552147239264
uwf,heldout_family,privilege_escalation,intervendb_openworld_selector,observed,38.1924899,openworld:protocol_core_rf,0.01,,,,,,,,,,0.0,0.0,0.0,0.9938650306748467,0.9878787878787879,1.0,0.9939024390243903,0.9999247243027588,1.0122699386503067
uwf,heldout_family,privilege_escalation,intervendb_openworld_selector,low_sampling,38.1924899,openworld:protocol_core_rf,0.01,,,,,,,,,,0.0,0.0,0.0,0.9938650306748467,0.9878787878787879,1.0,0.9939024390243903,0.9999247243027588,1.0122699386503067
uwf,heldout_family,privilege_escalation,intervendb_openworld_selector,congested_link,38.1924899,openworld:protocol_core_rf,0.01,,,,,,,,,,0.0,0.0,0.0,0.9938650306748467,0.9878787878787879,1.0,0.9939024390243903,0.9999247243027588,1.0122699386503067
uwf,heldout_family,privilege_escalation,intervendb_openworld_selector,high_background,38.1924899,openworld:protocol_core_rf,0.01,,,,,,,,,,0.0,0.0,0.0,0.9938650306748467,0.9878787878787879,1.0,0.9939024390243903,0.9999247243027588,1.0122699386503067
uwf,heldout_family,privilege_escalation,intervendb_openworld_selector,delayed_collector,38.1924899,openworld:protocol_core_rf,0.01,,,,,,,,,,0.0,0.0,0.0,0.9938650306748467,0.9878787878787879,1.0,0.9939024390243903,0.9999247243027588,1.0122699386503067
uwf,heldout_family,privilege_escalation,intervendb_coverage_openworld_selector,observed,38.1924899,coverage:protocol_core_rf,0.01,,,0.5061349693251533,0.42526334029973006,,,,,,0.0,0.0,0.0,0.9938650306748467,0.9878787878787879,1.0,0.9939024390243903,0.9999247243027588,1.0122699386503067
uwf,heldout_family,privilege_escalation,intervendb_coverage_openworld_selector,low_sampling,38.1924899,coverage:protocol_core_rf,0.01,,,0.5061349693251533,0.42526334029973006,,,,,,0.0,0.0,0.0,0.9938650306748467,0.9878787878787879,1.0,0.9939024390243903,0.9999247243027588,1.0122699386503067
uwf,heldout_family,privilege_escalation,intervendb_coverage_openworld_selector,congested_link,38.1924899,coverage:protocol_core_rf,0.01,,,0.5061349693251533,0.42526334029973006,,,,,,0.0,0.0,0.0,0.9938650306748467,0.9878787878787879,1.0,0.9939024390243903,0.9999247243027588,1.0122699386503067
uwf,heldout_family,privilege_escalation,intervendb_coverage_openworld_selector,high_background,38.1924899,coverage:protocol_core_rf,0.01,,,0.5061349693251533,0.42526334029973006,,,,,,0.0,0.0,0.0,0.9938650306748467,0.9878787878787879,1.0,0.9939024390243903,0.9999247243027588,1.0122699386503067
uwf,heldout_family,privilege_escalation,intervendb_coverage_openworld_selector,delayed_collector,38.1924899,coverage:protocol_core_rf,0.01,,,0.5061349693251533,0.42526334029973006,,,,,,0.0,0.0,0.0,0.9938650306748467,0.9878787878787879,1.0,0.9939024390243903,0.9999247243027588,1.0122699386503067
uwf,heldout_family,privilege_escalation,intervendb_coverage_lift_openworld_selector,observed,38.1924899,coverage_lift:protocol_core_rf,0.01,,,0.5061349693251533,0.42526334029973006,0.0,0.6702453987730062,0.1641104294478528,0.03,0.4040001732847435,0.0,0.0,0.0,0.9938650306748467,0.9878787878787879,1.0,0.9939024390243903,0.9999247243027588,1.0122699386503067
uwf,heldout_family,privilege_escalation,intervendb_coverage_lift_openworld_selector,low_sampling,38.1924899,coverage_lift:protocol_core_rf,0.01,,,0.5061349693251533,0.42526334029973006,0.0,0.6702453987730062,0.1641104294478528,0.03,0.4040001732847435,0.0,0.0,0.0,0.9938650306748467,0.9878787878787879,1.0,0.9939024390243903,0.9999247243027588,1.0122699386503067
uwf,heldout_family,privilege_escalation,intervendb_coverage_lift_openworld_selector,congested_link,38.1924899,coverage_lift:protocol_core_rf,0.01,,,0.5061349693251533,0.42526334029973006,0.0,0.6702453987730062,0.1641104294478528,0.03,0.4040001732847435,0.0,0.0,0.0,0.9938650306748467,0.9878787878787879,1.0,0.9939024390243903,0.9999247243027588,1.0122699386503067
uwf,heldout_family,privilege_escalation,intervendb_coverage_lift_openworld_selector,high_background,38.1924899,coverage_lift:protocol_core_rf,0.01,,,0.5061349693251533,0.42526334029973006,0.0,0.6702453987730062,0.1641104294478528,0.03,0.4040001732847435,0.0,0.0,0.0,0.9938650306748467,0.9878787878787879,1.0,0.9939024390243903,0.9999247243027588,1.0122699386503067
uwf,heldout_family,privilege_escalation,intervendb_coverage_lift_openworld_selector,delayed_collector,38.1924899,coverage_lift:protocol_core_rf,0.01,,,0.5061349693251533,0.42526334029973006,0.0,0.6702453987730062,0.1641104294478528,0.03,0.4040001732847435,0.0,0.0,0.0,0.9938650306748467,0.9878787878787879,1.0,0.9939024390243903,0.9999247243027588,1.0122699386503067
uwf,heldout_family,privilege_escalation,intervendb_adaptive_openworld_selector,observed,38.1924899,adaptive:protocol_core_rf,0.01,,,0.5061349693251533,0.42526334029973006,0.0,0.6702453987730062,0.1641104294478528,0.03,0.4040001732847435,0.0,0.0,0.0,0.9938650306748467,0.9878787878787879,1.0,0.9939024390243903,0.9999247243027588,1.0122699386503067
uwf,heldout_family,privilege_escalation,intervendb_adaptive_openworld_selector,low_sampling,38.1924899,adaptive:protocol_core_rf,0.01,,,0.5061349693251533,0.42526334029973006,0.0,0.6702453987730062,0.1641104294478528,0.03,0.4040001732847435,0.0,0.0,0.0,0.9938650306748467,0.9878787878787879,1.0,0.9939024390243903,0.9999247243027588,1.0122699386503067
uwf,heldout_family,privilege_escalation,intervendb_adaptive_openworld_selector,congested_link,38.1924899,adaptive:protocol_core_rf,0.01,,,0.5061349693251533,0.42526334029973006,0.0,0.6702453987730062,0.1641104294478528,0.03,0.4040001732847435,0.0,0.0,0.0,0.9938650306748467,0.9878787878787879,1.0,0.9939024390243903,0.9999247243027588,1.0122699386503067
uwf,heldout_family,privilege_escalation,intervendb_adaptive_openworld_selector,high_background,38.1924899,adaptive:protocol_core_rf,0.01,,,0.5061349693251533,0.42526334029973006,0.0,0.6702453987730062,0.1641104294478528,0.03,0.4040001732847435,0.0,0.0,0.0,0.9938650306748467,0.9878787878787879,1.0,0.9939024390243903,0.9999247243027588,1.0122699386503067
uwf,heldout_family,privilege_escalation,intervendb_adaptive_openworld_selector,delayed_collector,38.1924899,adaptive:protocol_core_rf,0.01,,,0.5061349693251533,0.42526334029973006,0.0,0.6702453987730062,0.1641104294478528,0.03,0.4040001732847435,0.0,0.0,0.0,0.9938650306748467,0.9878787878787879,1.0,0.9939024390243903,0.9999247243027588,1.0122699386503067
uwf,heldout_family,privilege_escalation,intervendb_counterfactual_ensemble,congested_link,38.1924899,weighted_pool,0.01,,,,,,,,,,0.15885871973217686,0.0,0.47653105247394223,0.9938650306748467,0.9878787878787879,1.0,0.9939024390243903,0.9999153148406038,1.0122699386503067
uwf,heldout_family,privilege_escalation,intervendb_counterfactual_ensemble,delayed_collector,38.1924899,weighted_pool,0.01,,,,,,,,,,0.15885871973217686,0.0,0.47653105247394223,0.9938650306748467,0.9878787878787879,1.0,0.9939024390243903,0.9999247243027589,1.0122699386503067
uwf,heldout_family,privilege_escalation,intervendb_counterfactual_ensemble,high_background,38.1924899,weighted_pool,0.01,,,,,,,,,,0.15885871973217686,0.0,0.47653105247394223,0.9938650306748467,0.9878787878787879,1.0,0.9939024390243903,0.9999153148406037,1.0122699386503067
uwf,heldout_family,privilege_escalation,intervendb_counterfactual_ensemble,low_sampling,38.1924899,weighted_pool,0.01,,,,,,,,,,0.15885871973217686,0.0,0.47653105247394223,0.9938650306748467,0.9878787878787879,1.0,0.9939024390243903,0.9999153148406037,1.0122699386503067
uwf,heldout_family,privilege_escalation,intervendb_counterfactual_ensemble,observed,38.1924899,weighted_pool,0.01,,,,,,,,,,0.15885871973217686,0.0,0.47653105247394223,0.9938650306748467,0.9878787878787879,1.0,0.9939024390243903,0.9999247243027589,1.0122699386503067
uwf,heldout_family,privilege_escalation,intervendb_env_calibrated_ensemble,congested_link,38.1924899,weighted_pool_env_calibrated,0.01,,,,,,,,,,0.15885871973217686,0.0,0.47653105247394223,0.9938650306748467,0.9878787878787879,1.0,0.9939024390243903,0.9999153148406038,1.0122699386503067
uwf,heldout_family,privilege_escalation,intervendb_env_calibrated_ensemble,delayed_collector,38.1924899,weighted_pool_env_calibrated,0.01,,,,,,,,,,0.15885871973217686,0.0,0.47653105247394223,0.9938650306748467,0.9878787878787879,1.0,0.9939024390243903,0.9999247243027589,1.0122699386503067
uwf,heldout_family,privilege_escalation,intervendb_env_calibrated_ensemble,high_background,38.1924899,weighted_pool_env_calibrated,0.01,,,,,,,,,,0.15885871973217686,0.0,0.47653105247394223,0.9938650306748467,0.9878787878787879,1.0,0.9939024390243903,0.9999153148406037,1.0122699386503067
uwf,heldout_family,privilege_escalation,intervendb_env_calibrated_ensemble,low_sampling,38.1924899,weighted_pool_env_calibrated,0.01,,,,,,,,,,0.15885871973217686,0.0,0.47653105247394223,0.9938650306748467,0.9878787878787879,1.0,0.9939024390243903,0.9999153148406037,1.0122699386503067
uwf,heldout_family,privilege_escalation,intervendb_env_calibrated_ensemble,observed,38.1924899,weighted_pool_env_calibrated,0.01,,,,,,,,,,0.15885871973217686,0.0,0.47653105247394223,0.9938650306748467,0.9878787878787879,1.0,0.9939024390243903,0.9999247243027589,1.0122699386503067
uwf,heldout_family,reconnaissance,intervendb_observed_selector,observed,33.0787244,protocol_core_rf,0.1374,,,,,,,,,,0.0,0.0,1.6428245943680975e-06,0.6259883121347543,1.0,0.2519766242695084,0.4025260845689181,0.9868344598814432,0.2519766242695084
uwf,heldout_family,reconnaissance,intervendb_observed_selector,low_sampling,33.0787244,protocol_core_rf,0.1374,,,,,,,,,,0.0,0.0,1.6428245943680975e-06,0.6259883121347543,1.0,0.2519766242695084,0.4025260845689181,0.9868344598814432,0.2519766242695084
uwf,heldout_family,reconnaissance,intervendb_observed_selector,congested_link,33.0787244,protocol_core_rf,0.1374,,,,,,,,,,0.0,0.0,1.6428245943680975e-06,0.6259883121347543,1.0,0.2519766242695084,0.4025260845689181,0.9868344598814432,0.2519766242695084
uwf,heldout_family,reconnaissance,intervendb_observed_selector,high_background,33.0787244,protocol_core_rf,0.1374,,,,,,,,,,0.0,0.0,1.6428245943680975e-06,0.6259883121347543,1.0,0.2519766242695084,0.4025260845689181,0.9868344598814432,0.2519766242695084
uwf,heldout_family,reconnaissance,intervendb_observed_selector,delayed_collector,33.0787244,protocol_core_rf,0.1374,,,,,,,,,,0.0,0.0,1.6428245943680975e-06,0.6259883121347543,1.0,0.2519766242695084,0.4025260845689181,0.9868344598814432,0.2519766242695084
uwf,heldout_family,reconnaissance,intervendb_minimax_selector,observed,33.0787244,protocol_core_rf,0.1374,,,,,,,,,,0.0,0.0,1.6428245943680975e-06,0.6259883121347543,1.0,0.2519766242695084,0.4025260845689181,0.9868344598814432,0.2519766242695084
uwf,heldout_family,reconnaissance,intervendb_minimax_selector,low_sampling,33.0787244,protocol_core_rf,0.1374,,,,,,,,,,0.0,0.0,1.6428245943680975e-06,0.6259883121347543,1.0,0.2519766242695084,0.4025260845689181,0.9868344598814432,0.2519766242695084
uwf,heldout_family,reconnaissance,intervendb_minimax_selector,congested_link,33.0787244,protocol_core_rf,0.1374,,,,,,,,,,0.0,0.0,1.6428245943680975e-06,0.6259883121347543,1.0,0.2519766242695084,0.4025260845689181,0.9868344598814432,0.2519766242695084
uwf,heldout_family,reconnaissance,intervendb_minimax_selector,high_background,33.0787244,protocol_core_rf,0.1374,,,,,,,,,,0.0,0.0,1.6428245943680975e-06,0.6259883121347543,1.0,0.2519766242695084,0.4025260845689181,0.9868344598814432,0.2519766242695084
uwf,heldout_family,reconnaissance,intervendb_minimax_selector,delayed_collector,33.0787244,protocol_core_rf,0.1374,,,,,,,,,,0.0,0.0,1.6428245943680975e-06,0.6259883121347543,1.0,0.2519766242695084,0.4025260845689181,0.9868344598814432,0.2519766242695084
uwf,heldout_family,reconnaissance,intervendb_stability_selector,observed,33.0787244,protocol_core_rf,0.1374,,,,,,,,,,0.0,0.0,1.6428245943680975e-06,0.6259883121347543,1.0,0.2519766242695084,0.4025260845689181,0.9868344598814432,0.2519766242695084
uwf,heldout_family,reconnaissance,intervendb_stability_selector,low_sampling,33.0787244,protocol_core_rf,0.1374,,,,,,,,,,0.0,0.0,1.6428245943680975e-06,0.6259883121347543,1.0,0.2519766242695084,0.4025260845689181,0.9868344598814432,0.2519766242695084
uwf,heldout_family,reconnaissance,intervendb_stability_selector,congested_link,33.0787244,protocol_core_rf,0.1374,,,,,,,,,,0.0,0.0,1.6428245943680975e-06,0.6259883121347543,1.0,0.2519766242695084,0.4025260845689181,0.9868344598814432,0.2519766242695084
uwf,heldout_family,reconnaissance,intervendb_stability_selector,high_background,33.0787244,protocol_core_rf,0.1374,,,,,,,,,,0.0,0.0,1.6428245943680975e-06,0.6259883121347543,1.0,0.2519766242695084,0.4025260845689181,0.9868344598814432,0.2519766242695084
uwf,heldout_family,reconnaissance,intervendb_stability_selector,delayed_collector,33.0787244,protocol_core_rf,0.1374,,,,,,,,,,0.0,0.0,1.6428245943680975e-06,0.6259883121347543,1.0,0.2519766242695084,0.4025260845689181,0.9868344598814432,0.2519766242695084
uwf,heldout_family,reconnaissance,intervendb_shift_guard_selector,observed,33.0787244,protocol_core_rf,0.1374,,,,,,,,,,0.0,0.0,1.6428245943680975e-06,0.6259883121347543,1.0,0.2519766242695084,0.4025260845689181,0.9868344598814432,0.2519766242695084
uwf,heldout_family,reconnaissance,intervendb_shift_guard_selector,low_sampling,33.0787244,protocol_core_rf,0.1374,,,,,,,,,,0.0,0.0,1.6428245943680975e-06,0.6259883121347543,1.0,0.2519766242695084,0.4025260845689181,0.9868344598814432,0.2519766242695084
uwf,heldout_family,reconnaissance,intervendb_shift_guard_selector,congested_link,33.0787244,protocol_core_rf,0.1374,,,,,,,,,,0.0,0.0,1.6428245943680975e-06,0.6259883121347543,1.0,0.2519766242695084,0.4025260845689181,0.9868344598814432,0.2519766242695084
uwf,heldout_family,reconnaissance,intervendb_shift_guard_selector,high_background,33.0787244,protocol_core_rf,0.1374,,,,,,,,,,0.0,0.0,1.6428245943680975e-06,0.6259883121347543,1.0,0.2519766242695084,0.4025260845689181,0.9868344598814432,0.2519766242695084
uwf,heldout_family,reconnaissance,intervendb_shift_guard_selector,delayed_collector,33.0787244,protocol_core_rf,0.1374,,,,,,,,,,0.0,0.0,1.6428245943680975e-06,0.6259883121347543,1.0,0.2519766242695084,0.4025260845689181,0.9868344598814432,0.2519766242695084
uwf,heldout_family,reconnaissance,intervendb_pareto_selector,observed,33.0787244,protocol_core_rf,0.1374,,,,,,,,,,0.0,0.0,1.6428245943680975e-06,0.6259883121347543,1.0,0.2519766242695084,0.4025260845689181,0.9868344598814432,0.2519766242695084
uwf,heldout_family,reconnaissance,intervendb_pareto_selector,low_sampling,33.0787244,protocol_core_rf,0.1374,,,,,,,,,,0.0,0.0,1.6428245943680975e-06,0.6259883121347543,1.0,0.2519766242695084,0.4025260845689181,0.9868344598814432,0.2519766242695084
uwf,heldout_family,reconnaissance,intervendb_pareto_selector,congested_link,33.0787244,protocol_core_rf,0.1374,,,,,,,,,,0.0,0.0,1.6428245943680975e-06,0.6259883121347543,1.0,0.2519766242695084,0.4025260845689181,0.9868344598814432,0.2519766242695084
uwf,heldout_family,reconnaissance,intervendb_pareto_selector,high_background,33.0787244,protocol_core_rf,0.1374,,,,,,,,,,0.0,0.0,1.6428245943680975e-06,0.6259883121347543,1.0,0.2519766242695084,0.4025260845689181,0.9868344598814432,0.2519766242695084
uwf,heldout_family,reconnaissance,intervendb_pareto_selector,delayed_collector,33.0787244,protocol_core_rf,0.1374,,,,,,,,,,0.0,0.0,1.6428245943680975e-06,0.6259883121347543,1.0,0.2519766242695084,0.4025260845689181,0.9868344598814432,0.2519766242695084
uwf,heldout_family,reconnaissance,intervendb_tail_guard_ensemble,observed,33.0787244,protocol_core_rf+iforest_env_sensitive,0.1374,0.5,,,,,,,,,0.6419312156661774,0.02818763508043654,0.27505461204398685,0.6428325885183912,0.8089219330855019,0.3740116878652458,0.5115185707569346,0.845485572979673,0.4623581986937092
uwf,heldout_family,reconnaissance,intervendb_tail_guard_ensemble,low_sampling,33.0787244,protocol_core_rf+iforest_env_sensitive,0.1374,0.5,,,,,,,,,0.6419312156661774,0.02818763508043654,0.27505461204398685,0.6251289102784462,0.9932249322493225,0.2519766242695084,0.40197422539073213,0.7601584017358913,0.25369542798212447
uwf,heldout_family,reconnaissance,intervendb_tail_guard_ensemble,congested_link,33.0787244,protocol_core_rf+iforest_env_sensitive,0.1374,0.5,,,,,,,,,0.6419312156661774,0.02818763508043654,0.27505461204398685,0.6022688209006531,0.7087719298245614,0.3471983499484359,0.46608214120904473,0.6824794638703204,0.4898590580955655
uwf,heldout_family,reconnaissance,intervendb_tail_guard_ensemble,high_background,33.0787244,protocol_core_rf+iforest_env_sensitive,0.1374,0.5,,,,,,,,,0.6419312156661774,0.02818763508043654,0.27505461204398685,0.6118941216913029,0.6455073759499329,0.4963905122035064,0.5612125923047027,0.579289437446003,0.768992781024407
uwf,heldout_family,reconnaissance,intervendb_tail_guard_ensemble,delayed_collector,33.0787244,protocol_core_rf+iforest_env_sensitive,0.1374,0.5,,,,,,,,,0.6419312156661774,0.02818763508043654,0.27505461204398685,0.6464420763148848,0.808695652173913,0.3836369886558955,0.5204010258801586,0.8470632208975335,0.4743898246820213
uwf,heldout_family,reconnaissance,intervendb_conformal_tail_guard,observed,33.0787244,protocol_core_rf+conformal_iforest_env_sensitive,0.1374,0.995,,,,,,,,,0.6093139872136102,0.0003708271736947811,0.32539972856707233,0.623925747679615,0.9838926174496644,0.2519766242695084,0.40120415982484947,0.8399431548066059,0.2561017531797869
uwf,heldout_family,reconnaissance,intervendb_conformal_tail_guard,low_sampling,33.0787244,protocol_core_rf+conformal_iforest_env_sensitive,0.1374,0.995,,,,,,,,,0.6093139872136102,0.0003708271736947811,0.32539972856707233,0.6254726710209694,0.9959239130434783,0.2519766242695084,0.40219478737997255,0.7293396425857284,0.25300790649707805
uwf,heldout_family,reconnaissance,intervendb_conformal_tail_guard,congested_link,33.0787244,protocol_core_rf+conformal_iforest_env_sensitive,0.1374,0.995,,,,,,,,,0.6093139872136102,0.0003708271736947811,0.32539972856707233,0.6242695084221382,0.9865410497981157,0.2519766242695084,0.40142387732749174,0.6689157450573906,0.2554142316947405
uwf,heldout_family,reconnaissance,intervendb_conformal_tail_guard,high_background,33.0787244,protocol_core_rf+conformal_iforest_env_sensitive,0.1374,0.995,,,,,,,,,0.6093139872136102,0.0003708271736947811,0.32539972856707233,0.624785149535923,0.9905405405405405,0.2519766242695084,0.40175390517950116,0.5608617227435486,0.2543829494671708
uwf,heldout_family,reconnaissance,intervendb_conformal_tail_guard,delayed_collector,33.0787244,protocol_core_rf+conformal_iforest_env_sensitive,0.1374,0.995,,,,,,,,,0.6093139872136102,0.0003708271736947811,0.32539972856707233,0.6218631832244758,0.9682959048877147,0.2519766242695084,0.39989088925259136,0.8411262282592601,0.26022688209006534
uwf,heldout_family,reconnaissance,intervendb_gated_conformal_tail_guard,observed,33.0787244,protocol_core_rf+gated_conformal_iforest_env_sensitive,0.1374,0.5,0.001,,,,,,,,0.6093139872136102,4.396784874240514e-05,0.32539972856707233,0.9633894809212787,0.9317745035233824,1.0,0.9646824738849279,0.8399431548066059,1.0732210381574425
uwf,heldout_family,reconnaissance,intervendb_gated_conformal_tail_guard,low_sampling,33.0787244,protocol_core_rf+gated_conformal_iforest_env_sensitive,0.1374,0.5,0.001,,,,,,,,0.6093139872136102,4.396784874240514e-05,0.32539972856707233,0.9596081127535235,0.9252544529262087,1.0,0.9611762762266645,0.7293396425857284,1.080783774492953
uwf,heldout_family,reconnaissance,intervendb_gated_conformal_tail_guard,congested_link,33.0787244,protocol_core_rf+gated_conformal_iforest_env_sensitive,0.1374,0.5,0.001,,,,,,,,0.6093139872136102,4.396784874240514e-05,0.32539972856707233,0.9596081127535235,0.9252544529262087,1.0,0.9611762762266645,0.6689157450573906,1.080783774492953
uwf,heldout_family,reconnaissance,intervendb_gated_conformal_tail_guard,high_background,33.0787244,protocol_core_rf+gated_conformal_iforest_env_sensitive,0.1374,0.5,0.001,,,,,,,,0.6093139872136102,4.396784874240514e-05,0.32539972856707233,0.9596081127535235,0.9252544529262087,1.0,0.9611762762266645,0.5608617227435486,1.080783774492953
uwf,heldout_family,reconnaissance,intervendb_gated_conformal_tail_guard,delayed_collector,33.0787244,protocol_core_rf+gated_conformal_iforest_env_sensitive,0.1374,0.5,0.001,,,,,,,,0.6093139872136102,4.396784874240514e-05,0.32539972856707233,0.9630457201787556,0.9311779769526248,1.0,0.964362671970827,0.8411262282592601,1.0739085596424889
uwf,heldout_family,reconnaissance,intervendb_openworld_selector,observed,33.0787244,openworld:protocol_core_rf,0.1374,,,,,,,,,,0.0,0.0,1.6428245943680975e-06,0.6259883121347543,1.0,0.2519766242695084,0.4025260845689181,0.9868344598814432,0.2519766242695084
uwf,heldout_family,reconnaissance,intervendb_openworld_selector,low_sampling,33.0787244,openworld:protocol_core_rf,0.1374,,,,,,,,,,0.0,0.0,1.6428245943680975e-06,0.6259883121347543,1.0,0.2519766242695084,0.4025260845689181,0.9868344598814432,0.2519766242695084
uwf,heldout_family,reconnaissance,intervendb_openworld_selector,congested_link,33.0787244,openworld:protocol_core_rf,0.1374,,,,,,,,,,0.0,0.0,1.6428245943680975e-06,0.6259883121347543,1.0,0.2519766242695084,0.4025260845689181,0.9868344598814432,0.2519766242695084
uwf,heldout_family,reconnaissance,intervendb_openworld_selector,high_background,33.0787244,openworld:protocol_core_rf,0.1374,,,,,,,,,,0.0,0.0,1.6428245943680975e-06,0.6259883121347543,1.0,0.2519766242695084,0.4025260845689181,0.9868344598814432,0.2519766242695084
uwf,heldout_family,reconnaissance,intervendb_openworld_selector,delayed_collector,33.0787244,openworld:protocol_core_rf,0.1374,,,,,,,,,,0.0,0.0,1.6428245943680975e-06,0.6259883121347543,1.0,0.2519766242695084,0.4025260845689181,0.9868344598814432,0.2519766242695084
uwf,heldout_family,reconnaissance,intervendb_coverage_openworld_selector,observed,33.0787244,coverage:gated_conformal_iforest_env_sensitive,0.1374,0.5,0.001,0.1259883121347542,0.42527844713668617,,,,,,0.6093139872136102,4.396784874240514e-05,0.32539972856707233,0.9633894809212787,0.9317745035233824,1.0,0.9646824738849279,0.8399431548066059,1.0732210381574425
uwf,heldout_family,reconnaissance,intervendb_coverage_openworld_selector,low_sampling,33.0787244,coverage:gated_conformal_iforest_env_sensitive,0.1374,0.5,0.001,0.1259883121347542,0.42527844713668617,,,,,,0.6093139872136102,4.396784874240514e-05,0.32539972856707233,0.9596081127535235,0.9252544529262087,1.0,0.9611762762266645,0.7293396425857284,1.080783774492953
uwf,heldout_family,reconnaissance,intervendb_coverage_openworld_selector,congested_link,33.0787244,coverage:gated_conformal_iforest_env_sensitive,0.1374,0.5,0.001,0.1259883121347542,0.42527844713668617,,,,,,0.6093139872136102,4.396784874240514e-05,0.32539972856707233,0.9596081127535235,0.9252544529262087,1.0,0.9611762762266645,0.6689157450573906,1.080783774492953
uwf,heldout_family,reconnaissance,intervendb_coverage_openworld_selector,high_background,33.0787244,coverage:gated_conformal_iforest_env_sensitive,0.1374,0.5,0.001,0.1259883121347542,0.42527844713668617,,,,,,0.6093139872136102,4.396784874240514e-05,0.32539972856707233,0.9596081127535235,0.9252544529262087,1.0,0.9611762762266645,0.5608617227435486,1.080783774492953
uwf,heldout_family,reconnaissance,intervendb_coverage_openworld_selector,delayed_collector,33.0787244,coverage:gated_conformal_iforest_env_sensitive,0.1374,0.5,0.001,0.1259883121347542,0.42527844713668617,,,,,,0.6093139872136102,4.396784874240514e-05,0.32539972856707233,0.9630457201787556,0.9311779769526248,1.0,0.964362671970827,0.8411262282592601,1.0739085596424889
uwf,heldout_family,reconnaissance,intervendb_coverage_lift_openworld_selector,observed,33.0787244,coverage_lift:gated_conformal_iforest_env_sensitive,0.1374,0.5,0.001,0.1259883121347542,0.42527844713668617,0.29929013500193197,0.5366105190787213,0.41062220694396706,0.08978704050057959,0.40401452477985184,0.6093139872136102,4.396784874240514e-05,0.32539972856707233,0.9633894809212787,0.9317745035233824,1.0,0.9646824738849279,0.8399431548066059,1.0732210381574425
uwf,heldout_family,reconnaissance,intervendb_coverage_lift_openworld_selector,low_sampling,33.0787244,coverage_lift:gated_conformal_iforest_env_sensitive,0.1374,0.5,0.001,0.1259883121347542,0.42527844713668617,0.29929013500193197,0.5366105190787213,0.41062220694396706,0.08978704050057959,0.40401452477985184,0.6093139872136102,4.396784874240514e-05,0.32539972856707233,0.9596081127535235,0.9252544529262087,1.0,0.9611762762266645,0.7293396425857284,1.080783774492953
uwf,heldout_family,reconnaissance,intervendb_coverage_lift_openworld_selector,congested_link,33.0787244,coverage_lift:gated_conformal_iforest_env_sensitive,0.1374,0.5,0.001,0.1259883121347542,0.42527844713668617,0.29929013500193197,0.5366105190787213,0.41062220694396706,0.08978704050057959,0.40401452477985184,0.6093139872136102,4.396784874240514e-05,0.32539972856707233,0.9596081127535235,0.9252544529262087,1.0,0.9611762762266645,0.6689157450573906,1.080783774492953
uwf,heldout_family,reconnaissance,intervendb_coverage_lift_openworld_selector,high_background,33.0787244,coverage_lift:gated_conformal_iforest_env_sensitive,0.1374,0.5,0.001,0.1259883121347542,0.42527844713668617,0.29929013500193197,0.5366105190787213,0.41062220694396706,0.08978704050057959,0.40401452477985184,0.6093139872136102,4.396784874240514e-05,0.32539972856707233,0.9596081127535235,0.9252544529262087,1.0,0.9611762762266645,0.5608617227435486,1.080783774492953
uwf,heldout_family,reconnaissance,intervendb_coverage_lift_openworld_selector,delayed_collector,33.0787244,coverage_lift:gated_conformal_iforest_env_sensitive,0.1374,0.5,0.001,0.1259883121347542,0.42527844713668617,0.29929013500193197,0.5366105190787213,0.41062220694396706,0.08978704050057959,0.40401452477985184,0.6093139872136102,4.396784874240514e-05,0.32539972856707233,0.9630457201787556,0.9311779769526248,1.0,0.964362671970827,0.8411262282592601,1.0739085596424889
uwf,heldout_family,reconnaissance,intervendb_adaptive_openworld_selector,observed,33.0787244,adaptive:gated_conformal_iforest_env_sensitive,0.1374,0.5,0.001,0.1259883121347542,0.42527844713668617,0.29929013500193197,0.5366105190787213,0.41062220694396706,0.08978704050057959,0.40401452477985184,0.6093139872136102,4.396784874240514e-05,0.32539972856707233,0.9633894809212787,0.9317745035233824,1.0,0.9646824738849279,0.8399431548066059,1.0732210381574425
uwf,heldout_family,reconnaissance,intervendb_adaptive_openworld_selector,low_sampling,33.0787244,adaptive:gated_conformal_iforest_env_sensitive,0.1374,0.5,0.001,0.1259883121347542,0.42527844713668617,0.29929013500193197,0.5366105190787213,0.41062220694396706,0.08978704050057959,0.40401452477985184,0.6093139872136102,4.396784874240514e-05,0.32539972856707233,0.9596081127535235,0.9252544529262087,1.0,0.9611762762266645,0.7293396425857284,1.080783774492953
uwf,heldout_family,reconnaissance,intervendb_adaptive_openworld_selector,congested_link,33.0787244,adaptive:gated_conformal_iforest_env_sensitive,0.1374,0.5,0.001,0.1259883121347542,0.42527844713668617,0.29929013500193197,0.5366105190787213,0.41062220694396706,0.08978704050057959,0.40401452477985184,0.6093139872136102,4.396784874240514e-05,0.32539972856707233,0.9596081127535235,0.9252544529262087,1.0,0.9611762762266645,0.6689157450573906,1.080783774492953
uwf,heldout_family,reconnaissance,intervendb_adaptive_openworld_selector,high_background,33.0787244,adaptive:gated_conformal_iforest_env_sensitive,0.1374,0.5,0.001,0.1259883121347542,0.42527844713668617,0.29929013500193197,0.5366105190787213,0.41062220694396706,0.08978704050057959,0.40401452477985184,0.6093139872136102,4.396784874240514e-05,0.32539972856707233,0.9596081127535235,0.9252544529262087,1.0,0.9611762762266645,0.5608617227435486,1.080783774492953
uwf,heldout_family,reconnaissance,intervendb_adaptive_openworld_selector,delayed_collector,33.0787244,adaptive:gated_conformal_iforest_env_sensitive,0.1374,0.5,0.001,0.1259883121347542,0.42527844713668617,0.29929013500193197,0.5366105190787213,0.41062220694396706,0.08978704050057959,0.40401452477985184,0.6093139872136102,4.396784874240514e-05,0.32539972856707233,0.9630457201787556,0.9311779769526248,1.0,0.964362671970827,0.8411262282592601,1.0739085596424889
uwf,heldout_family,reconnaissance,intervendb_counterfactual_ensemble,congested_link,33.0787244,weighted_pool,0.157,,,,,,,,,,0.34754529036891557,0.0019421825662155473,0.19442951273084472,0.5720178755586112,1.0,0.14403575111722242,0.25180288461538464,0.9816577823402461,0.14403575111722242
uwf,heldout_family,reconnaissance,intervendb_counterfactual_ensemble,delayed_collector,33.0787244,weighted_pool,0.157,,,,,,,,,,0.34754529036891557,0.0019421825662155473,0.19442951273084472,0.5706428325885184,1.0,0.14128566517703678,0.2475903614457831,0.9922047022546284,0.14128566517703678
uwf,heldout_family,reconnaissance,intervendb_counterfactual_ensemble,high_background,33.0787244,weighted_pool,0.157,,,,,,,,,,0.34754529036891557,0.0019421825662155473,0.19442951273084472,0.6118941216913029,1.0,0.2237882433826057,0.36573033707865166,0.9283027826658083,0.2237882433826057
uwf,heldout_family,reconnaissance,intervendb_counterfactual_ensemble,low_sampling,33.0787244,weighted_pool,0.157,,,,,,,,,,0.34754529036891557,0.0019421825662155473,0.19442951273084472,0.5678927466483328,1.0,0.13578549329666553,0.23910411622276032,0.989759144136197,0.13578549329666553
uwf,heldout_family,reconnaissance,intervendb_counterfactual_ensemble,observed,33.0787244,weighted_pool,0.157,,,,,,,,,,0.34754529036891557,0.0019421825662155473,0.19442951273084472,0.5713303540735648,1.0,0.1426607081471296,0.24969915764139594,0.992834556073002,0.1426607081471296
uwf,heldout_family,reconnaissance,intervendb_env_calibrated_ensemble,congested_link,33.0787244,weighted_pool_env_calibrated,0.157,,,,,,,,,,0.34754529036891557,0.004412498468839274,0.19442951273084472,0.6320041251289102,1.0,0.26400825025782054,0.4177318466140876,0.9816577823402461,0.26400825025782054
uwf,heldout_family,reconnaissance,intervendb_env_calibrated_ensemble,delayed_collector,33.0787244,weighted_pool_env_calibrated,0.157,,,,,,,,,,0.34754529036891557,0.004412498468839274,0.19442951273084472,0.5706428325885184,1.0,0.14128566517703678,0.2475903614457831,0.9922047022546284,0.14128566517703678
uwf,heldout_family,reconnaissance,intervendb_env_calibrated_ensemble,high_background,33.0787244,weighted_pool_env_calibrated,0.157,,,,,,,,,,0.34754529036891557,0.004412498468839274,0.19442951273084472,0.6118941216913029,1.0,0.2237882433826057,0.36573033707865166,0.9283027826658083,0.2237882433826057
uwf,heldout_family,reconnaissance,intervendb_env_calibrated_ensemble,low_sampling,33.0787244,weighted_pool_env_calibrated,0.157,,,,,,,,,,0.34754529036891557,0.004412498468839274,0.19442951273084472,0.6259883121347543,1.0,0.2519766242695084,0.4025260845689181,0.989759144136197,0.2519766242695084
uwf,heldout_family,reconnaissance,intervendb_env_calibrated_ensemble,observed,33.0787244,weighted_pool_env_calibrated,0.157,,,,,,,,,,0.34754529036891557,0.004412498468839274,0.19442951273084472,0.5713303540735648,1.0,0.1426607081471296,0.24969915764139594,0.992834556073002,0.1426607081471296


