dataset,split,fold,detector,base_detector,detector_family,feature_profile,calibration_policy,threshold_mode,threshold,env_thresholds,validation_strategy,validation_group_col,validation_groups,validation_removed_group_rows,validation_min_f1,validation_mean_f1,fit_rows,validation_rows,train_rows
uwf,random,all,lr_full,lr_full,sklearn_linear,full,native_default,native,,{},attack_family_challenge,attack_family,Defense Evasion,216,,,61884,432,62316
uwf,random,all,lr_full__val_observed_f1,lr_full,sklearn_linear,full,val_observed_f1,single_validation_observed,0.157,{},attack_family_challenge,attack_family,Defense Evasion,216,0.9976905311778291,0.9976905311778291,61884,432,62316
uwf,random,all,lr_full__val_robust_minimax,lr_full,sklearn_linear,full,val_robust_minimax,single_validation_minimax,0.1864,{},attack_family_challenge,attack_family,Defense Evasion,216,0.8956743002544529,0.972723155888084,61884,432,62316
uwf,random,all,lr_full__oracle_env_upper_bound,lr_full,sklearn_linear,full,oracle_env_upper_bound,per_test_environment_oracle,,"{""congested_link"": 0.5196, ""delayed_collector"": 0.3432, ""high_background"": 0.598, ""low_sampling"": 0.08839999999999999, ""observed"": 0.3236}",attack_family_challenge,attack_family,Defense Evasion,216,0.7061442222819204,0.9383401758895056,61884,432,62316
uwf,random,all,rf_full,rf_full,sklearn_tree,full,native_default,native,,{},attack_family_challenge,attack_family,Defense Evasion,216,,,61884,432,62316
uwf,random,all,rf_full__val_observed_f1,rf_full,sklearn_tree,full,val_observed_f1,single_validation_observed,0.01,{},attack_family_challenge,attack_family,Defense Evasion,216,0.9976905311778291,0.9976905311778291,61884,432,62316
uwf,random,all,rf_full__val_robust_minimax,rf_full,sklearn_tree,full,val_robust_minimax,single_validation_minimax,0.402,{},attack_family_challenge,attack_family,Defense Evasion,216,0.9773755656108597,0.9927037406812026,61884,432,62316
uwf,random,all,rf_full__oracle_env_upper_bound,rf_full,sklearn_tree,full,oracle_env_upper_bound,per_test_environment_oracle,,"{""congested_link"": 0.4706, ""delayed_collector"": 0.1864, ""high_background"": 0.6372, ""low_sampling"": 0.3432, ""observed"": 0.7253999999999999}",attack_family_challenge,attack_family,Defense Evasion,216,0.9869997908012312,0.9954998408818228,61884,432,62316
uwf,random,all,gb_full,gb_full,sklearn_boosting,full,native_default,native,,{},attack_family_challenge,attack_family,Defense Evasion,216,,,61884,432,62316
uwf,random,all,gb_full__val_observed_f1,gb_full,sklearn_boosting,full,val_observed_f1,single_validation_observed,0.9703999999999999,{},attack_family_challenge,attack_family,Defense Evasion,216,1.0,1.0,61884,432,62316
uwf,random,all,gb_full__val_robust_minimax,gb_full,sklearn_boosting,full,val_robust_minimax,single_validation_minimax,0.6666,{},attack_family_challenge,attack_family,Defense Evasion,216,0.9976905311778291,0.997690531177829,61884,432,62316
uwf,random,all,gb_full__oracle_env_upper_bound,gb_full,sklearn_boosting,full,oracle_env_upper_bound,per_test_environment_oracle,,"{""congested_link"": 0.5784, ""delayed_collector"": 0.2256, ""high_background"": 0.6274, ""low_sampling"": 0.353, ""observed"": 0.2452}",attack_family_challenge,attack_family,Defense Evasion,216,0.9977374218517416,0.9982383227550858,61884,432,62316
uwf,random,all,xgb_full,xgb_full,xgboost,full,native_default,native,,{},attack_family_challenge,attack_family,Defense Evasion,216,,,61884,432,62316
uwf,random,all,xgb_full__val_observed_f1,xgb_full,xgboost,full,val_observed_f1,single_validation_observed,0.99,{},attack_family_challenge,attack_family,Defense Evasion,216,1.0,1.0,61884,432,62316
uwf,random,all,xgb_full__val_robust_minimax,xgb_full,xgboost,full,val_robust_minimax,single_validation_minimax,0.6567999999999999,{},attack_family_challenge,attack_family,Defense Evasion,216,0.993103448275862,0.9967731145974357,61884,432,62316
uwf,random,all,xgb_full__oracle_env_upper_bound,xgb_full,xgboost,full,oracle_env_upper_bound,per_test_environment_oracle,,"{""congested_link"": 0.4118, ""delayed_collector"": 0.01, ""high_background"": 0.9312, ""low_sampling"": 0.3236, ""observed"": 0.8331999999999999}",attack_family_challenge,attack_family,Defense Evasion,216,0.998124832574337,0.9984881517550527,61884,432,62316
uwf,random,all,lgbm_full,lgbm_full,lightgbm,full,native_default,native,,{},attack_family_challenge,attack_family,Defense Evasion,216,,,61884,432,62316
uwf,random,all,lgbm_full__val_observed_f1,lgbm_full,lightgbm,full,val_observed_f1,single_validation_observed,0.01,{},attack_family_challenge,attack_family,Defense Evasion,216,0.9976905311778291,0.9976905311778291,61884,432,62316
uwf,random,all,lgbm_full__val_robust_minimax,lgbm_full,lightgbm,full,val_robust_minimax,single_validation_minimax,0.3726,{},attack_family_challenge,attack_family,Defense Evasion,216,0.9908256880733946,0.9944805617745637,61884,432,62316
uwf,random,all,lgbm_full__oracle_env_upper_bound,lgbm_full,lightgbm,full,oracle_env_upper_bound,per_test_environment_oracle,,"{""congested_link"": 0.6176, ""delayed_collector"": 0.01, ""high_background"": 0.9116, ""low_sampling"": 0.4216, ""observed"": 0.745}",attack_family_challenge,attack_family,Defense Evasion,216,0.9918146626872728,0.9965170083630163,61884,432,62316
uwf,random,all,cat_full,cat_full,catboost,full,native_default,native,,{},attack_family_challenge,attack_family,Defense Evasion,216,,,61884,432,62316
uwf,random,all,cat_full__val_observed_f1,cat_full,catboost,full,val_observed_f1,single_validation_observed,0.01,{},attack_family_challenge,attack_family,Defense Evasion,216,0.9976905311778291,0.9976905311778291,61884,432,62316
uwf,random,all,cat_full__val_robust_minimax,cat_full,catboost,full,val_robust_minimax,single_validation_minimax,0.7156,{},attack_family_challenge,attack_family,Defense Evasion,216,0.9953917050691244,0.9972307659560882,61884,432,62316
uwf,random,all,cat_full__oracle_env_upper_bound,cat_full,catboost,full,oracle_env_upper_bound,per_test_environment_oracle,,"{""congested_link"": 0.5, ""delayed_collector"": 0.0688, ""high_background"": 0.8331999999999999, ""low_sampling"": 0.1276, ""observed"": 0.8528}",attack_family_challenge,attack_family,Defense Evasion,216,0.9981255020976524,0.9985003190554492,61884,432,62316
uwf,random,all,iforest_env_sensitive,iforest_env_sensitive,sklearn_anomaly,env_sensitive,native_default,native,,{},attack_family_challenge,attack_family,Defense Evasion,216,,,61884,432,62316
uwf,random,all,iforest_env_sensitive__val_observed_f1,iforest_env_sensitive,sklearn_anomaly,env_sensitive,val_observed_f1,single_validation_observed,0.4314,{},attack_family_challenge,attack_family,Defense Evasion,216,0.935064935064935,0.935064935064935,61884,432,62316
uwf,random,all,iforest_env_sensitive__val_robust_minimax,iforest_env_sensitive,sklearn_anomaly,env_sensitive,val_robust_minimax,single_validation_minimax,0.1766,{},attack_family_challenge,attack_family,Defense Evasion,216,0.7060755336617406,0.7518284490277607,61884,432,62316
uwf,random,all,iforest_env_sensitive__oracle_env_upper_bound,iforest_env_sensitive,sklearn_anomaly,env_sensitive,oracle_env_upper_bound,per_test_environment_oracle,,"{""congested_link"": 0.7058, ""delayed_collector"": 0.647, ""high_background"": 0.7352, ""low_sampling"": 0.4216, ""observed"": 0.6567999999999999}",attack_family_challenge,attack_family,Defense Evasion,216,0.9448335709415484,0.9510266280572981,61884,432,62316
uwf,random,all,pyod_ecod_env_sensitive,pyod_ecod_env_sensitive,pyod_ecod,env_sensitive,native_default,native,,{},attack_family_challenge,attack_family,Defense Evasion,216,,,61884,432,62316
uwf,random,all,pyod_ecod_env_sensitive__val_observed_f1,pyod_ecod_env_sensitive,pyod_ecod,env_sensitive,val_observed_f1,single_validation_observed,0.1276,{},attack_family_challenge,attack_family,Defense Evasion,216,0.8709677419354839,0.8709677419354839,61884,432,62316
uwf,random,all,pyod_ecod_env_sensitive__val_robust_minimax,pyod_ecod_env_sensitive,pyod_ecod,env_sensitive,val_robust_minimax,single_validation_minimax,0.0688,{},attack_family_challenge,attack_family,Defense Evasion,216,0.6666666666666666,0.7237105952425715,61884,432,62316
uwf,random,all,pyod_ecod_env_sensitive__oracle_env_upper_bound,pyod_ecod_env_sensitive,pyod_ecod,env_sensitive,oracle_env_upper_bound,per_test_environment_oracle,,"{""congested_link"": 0.1472, ""delayed_collector"": 0.1374, ""high_background"": 0.1668, ""low_sampling"": 0.11779999999999999, ""observed"": 0.1472}",attack_family_challenge,attack_family,Defense Evasion,216,0.8248308172826653,0.8557809940643765,61884,432,62316
uwf,random,all,pyod_copod_env_sensitive,pyod_copod_env_sensitive,pyod_copod,env_sensitive,native_default,native,,{},attack_family_challenge,attack_family,Defense Evasion,216,,,61884,432,62316
uwf,random,all,pyod_copod_env_sensitive__val_observed_f1,pyod_copod_env_sensitive,pyod_copod,env_sensitive,val_observed_f1,single_validation_observed,0.0982,{},attack_family_challenge,attack_family,Defense Evasion,216,0.8605577689243028,0.8605577689243028,61884,432,62316
uwf,random,all,pyod_copod_env_sensitive__val_robust_minimax,pyod_copod_env_sensitive,pyod_copod,env_sensitive,val_robust_minimax,single_validation_minimax,0.01,{},attack_family_challenge,attack_family,Defense Evasion,216,0.6656346749226006,0.6701953842155725,61884,432,62316
uwf,random,all,pyod_copod_env_sensitive__oracle_env_upper_bound,pyod_copod_env_sensitive,pyod_copod,env_sensitive,oracle_env_upper_bound,per_test_environment_oracle,,"{""congested_link"": 0.1374, ""delayed_collector"": 0.1472, ""high_background"": 0.1766, ""low_sampling"": 0.1276, ""observed"": 0.157}",attack_family_challenge,attack_family,Defense Evasion,216,0.9032409858243633,0.9178018439708098,61884,432,62316
uwf,time,within_family_chronological,lr_full,lr_full,sklearn_linear,full,native_default,native,,{},attack_family_challenge,attack_family,Initial Access,365,,,61587,730,62317
uwf,time,within_family_chronological,lr_full__val_observed_f1,lr_full,sklearn_linear,full,val_observed_f1,single_validation_observed,0.157,{},attack_family_challenge,attack_family,Initial Access,365,0.9972677595628415,0.9972677595628415,61587,730,62317
uwf,time,within_family_chronological,lr_full__val_robust_minimax,lr_full,sklearn_linear,full,val_robust_minimax,single_validation_minimax,0.07859999999999999,{},attack_family_challenge,attack_family,Initial Access,365,0.6407407407407407,0.8907790966725135,61587,730,62317
uwf,time,within_family_chronological,lr_full__oracle_env_upper_bound,lr_full,sklearn_linear,full,oracle_env_upper_bound,per_test_environment_oracle,,"{""congested_link"": 0.549, ""delayed_collector"": 0.3432, ""high_background"": 0.5882, ""low_sampling"": 0.108, ""observed"": 0.304}",attack_family_challenge,attack_family,Initial Access,365,0.7083684896832093,0.9385027499616487,61587,730,62317
uwf,time,within_family_chronological,rf_full,rf_full,sklearn_tree,full,native_default,native,,{},attack_family_challenge,attack_family,Initial Access,365,,,61587,730,62317
uwf,time,within_family_chronological,rf_full__val_observed_f1,rf_full,sklearn_tree,full,val_observed_f1,single_validation_observed,0.07859999999999999,{},attack_family_challenge,attack_family,Initial Access,365,0.9972677595628415,0.9972677595628415,61587,730,62317
uwf,time,within_family_chronological,rf_full__val_robust_minimax,rf_full,sklearn_tree,full,val_robust_minimax,single_validation_minimax,0.5,{},attack_family_challenge,attack_family,Initial Access,365,0.9851551956815114,0.9926443679559969,61587,730,62317
uwf,time,within_family_chronological,rf_full__oracle_env_upper_bound,rf_full,sklearn_tree,full,oracle_env_upper_bound,per_test_environment_oracle,,"{""congested_link"": 0.6176, ""delayed_collector"": 0.2844, ""high_background"": 0.7646, ""low_sampling"": 0.4412, ""observed"": 0.843}",attack_family_challenge,attack_family,Initial Access,365,0.9868614012510101,0.9950621238672557,61587,730,62317
uwf,time,within_family_chronological,gb_full,gb_full,sklearn_boosting,full,native_default,native,,{},attack_family_challenge,attack_family,Initial Access,365,,,61587,730,62317
uwf,time,within_family_chronological,gb_full__val_observed_f1,gb_full,sklearn_boosting,full,val_observed_f1,single_validation_observed,0.9508,{},attack_family_challenge,attack_family,Initial Access,365,0.9986320109439124,0.9986320109439124,61587,730,62317
uwf,time,within_family_chronological,gb_full__val_robust_minimax,gb_full,sklearn_boosting,full,val_robust_minimax,single_validation_minimax,0.402,{},attack_family_challenge,attack_family,Initial Access,365,0.9958960328317373,0.9969934142166206,61587,730,62317
uwf,time,within_family_chronological,gb_full__oracle_env_upper_bound,gb_full,sklearn_boosting,full,oracle_env_upper_bound,per_test_environment_oracle,,"{""congested_link"": 0.9116, ""delayed_collector"": 0.4608, ""high_background"": 0.9312, ""low_sampling"": 0.4412, ""observed"": 0.4608}",attack_family_challenge,attack_family,Initial Access,365,0.9983937176512583,0.9986491688185222,61587,730,62317
uwf,time,within_family_chronological,xgb_full,xgb_full,xgboost,full,native_default,native,,{},attack_family_challenge,attack_family,Initial Access,365,,,61587,730,62317
uwf,time,within_family_chronological,xgb_full__val_observed_f1,xgb_full,xgboost,full,val_observed_f1,single_validation_observed,0.9802,{},attack_family_challenge,attack_family,Initial Access,365,0.9986320109439124,0.9986320109439124,61587,730,62317
uwf,time,within_family_chronological,xgb_full__val_robust_minimax,xgb_full,xgboost,full,val_robust_minimax,single_validation_minimax,0.5294,{},attack_family_challenge,attack_family,Initial Access,365,0.9972677595628415,0.9972677595628415,61587,730,62317
uwf,time,within_family_chronological,xgb_full__oracle_env_upper_bound,xgb_full,xgboost,full,oracle_env_upper_bound,per_test_environment_oracle,,"{""congested_link"": 0.9214, ""delayed_collector"": 0.4314, ""high_background"": 0.9802, ""low_sampling"": 0.5, ""observed"": 0.4314}",attack_family_challenge,attack_family,Initial Access,365,0.9979165426513483,0.9985240425883524,61587,730,62317
uwf,time,within_family_chronological,lgbm_full,lgbm_full,lightgbm,full,native_default,native,,{},attack_family_challenge,attack_family,Initial Access,365,,,61587,730,62317
uwf,time,within_family_chronological,lgbm_full__val_observed_f1,lgbm_full,lightgbm,full,val_observed_f1,single_validation_observed,0.01,{},attack_family_challenge,attack_family,Initial Access,365,0.9972677595628415,0.9972677595628415,61587,730,62317
uwf,time,within_family_chronological,lgbm_full__val_robust_minimax,lgbm_full,lightgbm,full,val_robust_minimax,single_validation_minimax,0.1472,{},attack_family_challenge,attack_family,Initial Access,365,0.9878213802435724,0.9948350135302887,61587,730,62317
uwf,time,within_family_chronological,lgbm_full__oracle_env_upper_bound,lgbm_full,lightgbm,full,oracle_env_upper_bound,per_test_environment_oracle,,"{""congested_link"": 0.99, ""delayed_collector"": 0.598, ""high_background"": 0.99, ""low_sampling"": 0.4216, ""observed"": 0.598}",attack_family_challenge,attack_family,Initial Access,365,0.9954020942718994,0.9974263835943166,61587,730,62317
uwf,time,within_family_chronological,cat_full,cat_full,catboost,full,native_default,native,,{},attack_family_challenge,attack_family,Initial Access,365,,,61587,730,62317
uwf,time,within_family_chronological,cat_full__val_observed_f1,cat_full,catboost,full,val_observed_f1,single_validation_observed,0.8724,{},attack_family_challenge,attack_family,Initial Access,365,0.9986320109439124,0.9986320109439124,61587,730,62317
uwf,time,within_family_chronological,cat_full__val_robust_minimax,cat_full,catboost,full,val_robust_minimax,single_validation_minimax,0.6274,{},attack_family_challenge,attack_family,Initial Access,365,0.9972677595628415,0.9980863103914841,61587,730,62317
uwf,time,within_family_chronological,cat_full__oracle_env_upper_bound,cat_full,catboost,full,oracle_env_upper_bound,per_test_environment_oracle,,"{""congested_link"": 0.9312, ""delayed_collector"": 0.2844, ""high_background"": 0.9312, ""low_sampling"": 0.4804, ""observed"": 0.2844}",attack_family_challenge,attack_family,Initial Access,365,0.9976484595922013,0.9983394622360937,61587,730,62317
uwf,time,within_family_chronological,iforest_env_sensitive,iforest_env_sensitive,sklearn_anomaly,env_sensitive,native_default,native,,{},attack_family_challenge,attack_family,Initial Access,365,,,61587,730,62317
uwf,time,within_family_chronological,iforest_env_sensitive__val_observed_f1,iforest_env_sensitive,sklearn_anomaly,env_sensitive,val_observed_f1,single_validation_observed,0.4608,{},attack_family_challenge,attack_family,Initial Access,365,0.9252217997465145,0.9252217997465145,61587,730,62317
uwf,time,within_family_chronological,iforest_env_sensitive__val_robust_minimax,iforest_env_sensitive,sklearn_anomaly,env_sensitive,val_robust_minimax,single_validation_minimax,0.2844,{},attack_family_challenge,attack_family,Initial Access,365,0.7249255213505462,0.7730560615298125,61587,730,62317
uwf,time,within_family_chronological,iforest_env_sensitive__oracle_env_upper_bound,iforest_env_sensitive,sklearn_anomaly,env_sensitive,oracle_env_upper_bound,per_test_environment_oracle,,"{""congested_link"": 0.7646, ""delayed_collector"": 0.598, ""high_background"": 0.7352, ""low_sampling"": 0.4706, ""observed"": 0.5882}",attack_family_challenge,attack_family,Initial Access,365,0.9437000652842976,0.9491389696838277,61587,730,62317
uwf,time,within_family_chronological,pyod_ecod_env_sensitive,pyod_ecod_env_sensitive,pyod_ecod,env_sensitive,native_default,native,,{},attack_family_challenge,attack_family,Initial Access,365,,,61587,730,62317
uwf,time,within_family_chronological,pyod_ecod_env_sensitive__val_observed_f1,pyod_ecod_env_sensitive,pyod_ecod,env_sensitive,val_observed_f1,single_validation_observed,0.1374,{},attack_family_challenge,attack_family,Initial Access,365,0.874251497005988,0.874251497005988,61587,730,62317
uwf,time,within_family_chronological,pyod_ecod_env_sensitive__val_robust_minimax,pyod_ecod_env_sensitive,pyod_ecod,env_sensitive,val_robust_minimax,single_validation_minimax,0.08839999999999999,{},attack_family_challenge,attack_family,Initial Access,365,0.6809701492537313,0.7288926863365522,61587,730,62317
uwf,time,within_family_chronological,pyod_ecod_env_sensitive__oracle_env_upper_bound,pyod_ecod_env_sensitive,pyod_ecod,env_sensitive,oracle_env_upper_bound,per_test_environment_oracle,,"{""congested_link"": 0.1472, ""delayed_collector"": 0.1472, ""high_background"": 0.157, ""low_sampling"": 0.108, ""observed"": 0.157}",attack_family_challenge,attack_family,Initial Access,365,0.8237624794724083,0.8532581439972287,61587,730,62317
uwf,time,within_family_chronological,pyod_copod_env_sensitive,pyod_copod_env_sensitive,pyod_copod,env_sensitive,native_default,native,,{},attack_family_challenge,attack_family,Initial Access,365,,,61587,730,62317
uwf,time,within_family_chronological,pyod_copod_env_sensitive__val_observed_f1,pyod_copod_env_sensitive,pyod_copod,env_sensitive,val_observed_f1,single_validation_observed,0.08839999999999999,{},attack_family_challenge,attack_family,Initial Access,365,0.8304891922639362,0.8304891922639362,61587,730,62317
uwf,time,within_family_chronological,pyod_copod_env_sensitive__val_robust_minimax,pyod_copod_env_sensitive,pyod_copod,env_sensitive,val_robust_minimax,single_validation_minimax,0.20600000000000002,{},attack_family_challenge,attack_family,Initial Access,365,0.6846846846846847,0.7014353098895769,61587,730,62317
uwf,time,within_family_chronological,pyod_copod_env_sensitive__oracle_env_upper_bound,pyod_copod_env_sensitive,pyod_copod,env_sensitive,oracle_env_upper_bound,per_test_environment_oracle,,"{""congested_link"": 0.1374, ""delayed_collector"": 0.157, ""high_background"": 0.1668, ""low_sampling"": 0.1276, ""observed"": 0.1668}",attack_family_challenge,attack_family,Initial Access,365,0.9012265213011791,0.9189796220155267,61587,730,62317
uwf,source_ip,within_family_source_ip,lr_full,lr_full,sklearn_linear,full,native_default,native,,{},attack_family_challenge,attack_family,Initial Access,323,,,56843,646,57489
uwf,source_ip,within_family_source_ip,lr_full__val_observed_f1,lr_full,sklearn_linear,full,val_observed_f1,single_validation_observed,0.059000000000000004,{},attack_family_challenge,attack_family,Initial Access,323,0.9984544049459042,0.9984544049459042,56843,646,57489
uwf,source_ip,within_family_source_ip,lr_full__val_robust_minimax,lr_full,sklearn_linear,full,val_robust_minimax,single_validation_minimax,0.01,{},attack_family_challenge,attack_family,Initial Access,323,0.9337641357027464,0.9545298475690496,56843,646,57489
uwf,source_ip,within_family_source_ip,lr_full__oracle_env_upper_bound,lr_full,sklearn_linear,full,oracle_env_upper_bound,per_test_environment_oracle,,"{""congested_link"": 0.01, ""delayed_collector"": 0.1962, ""high_background"": 0.01, ""low_sampling"": 0.01, ""observed"": 0.1864}",attack_family_challenge,attack_family,Initial Access,323,0.8699807238074553,0.9647894077029934,56843,646,57489
uwf,source_ip,within_family_source_ip,rf_full,rf_full,sklearn_tree,full,native_default,native,,{},attack_family_challenge,attack_family,Initial Access,323,,,56843,646,57489
uwf,source_ip,within_family_source_ip,rf_full__val_observed_f1,rf_full,sklearn_tree,full,val_observed_f1,single_validation_observed,0.0394,{},attack_family_challenge,attack_family,Initial Access,323,0.9984544049459042,0.9984544049459042,56843,646,57489
uwf,source_ip,within_family_source_ip,rf_full__val_robust_minimax,rf_full,sklearn_tree,full,val_robust_minimax,single_validation_minimax,0.4412,{},attack_family_challenge,attack_family,Initial Access,323,0.9877675840978594,0.9960069647406747,56843,646,57489
uwf,source_ip,within_family_source_ip,rf_full__oracle_env_upper_bound,rf_full,sklearn_tree,full,oracle_env_upper_bound,per_test_environment_oracle,,"{""congested_link"": 0.3726, ""delayed_collector"": 0.2648, ""high_background"": 0.549, ""low_sampling"": 0.2746, ""observed"": 0.2648}",attack_family_challenge,attack_family,Initial Access,323,0.989333722969024,0.9962405368409419,56843,646,57489
uwf,source_ip,within_family_source_ip,gb_full,gb_full,sklearn_boosting,full,native_default,native,,{},attack_family_challenge,attack_family,Initial Access,323,,,56843,646,57489
uwf,source_ip,within_family_source_ip,gb_full__val_observed_f1,gb_full,sklearn_boosting,full,val_observed_f1,single_validation_observed,0.745,{},attack_family_challenge,attack_family,Initial Access,323,1.0,1.0,56843,646,57489
uwf,source_ip,within_family_source_ip,gb_full__val_robust_minimax,gb_full,sklearn_boosting,full,val_robust_minimax,single_validation_minimax,0.745,{},attack_family_challenge,attack_family,Initial Access,323,1.0,1.0,56843,646,57489
uwf,source_ip,within_family_source_ip,gb_full__oracle_env_upper_bound,gb_full,sklearn_boosting,full,oracle_env_upper_bound,per_test_environment_oracle,,"{""congested_link"": 0.01, ""delayed_collector"": 0.01, ""high_background"": 0.01, ""low_sampling"": 0.01, ""observed"": 0.01}",attack_family_challenge,attack_family,Initial Access,323,0.9965690926344989,0.9967106549288781,56843,646,57489
uwf,source_ip,within_family_source_ip,xgb_full,xgb_full,xgboost,full,native_default,native,,{},attack_family_challenge,attack_family,Initial Access,323,,,56843,646,57489
uwf,source_ip,within_family_source_ip,xgb_full__val_observed_f1,xgb_full,xgboost,full,val_observed_f1,single_validation_observed,0.7156,{},attack_family_challenge,attack_family,Initial Access,323,1.0,1.0,56843,646,57489
uwf,source_ip,within_family_source_ip,xgb_full__val_robust_minimax,xgb_full,xgboost,full,val_robust_minimax,single_validation_minimax,0.5686,{},attack_family_challenge,attack_family,Initial Access,323,0.9984544049459042,0.9993817619783616,56843,646,57489
uwf,source_ip,within_family_source_ip,xgb_full__oracle_env_upper_bound,xgb_full,xgboost,full,oracle_env_upper_bound,per_test_environment_oracle,,"{""congested_link"": 0.019799999999999998, ""delayed_collector"": 0.01, ""high_background"": 0.0492, ""low_sampling"": 0.01, ""observed"": 0.01}",attack_family_challenge,attack_family,Initial Access,323,0.9959845221581368,0.9964179649009054,56843,646,57489
uwf,source_ip,within_family_source_ip,lgbm_full,lgbm_full,lightgbm,full,native_default,native,,{},attack_family_challenge,attack_family,Initial Access,323,,,56843,646,57489
uwf,source_ip,within_family_source_ip,lgbm_full__val_observed_f1,lgbm_full,lightgbm,full,val_observed_f1,single_validation_observed,0.01,{},attack_family_challenge,attack_family,Initial Access,323,0.9984544049459042,0.9984544049459042,56843,646,57489
uwf,source_ip,within_family_source_ip,lgbm_full__val_robust_minimax,lgbm_full,lightgbm,full,val_robust_minimax,single_validation_minimax,0.9116,{},attack_family_challenge,attack_family,Initial Access,323,0.9984544049459042,0.9990726429675425,56843,646,57489
uwf,source_ip,within_family_source_ip,lgbm_full__oracle_env_upper_bound,lgbm_full,lightgbm,full,oracle_env_upper_bound,per_test_environment_oracle,,"{""congested_link"": 0.01, ""delayed_collector"": 0.01, ""high_background"": 0.647, ""low_sampling"": 0.01, ""observed"": 0.01}",attack_family_challenge,attack_family,Initial Access,323,0.9943373199902368,0.9953574998260433,56843,646,57489
uwf,source_ip,within_family_source_ip,cat_full,cat_full,catboost,full,native_default,native,,{},attack_family_challenge,attack_family,Initial Access,323,,,56843,646,57489
uwf,source_ip,within_family_source_ip,cat_full__val_observed_f1,cat_full,catboost,full,val_observed_f1,single_validation_observed,0.01,{},attack_family_challenge,attack_family,Initial Access,323,0.9984544049459042,0.9984544049459042,56843,646,57489
uwf,source_ip,within_family_source_ip,cat_full__val_robust_minimax,cat_full,catboost,full,val_robust_minimax,single_validation_minimax,0.1766,{},attack_family_challenge,attack_family,Initial Access,323,0.9984544049459042,0.9984544049459043,56843,646,57489
uwf,source_ip,within_family_source_ip,cat_full__oracle_env_upper_bound,cat_full,catboost,full,oracle_env_upper_bound,per_test_environment_oracle,,"{""congested_link"": 0.0394, ""delayed_collector"": 0.01, ""high_background"": 0.0394, ""low_sampling"": 0.01, ""observed"": 0.01}",attack_family_challenge,attack_family,Initial Access,323,0.9969894143925415,0.9977753638234326,56843,646,57489
uwf,source_ip,within_family_source_ip,iforest_env_sensitive,iforest_env_sensitive,sklearn_anomaly,env_sensitive,native_default,native,,{},attack_family_challenge,attack_family,Initial Access,323,,,56843,646,57489
uwf,source_ip,within_family_source_ip,iforest_env_sensitive__val_observed_f1,iforest_env_sensitive,sklearn_anomaly,env_sensitive,val_observed_f1,single_validation_observed,0.4118,{},attack_family_challenge,attack_family,Initial Access,323,0.930835734870317,0.930835734870317,56843,646,57489
uwf,source_ip,within_family_source_ip,iforest_env_sensitive__val_robust_minimax,iforest_env_sensitive,sklearn_anomaly,env_sensitive,val_robust_minimax,single_validation_minimax,0.3824,{},attack_family_challenge,attack_family,Initial Access,323,0.758703481392557,0.8300500146645776,56843,646,57489
uwf,source_ip,within_family_source_ip,iforest_env_sensitive__oracle_env_upper_bound,iforest_env_sensitive,sklearn_anomaly,env_sensitive,oracle_env_upper_bound,per_test_environment_oracle,,"{""congested_link"": 0.6372, ""delayed_collector"": 0.6372, ""high_background"": 0.6567999999999999, ""low_sampling"": 0.3922, ""observed"": 0.6176}",attack_family_challenge,attack_family,Initial Access,323,0.9414587332053743,0.9479179012591835,56843,646,57489
uwf,source_ip,within_family_source_ip,pyod_ecod_env_sensitive,pyod_ecod_env_sensitive,pyod_ecod,env_sensitive,native_default,native,,{},attack_family_challenge,attack_family,Initial Access,323,,,56843,646,57489
uwf,source_ip,within_family_source_ip,pyod_ecod_env_sensitive__val_observed_f1,pyod_ecod_env_sensitive,pyod_ecod,env_sensitive,val_observed_f1,single_validation_observed,0.1276,{},attack_family_challenge,attack_family,Initial Access,323,0.8873239436619719,0.8873239436619719,56843,646,57489
uwf,source_ip,within_family_source_ip,pyod_ecod_env_sensitive__val_robust_minimax,pyod_ecod_env_sensitive,pyod_ecod,env_sensitive,val_robust_minimax,single_validation_minimax,0.019799999999999998,{},attack_family_challenge,attack_family,Initial Access,323,0.6659772492244054,0.6731173473012214,56843,646,57489
uwf,source_ip,within_family_source_ip,pyod_ecod_env_sensitive__oracle_env_upper_bound,pyod_ecod_env_sensitive,pyod_ecod,env_sensitive,oracle_env_upper_bound,per_test_environment_oracle,,"{""congested_link"": 0.1276, ""delayed_collector"": 0.1276, ""high_background"": 0.1276, ""low_sampling"": 0.07859999999999999, ""observed"": 0.1276}",attack_family_challenge,attack_family,Initial Access,323,0.8007011755001031,0.8397794895728697,56843,646,57489
uwf,source_ip,within_family_source_ip,pyod_copod_env_sensitive,pyod_copod_env_sensitive,pyod_copod,env_sensitive,native_default,native,,{},attack_family_challenge,attack_family,Initial Access,323,,,56843,646,57489
uwf,source_ip,within_family_source_ip,pyod_copod_env_sensitive__val_observed_f1,pyod_copod_env_sensitive,pyod_copod,env_sensitive,val_observed_f1,single_validation_observed,0.08839999999999999,{},attack_family_challenge,attack_family,Initial Access,323,0.8261437908496732,0.8261437908496732,56843,646,57489
uwf,source_ip,within_family_source_ip,pyod_copod_env_sensitive__val_robust_minimax,pyod_copod_env_sensitive,pyod_copod,env_sensitive,val_robust_minimax,single_validation_minimax,0.20600000000000002,{},attack_family_challenge,attack_family,Initial Access,323,0.6742857142857143,0.7300416621594085,56843,646,57489
uwf,source_ip,within_family_source_ip,pyod_copod_env_sensitive__oracle_env_upper_bound,pyod_copod_env_sensitive,pyod_copod,env_sensitive,oracle_env_upper_bound,per_test_environment_oracle,,"{""congested_link"": 0.11779999999999999, ""delayed_collector"": 0.1276, ""high_background"": 0.1374, ""low_sampling"": 0.108, ""observed"": 0.1374}",attack_family_challenge,attack_family,Initial Access,323,0.8972298836790982,0.9134464882610563,56843,646,57489
uwf,heldout_family,credential_access,lr_full,lr_full,sklearn_linear,full,native_default,native,,{},attack_family_challenge,attack_family,Defense Evasion,326,,,27772,652,28424
uwf,heldout_family,credential_access,lr_full__val_observed_f1,lr_full,sklearn_linear,full,val_observed_f1,single_validation_observed,0.1668,{},attack_family_challenge,attack_family,Defense Evasion,326,1.0,1.0,27772,652,28424
uwf,heldout_family,credential_access,lr_full__val_robust_minimax,lr_full,sklearn_linear,full,val_robust_minimax,single_validation_minimax,0.01,{},attack_family_challenge,attack_family,Defense Evasion,326,0.2520107238605898,0.7240426261328845,27772,652,28424
uwf,heldout_family,credential_access,lr_full__oracle_env_upper_bound,lr_full,sklearn_linear,full,oracle_env_upper_bound,per_test_environment_oracle,,"{""congested_link"": 0.5294, ""delayed_collector"": 0.99, ""high_background"": 0.99, ""low_sampling"": 0.01, ""observed"": 0.99}",attack_family_challenge,attack_family,Defense Evasion,326,0.844581119160051,0.957148853641592,27772,652,28424
uwf,heldout_family,credential_access,rf_full,rf_full,sklearn_tree,full,native_default,native,,{},attack_family_challenge,attack_family,Defense Evasion,326,,,27772,652,28424
uwf,heldout_family,credential_access,rf_full__val_observed_f1,rf_full,sklearn_tree,full,val_observed_f1,single_validation_observed,0.0296,{},attack_family_challenge,attack_family,Defense Evasion,326,1.0,1.0,27772,652,28424
uwf,heldout_family,credential_access,rf_full__val_robust_minimax,rf_full,sklearn_tree,full,val_robust_minimax,single_validation_minimax,0.49019999999999997,{},attack_family_challenge,attack_family,Defense Evasion,326,0.982839313572543,0.9935375596842055,27772,652,28424
uwf,heldout_family,credential_access,rf_full__oracle_env_upper_bound,rf_full,sklearn_tree,full,oracle_env_upper_bound,per_test_environment_oracle,,"{""congested_link"": 0.7548, ""delayed_collector"": 0.5, ""high_background"": 0.8234, ""low_sampling"": 0.5686, ""observed"": 0.7744}",attack_family_challenge,attack_family,Defense Evasion,326,0.9992762863149188,0.9995219824400886,27772,652,28424
uwf,heldout_family,credential_access,gb_full,gb_full,sklearn_boosting,full,native_default,native,,{},attack_family_challenge,attack_family,Defense Evasion,326,,,27772,652,28424
uwf,heldout_family,credential_access,gb_full__val_observed_f1,gb_full,sklearn_boosting,full,val_observed_f1,single_validation_observed,0.01,{},attack_family_challenge,attack_family,Defense Evasion,326,1.0,1.0,27772,652,28424
uwf,heldout_family,credential_access,gb_full__val_robust_minimax,gb_full,sklearn_boosting,full,val_robust_minimax,single_validation_minimax,0.4314,{},attack_family_challenge,attack_family,Defense Evasion,326,0.9954058192955589,0.9981623234019462,27772,652,28424
uwf,heldout_family,credential_access,gb_full__oracle_env_upper_bound,gb_full,sklearn_boosting,full,oracle_env_upper_bound,per_test_environment_oracle,,"{""congested_link"": 0.6666, ""delayed_collector"": 0.01, ""high_background"": 0.6567999999999999, ""low_sampling"": 0.1472, ""observed"": 0.3236}",attack_family_challenge,attack_family,Defense Evasion,326,0.997336211449698,0.9990099711971459,27772,652,28424
uwf,heldout_family,credential_access,xgb_full,xgb_full,xgboost,full,native_default,native,,{},attack_family_challenge,attack_family,Defense Evasion,326,,,27772,652,28424
uwf,heldout_family,credential_access,xgb_full__val_observed_f1,xgb_full,xgboost,full,val_observed_f1,single_validation_observed,0.01,{},attack_family_challenge,attack_family,Defense Evasion,326,1.0,1.0,27772,652,28424
uwf,heldout_family,credential_access,xgb_full__val_robust_minimax,xgb_full,xgboost,full,val_robust_minimax,single_validation_minimax,0.0492,{},attack_family_challenge,attack_family,Defense Evasion,326,0.9863842662632375,0.996661468637263,27772,652,28424
uwf,heldout_family,credential_access,xgb_full__oracle_env_upper_bound,xgb_full,xgboost,full,oracle_env_upper_bound,per_test_environment_oracle,,"{""congested_link"": 0.9802, ""delayed_collector"": 0.99, ""high_background"": 0.99, ""low_sampling"": 0.99, ""observed"": 0.99}",attack_family_challenge,attack_family,Defense Evasion,326,0.9993215817493992,0.9997907557202426,27772,652,28424
uwf,heldout_family,credential_access,lgbm_full,lgbm_full,lightgbm,full,native_default,native,,{},attack_family_challenge,attack_family,Defense Evasion,326,,,27772,652,28424
uwf,heldout_family,credential_access,lgbm_full__val_observed_f1,lgbm_full,lightgbm,full,val_observed_f1,single_validation_observed,0.01,{},attack_family_challenge,attack_family,Defense Evasion,326,1.0,1.0,27772,652,28424
uwf,heldout_family,credential_access,lgbm_full__val_robust_minimax,lgbm_full,lightgbm,full,val_robust_minimax,single_validation_minimax,0.157,{},attack_family_challenge,attack_family,Defense Evasion,326,0.9775112443778111,0.9918657162239238,27772,652,28424
uwf,heldout_family,credential_access,lgbm_full__oracle_env_upper_bound,lgbm_full,lightgbm,full,oracle_env_upper_bound,per_test_environment_oracle,,"{""congested_link"": 0.892, ""delayed_collector"": 0.07859999999999999, ""high_background"": 0.99, ""low_sampling"": 0.8822, ""observed"": 0.99}",attack_family_challenge,attack_family,Defense Evasion,326,0.9956726806484111,0.9988564778128619,27772,652,28424
uwf,heldout_family,credential_access,cat_full,cat_full,catboost,full,native_default,native,,{},attack_family_challenge,attack_family,Defense Evasion,326,,,27772,652,28424
uwf,heldout_family,credential_access,cat_full__val_observed_f1,cat_full,catboost,full,val_observed_f1,single_validation_observed,0.01,{},attack_family_challenge,attack_family,Defense Evasion,326,1.0,1.0,27772,652,28424
uwf,heldout_family,credential_access,cat_full__val_robust_minimax,cat_full,catboost,full,val_robust_minimax,single_validation_minimax,0.9214,{},attack_family_challenge,attack_family,Defense Evasion,326,0.9969418960244648,0.9990811595428346,27772,652,28424
uwf,heldout_family,credential_access,cat_full__oracle_env_upper_bound,cat_full,catboost,full,oracle_env_upper_bound,per_test_environment_oracle,,"{""congested_link"": 0.9802, ""delayed_collector"": 0.99, ""high_background"": 0.9802, ""low_sampling"": 0.9802, ""observed"": 0.9802}",attack_family_challenge,attack_family,Defense Evasion,326,0.9996322599921855,0.9997494534236655,27772,652,28424
uwf,heldout_family,credential_access,iforest_env_sensitive,iforest_env_sensitive,sklearn_anomaly,env_sensitive,native_default,native,,{},attack_family_challenge,attack_family,Defense Evasion,326,,,27772,652,28424
uwf,heldout_family,credential_access,iforest_env_sensitive__val_observed_f1,iforest_env_sensitive,sklearn_anomaly,env_sensitive,val_observed_f1,single_validation_observed,0.4118,{},attack_family_challenge,attack_family,Defense Evasion,326,0.918918918918919,0.918918918918919,27772,652,28424
uwf,heldout_family,credential_access,iforest_env_sensitive__val_robust_minimax,iforest_env_sensitive,sklearn_anomaly,env_sensitive,val_robust_minimax,single_validation_minimax,0.1374,{},attack_family_challenge,attack_family,Defense Evasion,326,0.703344120819849,0.737659966589884,27772,652,28424
uwf,heldout_family,credential_access,iforest_env_sensitive__oracle_env_upper_bound,iforest_env_sensitive,sklearn_anomaly,env_sensitive,oracle_env_upper_bound,per_test_environment_oracle,,"{""congested_link"": 0.696, ""delayed_collector"": 0.6666, ""high_background"": 0.6862, ""low_sampling"": 0.4412, ""observed"": 0.6567999999999999}",attack_family_challenge,attack_family,Defense Evasion,326,0.9892450855216997,0.9943920753966324,27772,652,28424
uwf,heldout_family,credential_access,pyod_ecod_env_sensitive,pyod_ecod_env_sensitive,pyod_ecod,env_sensitive,native_default,native,,{},attack_family_challenge,attack_family,Defense Evasion,326,,,27772,652,28424
uwf,heldout_family,credential_access,pyod_ecod_env_sensitive__val_observed_f1,pyod_ecod_env_sensitive,pyod_ecod,env_sensitive,val_observed_f1,single_validation_observed,0.1374,{},attack_family_challenge,attack_family,Defense Evasion,326,0.847457627118644,0.847457627118644,27772,652,28424
uwf,heldout_family,credential_access,pyod_ecod_env_sensitive__val_robust_minimax,pyod_ecod_env_sensitive,pyod_ecod,env_sensitive,val_robust_minimax,single_validation_minimax,0.0688,{},attack_family_challenge,attack_family,Defense Evasion,326,0.6680584551148225,0.7184868416433622,27772,652,28424
uwf,heldout_family,credential_access,pyod_ecod_env_sensitive__oracle_env_upper_bound,pyod_ecod_env_sensitive,pyod_ecod,env_sensitive,oracle_env_upper_bound,per_test_environment_oracle,,"{""congested_link"": 0.019799999999999998, ""delayed_collector"": 0.0296, ""high_background"": 0.0492, ""low_sampling"": 0.01, ""observed"": 0.0492}",attack_family_challenge,attack_family,Defense Evasion,326,0.7828636909112235,0.7922999338310819,27772,652,28424
uwf,heldout_family,credential_access,pyod_copod_env_sensitive,pyod_copod_env_sensitive,pyod_copod,env_sensitive,native_default,native,,{},attack_family_challenge,attack_family,Defense Evasion,326,,,27772,652,28424
uwf,heldout_family,credential_access,pyod_copod_env_sensitive__val_observed_f1,pyod_copod_env_sensitive,pyod_copod,env_sensitive,val_observed_f1,single_validation_observed,0.0982,{},attack_family_challenge,attack_family,Defense Evasion,326,0.8412903225806452,0.8412903225806452,27772,652,28424
uwf,heldout_family,credential_access,pyod_copod_env_sensitive__val_robust_minimax,pyod_copod_env_sensitive,pyod_copod,env_sensitive,val_robust_minimax,single_validation_minimax,0.01,{},attack_family_challenge,attack_family,Defense Evasion,326,0.6358866736621196,0.6643764098641378,27772,652,28424
uwf,heldout_family,credential_access,pyod_copod_env_sensitive__oracle_env_upper_bound,pyod_copod_env_sensitive,pyod_copod,env_sensitive,oracle_env_upper_bound,per_test_environment_oracle,,"{""congested_link"": 0.0296, ""delayed_collector"": 0.0296, ""high_background"": 0.0688, ""low_sampling"": 0.0492, ""observed"": 0.0492}",attack_family_challenge,attack_family,Defense Evasion,326,0.7936671481007884,0.8386437196381167,27772,652,28424
uwf,heldout_family,defense_evasion,lr_full,lr_full,sklearn_linear,full,native_default,native,,{},attack_family_challenge,attack_family,Credential Access,43494,,,49225,5000,95219
uwf,heldout_family,defense_evasion,lr_full__val_observed_f1,lr_full,sklearn_linear,full,val_observed_f1,single_validation_observed,0.9802,{},attack_family_challenge,attack_family,Credential Access,43494,0.9993998799759952,0.9993998799759952,49225,5000,95219
uwf,heldout_family,defense_evasion,lr_full__val_robust_minimax,lr_full,sklearn_linear,full,val_robust_minimax,single_validation_minimax,0.9802,{},attack_family_challenge,attack_family,Credential Access,43494,0.8970907511940946,0.9661641859769107,49225,5000,95219
uwf,heldout_family,defense_evasion,lr_full__oracle_env_upper_bound,lr_full,sklearn_linear,full,oracle_env_upper_bound,per_test_environment_oracle,,"{""congested_link"": 0.1668, ""delayed_collector"": 0.1766, ""high_background"": 0.5097999999999999, ""low_sampling"": 0.019799999999999998, ""observed"": 0.157}",attack_family_challenge,attack_family,Credential Access,43494,0.9017713365539453,0.9791291524562714,49225,5000,95219
uwf,heldout_family,defense_evasion,rf_full,rf_full,sklearn_tree,full,native_default,native,,{},attack_family_challenge,attack_family,Credential Access,43494,,,49225,5000,95219
uwf,heldout_family,defense_evasion,rf_full__val_observed_f1,rf_full,sklearn_tree,full,val_observed_f1,single_validation_observed,0.5392,{},attack_family_challenge,attack_family,Credential Access,43494,0.9996001599360256,0.9996001599360256,49225,5000,95219
uwf,heldout_family,defense_evasion,rf_full__val_robust_minimax,rf_full,sklearn_tree,full,val_robust_minimax,single_validation_minimax,0.6567999999999999,{},attack_family_challenge,attack_family,Credential Access,43494,0.9970089730807578,0.9985206232836484,49225,5000,95219
uwf,heldout_family,defense_evasion,rf_full__oracle_env_upper_bound,rf_full,sklearn_tree,full,oracle_env_upper_bound,per_test_environment_oracle,,"{""congested_link"": 0.4804, ""delayed_collector"": 0.01, ""high_background"": 0.2844, ""low_sampling"": 0.20600000000000002, ""observed"": 0.019799999999999998}",attack_family_challenge,attack_family,Credential Access,43494,0.9834087481146304,0.9963754709092967,49225,5000,95219
uwf,heldout_family,defense_evasion,gb_full,gb_full,sklearn_boosting,full,native_default,native,,{},attack_family_challenge,attack_family,Credential Access,43494,,,49225,5000,95219
uwf,heldout_family,defense_evasion,gb_full__val_observed_f1,gb_full,sklearn_boosting,full,val_observed_f1,single_validation_observed,0.451,{},attack_family_challenge,attack_family,Credential Access,43494,0.9996001599360256,0.9996001599360256,49225,5000,95219
uwf,heldout_family,defense_evasion,gb_full__val_robust_minimax,gb_full,sklearn_boosting,full,val_robust_minimax,single_validation_minimax,0.8626,{},attack_family_challenge,attack_family,Credential Access,43494,0.9994003597841296,0.9997601119424313,49225,5000,95219
uwf,heldout_family,defense_evasion,gb_full__oracle_env_upper_bound,gb_full,sklearn_boosting,full,oracle_env_upper_bound,per_test_environment_oracle,,"{""congested_link"": 0.2354, ""delayed_collector"": 0.01, ""high_background"": 0.3922, ""low_sampling"": 0.019799999999999998, ""observed"": 0.01}",attack_family_challenge,attack_family,Credential Access,43494,1.0,1.0,49225,5000,95219
uwf,heldout_family,defense_evasion,xgb_full,xgb_full,xgboost,full,native_default,native,,{},attack_family_challenge,attack_family,Credential Access,43494,,,49225,5000,95219
uwf,heldout_family,defense_evasion,xgb_full__val_observed_f1,xgb_full,xgboost,full,val_observed_f1,single_validation_observed,0.9606,{},attack_family_challenge,attack_family,Credential Access,43494,1.0,1.0,49225,5000,95219
uwf,heldout_family,defense_evasion,xgb_full__val_robust_minimax,xgb_full,xgboost,full,val_robust_minimax,single_validation_minimax,0.9606,{},attack_family_challenge,attack_family,Credential Access,43494,0.9996,0.9998000239856047,49225,5000,95219
uwf,heldout_family,defense_evasion,xgb_full__oracle_env_upper_bound,xgb_full,xgboost,full,oracle_env_upper_bound,per_test_environment_oracle,,"{""congested_link"": 0.2844, ""delayed_collector"": 0.01, ""high_background"": 0.6862, ""low_sampling"": 0.01, ""observed"": 0.01}",attack_family_challenge,attack_family,Credential Access,43494,1.0,1.0,49225,5000,95219
uwf,heldout_family,defense_evasion,lgbm_full,lgbm_full,lightgbm,full,native_default,native,,{},attack_family_challenge,attack_family,Credential Access,43494,,,49225,5000,95219
uwf,heldout_family,defense_evasion,lgbm_full__val_observed_f1,lgbm_full,lightgbm,full,val_observed_f1,single_validation_observed,0.9606,{},attack_family_challenge,attack_family,Credential Access,43494,0.9998000399920016,0.9998000399920016,49225,5000,95219
uwf,heldout_family,defense_evasion,lgbm_full__val_robust_minimax,lgbm_full,lightgbm,full,val_robust_minimax,single_validation_minimax,0.99,{},attack_family_challenge,attack_family,Credential Access,43494,0.9900990099009901,0.9960842564309852,49225,5000,95219
uwf,heldout_family,defense_evasion,lgbm_full__oracle_env_upper_bound,lgbm_full,lightgbm,full,oracle_env_upper_bound,per_test_environment_oracle,,"{""congested_link"": 0.9508, ""delayed_collector"": 0.01, ""high_background"": 0.2648, ""low_sampling"": 0.01, ""observed"": 0.01}",attack_family_challenge,attack_family,Credential Access,43494,0.9954198473282443,0.9990839694656488,49225,5000,95219
uwf,heldout_family,defense_evasion,cat_full,cat_full,catboost,full,native_default,native,,{},attack_family_challenge,attack_family,Credential Access,43494,,,49225,5000,95219
uwf,heldout_family,defense_evasion,cat_full__val_observed_f1,cat_full,catboost,full,val_observed_f1,single_validation_observed,0.9703999999999999,{},attack_family_challenge,attack_family,Credential Access,43494,0.9998000399920016,0.9998000399920016,49225,5000,95219
uwf,heldout_family,defense_evasion,cat_full__val_robust_minimax,cat_full,catboost,full,val_robust_minimax,single_validation_minimax,0.9606,{},attack_family_challenge,attack_family,Credential Access,43494,0.9994003597841296,0.999680127939232,49225,5000,95219
uwf,heldout_family,defense_evasion,cat_full__oracle_env_upper_bound,cat_full,catboost,full,oracle_env_upper_bound,per_test_environment_oracle,,"{""congested_link"": 0.1864, ""delayed_collector"": 0.019799999999999998, ""high_background"": 0.7352, ""low_sampling"": 0.059000000000000004, ""observed"": 0.019799999999999998}",attack_family_challenge,attack_family,Credential Access,43494,1.0,1.0,49225,5000,95219
uwf,heldout_family,defense_evasion,iforest_env_sensitive,iforest_env_sensitive,sklearn_anomaly,env_sensitive,native_default,native,,{},attack_family_challenge,attack_family,Credential Access,43494,,,49225,5000,95219
uwf,heldout_family,defense_evasion,iforest_env_sensitive__val_observed_f1,iforest_env_sensitive,sklearn_anomaly,env_sensitive,val_observed_f1,single_validation_observed,0.6666,{},attack_family_challenge,attack_family,Credential Access,43494,0.9942334460131239,0.9942334460131239,49225,5000,95219
uwf,heldout_family,defense_evasion,iforest_env_sensitive__val_robust_minimax,iforest_env_sensitive,sklearn_anomaly,env_sensitive,val_robust_minimax,single_validation_minimax,0.6764,{},attack_family_challenge,attack_family,Credential Access,43494,0.9832402234636871,0.9905402878611553,49225,5000,95219
uwf,heldout_family,defense_evasion,iforest_env_sensitive__oracle_env_upper_bound,iforest_env_sensitive,sklearn_anomaly,env_sensitive,oracle_env_upper_bound,per_test_environment_oracle,,"{""congested_link"": 0.255, ""delayed_collector"": 0.4118, ""high_background"": 0.304, ""low_sampling"": 0.1374, ""observed"": 0.4216}",attack_family_challenge,attack_family,Credential Access,43494,0.728538283062645,0.8127598577287533,49225,5000,95219
uwf,heldout_family,defense_evasion,pyod_ecod_env_sensitive,pyod_ecod_env_sensitive,pyod_ecod,env_sensitive,native_default,native,,{},attack_family_challenge,attack_family,Credential Access,43494,,,49225,5000,95219
uwf,heldout_family,defense_evasion,pyod_ecod_env_sensitive__val_observed_f1,pyod_ecod_env_sensitive,pyod_ecod,env_sensitive,val_observed_f1,single_validation_observed,0.255,{},attack_family_challenge,attack_family,Credential Access,43494,0.9892515923566879,0.9892515923566879,49225,5000,95219
uwf,heldout_family,defense_evasion,pyod_ecod_env_sensitive__val_robust_minimax,pyod_ecod_env_sensitive,pyod_ecod,env_sensitive,val_robust_minimax,single_validation_minimax,0.2354,{},attack_family_challenge,attack_family,Credential Access,43494,0.9495492039132937,0.9679129992468912,49225,5000,95219
uwf,heldout_family,defense_evasion,pyod_ecod_env_sensitive__oracle_env_upper_bound,pyod_ecod_env_sensitive,pyod_ecod,env_sensitive,oracle_env_upper_bound,per_test_environment_oracle,,"{""congested_link"": 0.0688, ""delayed_collector"": 0.108, ""high_background"": 0.07859999999999999, ""low_sampling"": 0.0982, ""observed"": 0.1374}",attack_family_challenge,attack_family,Credential Access,43494,0.6687565308254964,0.7356887911224541,49225,5000,95219
uwf,heldout_family,defense_evasion,pyod_copod_env_sensitive,pyod_copod_env_sensitive,pyod_copod,env_sensitive,native_default,native,,{},attack_family_challenge,attack_family,Credential Access,43494,,,49225,5000,95219
uwf,heldout_family,defense_evasion,pyod_copod_env_sensitive__val_observed_f1,pyod_copod_env_sensitive,pyod_copod,env_sensitive,val_observed_f1,single_validation_observed,0.2354,{},attack_family_challenge,attack_family,Credential Access,43494,0.9908657664813344,0.9908657664813344,49225,5000,95219
uwf,heldout_family,defense_evasion,pyod_copod_env_sensitive__val_robust_minimax,pyod_copod_env_sensitive,pyod_copod,env_sensitive,val_robust_minimax,single_validation_minimax,0.2452,{},attack_family_challenge,attack_family,Credential Access,43494,0.9683964104564963,0.9823881224732235,49225,5000,95219
uwf,heldout_family,defense_evasion,pyod_copod_env_sensitive__oracle_env_upper_bound,pyod_copod_env_sensitive,pyod_copod,env_sensitive,oracle_env_upper_bound,per_test_environment_oracle,,"{""congested_link"": 0.0394, ""delayed_collector"": 0.059000000000000004, ""high_background"": 0.0394, ""low_sampling"": 0.01, ""observed"": 0.0982}",attack_family_challenge,attack_family,Credential Access,43494,0.6625641025641026,0.7256678315418753,49225,5000,95219
uwf,heldout_family,exfiltration,lr_full,lr_full,sklearn_linear,full,native_default,native,,{},attack_family_challenge,attack_family,Defense Evasion,326,,,95146,652,95798
uwf,heldout_family,exfiltration,lr_full__val_observed_f1,lr_full,sklearn_linear,full,val_observed_f1,single_validation_observed,0.1374,{},attack_family_challenge,attack_family,Defense Evasion,326,0.998468606431853,0.998468606431853,95146,652,95798
uwf,heldout_family,exfiltration,lr_full__val_robust_minimax,lr_full,sklearn_linear,full,val_robust_minimax,single_validation_minimax,0.2256,{},attack_family_challenge,attack_family,Defense Evasion,326,0.898989898989899,0.975226129029406,95146,652,95798
uwf,heldout_family,exfiltration,lr_full__oracle_env_upper_bound,lr_full,sklearn_linear,full,oracle_env_upper_bound,per_test_environment_oracle,,"{""congested_link"": 0.01, ""delayed_collector"": 0.0982, ""high_background"": 0.3628, ""low_sampling"": 0.019799999999999998, ""observed"": 0.07859999999999999}",attack_family_challenge,attack_family,Defense Evasion,326,1.0,1.0,95146,652,95798
uwf,heldout_family,exfiltration,rf_full,rf_full,sklearn_tree,full,native_default,native,,{},attack_family_challenge,attack_family,Defense Evasion,326,,,95146,652,95798
uwf,heldout_family,exfiltration,rf_full__val_observed_f1,rf_full,sklearn_tree,full,val_observed_f1,single_validation_observed,0.019799999999999998,{},attack_family_challenge,attack_family,Defense Evasion,326,0.998468606431853,0.998468606431853,95146,652,95798
uwf,heldout_family,exfiltration,rf_full__val_robust_minimax,rf_full,sklearn_tree,full,val_robust_minimax,single_validation_minimax,0.3824,{},attack_family_challenge,attack_family,Defense Evasion,326,0.9819277108433735,0.9924084444854223,95146,652,95798
uwf,heldout_family,exfiltration,rf_full__oracle_env_upper_bound,rf_full,sklearn_tree,full,oracle_env_upper_bound,per_test_environment_oracle,,"{""congested_link"": 0.2452, ""delayed_collector"": 0.01, ""high_background"": 0.3726, ""low_sampling"": 0.0982, ""observed"": 0.01}",attack_family_challenge,attack_family,Defense Evasion,326,1.0,1.0,95146,652,95798
uwf,heldout_family,exfiltration,gb_full,gb_full,sklearn_boosting,full,native_default,native,,{},attack_family_challenge,attack_family,Defense Evasion,326,,,95146,652,95798
uwf,heldout_family,exfiltration,gb_full__val_observed_f1,gb_full,sklearn_boosting,full,val_observed_f1,single_validation_observed,0.941,{},attack_family_challenge,attack_family,Defense Evasion,326,1.0,1.0,95146,652,95798
uwf,heldout_family,exfiltration,gb_full__val_robust_minimax,gb_full,sklearn_boosting,full,val_robust_minimax,single_validation_minimax,0.451,{},attack_family_challenge,attack_family,Defense Evasion,326,0.998468606431853,0.9984686064318529,95146,652,95798
uwf,heldout_family,exfiltration,gb_full__oracle_env_upper_bound,gb_full,sklearn_boosting,full,oracle_env_upper_bound,per_test_environment_oracle,,"{""congested_link"": 0.019799999999999998, ""delayed_collector"": 0.01, ""high_background"": 0.0688, ""low_sampling"": 0.01, ""observed"": 0.01}",attack_family_challenge,attack_family,Defense Evasion,326,1.0,1.0,95146,652,95798
uwf,heldout_family,exfiltration,xgb_full,xgb_full,xgboost,full,native_default,native,,{},attack_family_challenge,attack_family,Defense Evasion,326,,,95146,652,95798
uwf,heldout_family,exfiltration,xgb_full__val_observed_f1,xgb_full,xgboost,full,val_observed_f1,single_validation_observed,0.9508,{},attack_family_challenge,attack_family,Defense Evasion,326,1.0,1.0,95146,652,95798
uwf,heldout_family,exfiltration,xgb_full__val_robust_minimax,xgb_full,xgboost,full,val_robust_minimax,single_validation_minimax,0.794,{},attack_family_challenge,attack_family,Defense Evasion,326,0.9969418960244648,0.9984695430640048,95146,652,95798
uwf,heldout_family,exfiltration,xgb_full__oracle_env_upper_bound,xgb_full,xgboost,full,oracle_env_upper_bound,per_test_environment_oracle,,"{""congested_link"": 0.019799999999999998, ""delayed_collector"": 0.01, ""high_background"": 0.01, ""low_sampling"": 0.01, ""observed"": 0.01}",attack_family_challenge,attack_family,Defense Evasion,326,1.0,1.0,95146,652,95798
uwf,heldout_family,exfiltration,lgbm_full,lgbm_full,lightgbm,full,native_default,native,,{},attack_family_challenge,attack_family,Defense Evasion,326,,,95146,652,95798
uwf,heldout_family,exfiltration,lgbm_full__val_observed_f1,lgbm_full,lightgbm,full,val_observed_f1,single_validation_observed,0.647,{},attack_family_challenge,attack_family,Defense Evasion,326,1.0,1.0,95146,652,95798
uwf,heldout_family,exfiltration,lgbm_full__val_robust_minimax,lgbm_full,lightgbm,full,val_robust_minimax,single_validation_minimax,0.1472,{},attack_family_challenge,attack_family,Defense Evasion,326,0.9923896499238964,0.9957298056097844,95146,652,95798
uwf,heldout_family,exfiltration,lgbm_full__oracle_env_upper_bound,lgbm_full,lightgbm,full,oracle_env_upper_bound,per_test_environment_oracle,,"{""congested_link"": 0.019799999999999998, ""delayed_collector"": 0.01, ""high_background"": 0.019799999999999998, ""low_sampling"": 0.01, ""observed"": 0.01}",attack_family_challenge,attack_family,Defense Evasion,326,1.0,1.0,95146,652,95798
uwf,heldout_family,exfiltration,cat_full,cat_full,catboost,full,native_default,native,,{},attack_family_challenge,attack_family,Defense Evasion,326,,,95146,652,95798
uwf,heldout_family,exfiltration,cat_full__val_observed_f1,cat_full,catboost,full,val_observed_f1,single_validation_observed,0.9606,{},attack_family_challenge,attack_family,Defense Evasion,326,1.0,1.0,95146,652,95798
uwf,heldout_family,exfiltration,cat_full__val_robust_minimax,cat_full,catboost,full,val_robust_minimax,single_validation_minimax,0.8822,{},attack_family_challenge,attack_family,Defense Evasion,326,0.9969325153374233,0.9981595063161091,95146,652,95798
uwf,heldout_family,exfiltration,cat_full__oracle_env_upper_bound,cat_full,catboost,full,oracle_env_upper_bound,per_test_environment_oracle,,"{""congested_link"": 0.0394, ""delayed_collector"": 0.01, ""high_background"": 0.1374, ""low_sampling"": 0.0492, ""observed"": 0.01}",attack_family_challenge,attack_family,Defense Evasion,326,1.0,1.0,95146,652,95798
uwf,heldout_family,exfiltration,iforest_env_sensitive,iforest_env_sensitive,sklearn_anomaly,env_sensitive,native_default,native,,{},attack_family_challenge,attack_family,Defense Evasion,326,,,95146,652,95798
uwf,heldout_family,exfiltration,iforest_env_sensitive__val_observed_f1,iforest_env_sensitive,sklearn_anomaly,env_sensitive,val_observed_f1,single_validation_observed,0.4118,{},attack_family_challenge,attack_family,Defense Evasion,326,0.9118881118881119,0.9118881118881119,95146,652,95798
uwf,heldout_family,exfiltration,iforest_env_sensitive__val_robust_minimax,iforest_env_sensitive,sklearn_anomaly,env_sensitive,val_robust_minimax,single_validation_minimax,0.1472,{},attack_family_challenge,attack_family,Defense Evasion,326,0.6995708154506438,0.738383280512687,95146,652,95798
uwf,heldout_family,exfiltration,iforest_env_sensitive__oracle_env_upper_bound,iforest_env_sensitive,sklearn_anomaly,env_sensitive,oracle_env_upper_bound,per_test_environment_oracle,,"{""congested_link"": 0.7156, ""delayed_collector"": 0.549, ""high_background"": 0.6764, ""low_sampling"": 0.3628, ""observed"": 0.6078}",attack_family_challenge,attack_family,Defense Evasion,326,0.92,0.9406666666666667,95146,652,95798
uwf,heldout_family,exfiltration,pyod_ecod_env_sensitive,pyod_ecod_env_sensitive,pyod_ecod,env_sensitive,native_default,native,,{},attack_family_challenge,attack_family,Defense Evasion,326,,,95146,652,95798
uwf,heldout_family,exfiltration,pyod_ecod_env_sensitive__val_observed_f1,pyod_ecod_env_sensitive,pyod_ecod,env_sensitive,val_observed_f1,single_validation_observed,0.1374,{},attack_family_challenge,attack_family,Defense Evasion,326,0.8426527958387516,0.8426527958387516,95146,652,95798
uwf,heldout_family,exfiltration,pyod_ecod_env_sensitive__val_robust_minimax,pyod_ecod_env_sensitive,pyod_ecod,env_sensitive,val_robust_minimax,single_validation_minimax,0.0982,{},attack_family_challenge,attack_family,Defense Evasion,326,0.6694648478488983,0.7279072511889713,95146,652,95798
uwf,heldout_family,exfiltration,pyod_ecod_env_sensitive__oracle_env_upper_bound,pyod_ecod_env_sensitive,pyod_ecod,env_sensitive,oracle_env_upper_bound,per_test_environment_oracle,,"{""congested_link"": 0.49019999999999997, ""delayed_collector"": 0.4608, ""high_background"": 0.5294, ""low_sampling"": 0.3628, ""observed"": 0.3138}",attack_family_challenge,attack_family,Defense Evasion,326,0.8205128205128205,0.9325745176809008,95146,652,95798
uwf,heldout_family,exfiltration,pyod_copod_env_sensitive,pyod_copod_env_sensitive,pyod_copod,env_sensitive,native_default,native,,{},attack_family_challenge,attack_family,Defense Evasion,326,,,95146,652,95798
uwf,heldout_family,exfiltration,pyod_copod_env_sensitive__val_observed_f1,pyod_copod_env_sensitive,pyod_copod,env_sensitive,val_observed_f1,single_validation_observed,0.0982,{},attack_family_challenge,attack_family,Defense Evasion,326,0.826362484157161,0.826362484157161,95146,652,95798
uwf,heldout_family,exfiltration,pyod_copod_env_sensitive__val_robust_minimax,pyod_copod_env_sensitive,pyod_copod,env_sensitive,val_robust_minimax,single_validation_minimax,0.01,{},attack_family_challenge,attack_family,Defense Evasion,326,0.6639260020554985,0.670940230996502,95146,652,95798
uwf,heldout_family,exfiltration,pyod_copod_env_sensitive__oracle_env_upper_bound,pyod_copod_env_sensitive,pyod_copod,env_sensitive,oracle_env_upper_bound,per_test_environment_oracle,,"{""congested_link"": 0.4706, ""delayed_collector"": 0.4412, ""high_background"": 0.49019999999999997, ""low_sampling"": 0.1766, ""observed"": 0.2354}",attack_family_challenge,attack_family,Defense Evasion,326,0.9545454545454546,0.9553030303030304,95146,652,95798
uwf,heldout_family,initial_access,lr_full,lr_full,sklearn_linear,full,native_default,native,,{},attack_family_challenge,attack_family,Persistence,326,,,94097,652,94749
uwf,heldout_family,initial_access,lr_full__val_observed_f1,lr_full,sklearn_linear,full,val_observed_f1,single_validation_observed,0.157,{},attack_family_challenge,attack_family,Persistence,326,0.998468606431853,0.998468606431853,94097,652,94749
uwf,heldout_family,initial_access,lr_full__val_robust_minimax,lr_full,sklearn_linear,full,val_robust_minimax,single_validation_minimax,0.2844,{},attack_family_challenge,attack_family,Persistence,326,0.898989898989899,0.9758395209603034,94097,652,94749
uwf,heldout_family,initial_access,lr_full__oracle_env_upper_bound,lr_full,sklearn_linear,full,oracle_env_upper_bound,per_test_environment_oracle,,"{""congested_link"": 0.01, ""delayed_collector"": 0.1374, ""high_background"": 0.0688, ""low_sampling"": 0.0688, ""observed"": 0.1276}",attack_family_challenge,attack_family,Persistence,326,0.7235494880546075,0.9354307669826071,94097,652,94749
uwf,heldout_family,initial_access,rf_full,rf_full,sklearn_tree,full,native_default,native,,{},attack_family_challenge,attack_family,Persistence,326,,,94097,652,94749
uwf,heldout_family,initial_access,rf_full__val_observed_f1,rf_full,sklearn_tree,full,val_observed_f1,single_validation_observed,0.4706,{},attack_family_challenge,attack_family,Persistence,326,1.0,1.0,94097,652,94749
uwf,heldout_family,initial_access,rf_full__val_robust_minimax,rf_full,sklearn_tree,full,val_robust_minimax,single_validation_minimax,0.4216,{},attack_family_challenge,attack_family,Persistence,326,0.9848942598187311,0.9954474540793219,94097,652,94749
uwf,heldout_family,initial_access,rf_full__oracle_env_upper_bound,rf_full,sklearn_tree,full,oracle_env_upper_bound,per_test_environment_oracle,,"{""congested_link"": 0.5196, ""delayed_collector"": 0.0688, ""high_background"": 0.5294, ""low_sampling"": 0.2746, ""observed"": 0.0688}",attack_family_challenge,attack_family,Persistence,326,0.9894179894179894,0.9977055034935711,94097,652,94749
uwf,heldout_family,initial_access,gb_full,gb_full,sklearn_boosting,full,native_default,native,,{},attack_family_challenge,attack_family,Persistence,326,,,94097,652,94749
uwf,heldout_family,initial_access,gb_full__val_observed_f1,gb_full,sklearn_boosting,full,val_observed_f1,single_validation_observed,0.9312,{},attack_family_challenge,attack_family,Persistence,326,1.0,1.0,94097,652,94749
uwf,heldout_family,initial_access,gb_full__val_robust_minimax,gb_full,sklearn_boosting,full,val_robust_minimax,single_validation_minimax,0.5588,{},attack_family_challenge,attack_family,Persistence,326,0.998468606431853,0.9987748851454825,94097,652,94749
uwf,heldout_family,initial_access,gb_full__oracle_env_upper_bound,gb_full,sklearn_boosting,full,oracle_env_upper_bound,per_test_environment_oracle,,"{""congested_link"": 0.451, ""delayed_collector"": 0.01, ""high_background"": 0.2354, ""low_sampling"": 0.019799999999999998, ""observed"": 0.01}",attack_family_challenge,attack_family,Persistence,326,1.0,1.0,94097,652,94749
uwf,heldout_family,initial_access,xgb_full,xgb_full,xgboost,full,native_default,native,,{},attack_family_challenge,attack_family,Persistence,326,,,94097,652,94749
uwf,heldout_family,initial_access,xgb_full__val_observed_f1,xgb_full,xgboost,full,val_observed_f1,single_validation_observed,0.2256,{},attack_family_challenge,attack_family,Persistence,326,1.0,1.0,94097,652,94749
uwf,heldout_family,initial_access,xgb_full__val_robust_minimax,xgb_full,xgboost,full,val_robust_minimax,single_validation_minimax,0.2746,{},attack_family_challenge,attack_family,Persistence,326,0.9954198473282443,0.9987776907520194,94097,652,94749
uwf,heldout_family,initial_access,xgb_full__oracle_env_upper_bound,xgb_full,xgboost,full,oracle_env_upper_bound,per_test_environment_oracle,,"{""congested_link"": 0.1374, ""delayed_collector"": 0.01, ""high_background"": 0.8822, ""low_sampling"": 0.01, ""observed"": 0.01}",attack_family_challenge,attack_family,Persistence,326,1.0,1.0,94097,652,94749
uwf,heldout_family,initial_access,lgbm_full,lgbm_full,lightgbm,full,native_default,native,,{},attack_family_challenge,attack_family,Persistence,326,,,94097,652,94749
uwf,heldout_family,initial_access,lgbm_full__val_observed_f1,lgbm_full,lightgbm,full,val_observed_f1,single_validation_observed,0.01,{},attack_family_challenge,attack_family,Persistence,326,1.0,1.0,94097,652,94749
uwf,heldout_family,initial_access,lgbm_full__val_robust_minimax,lgbm_full,lightgbm,full,val_robust_minimax,single_validation_minimax,0.2648,{},attack_family_challenge,attack_family,Persistence,326,0.9923896499238964,0.996630804656286,94097,652,94749
uwf,heldout_family,initial_access,lgbm_full__oracle_env_upper_bound,lgbm_full,lightgbm,full,oracle_env_upper_bound,per_test_environment_oracle,,"{""congested_link"": 0.9606, ""delayed_collector"": 0.01, ""high_background"": 0.059000000000000004, ""low_sampling"": 0.01, ""observed"": 0.01}",attack_family_challenge,attack_family,Persistence,326,0.9946808510638298,0.9984028368794327,94097,652,94749
uwf,heldout_family,initial_access,cat_full,cat_full,catboost,full,native_default,native,,{},attack_family_challenge,attack_family,Persistence,326,,,94097,652,94749
uwf,heldout_family,initial_access,cat_full__val_observed_f1,cat_full,catboost,full,val_observed_f1,single_validation_observed,0.1472,{},attack_family_challenge,attack_family,Persistence,326,1.0,1.0,94097,652,94749
uwf,heldout_family,initial_access,cat_full__val_robust_minimax,cat_full,catboost,full,val_robust_minimax,single_validation_minimax,0.3334,{},attack_family_challenge,attack_family,Persistence,326,0.998468606431853,0.9996937212863706,94097,652,94749
uwf,heldout_family,initial_access,cat_full__oracle_env_upper_bound,cat_full,catboost,full,oracle_env_upper_bound,per_test_environment_oracle,,"{""congested_link"": 0.2746, ""delayed_collector"": 0.059000000000000004, ""high_background"": 0.794, ""low_sampling"": 0.0492, ""observed"": 0.0492}",attack_family_challenge,attack_family,Persistence,326,1.0,1.0,94097,652,94749
uwf,heldout_family,initial_access,iforest_env_sensitive,iforest_env_sensitive,sklearn_anomaly,env_sensitive,native_default,native,,{},attack_family_challenge,attack_family,Persistence,326,,,94097,652,94749
uwf,heldout_family,initial_access,iforest_env_sensitive__val_observed_f1,iforest_env_sensitive,sklearn_anomaly,env_sensitive,val_observed_f1,single_validation_observed,0.4608,{},attack_family_challenge,attack_family,Persistence,326,0.9287749287749287,0.9287749287749287,94097,652,94749
uwf,heldout_family,initial_access,iforest_env_sensitive__val_robust_minimax,iforest_env_sensitive,sklearn_anomaly,env_sensitive,val_robust_minimax,single_validation_minimax,0.157,{},attack_family_challenge,attack_family,Persistence,326,0.6863157894736842,0.7212353025939445,94097,652,94749
uwf,heldout_family,initial_access,iforest_env_sensitive__oracle_env_upper_bound,iforest_env_sensitive,sklearn_anomaly,env_sensitive,oracle_env_upper_bound,per_test_environment_oracle,,"{""congested_link"": 0.2746, ""delayed_collector"": 0.4118, ""high_background"": 0.2354, ""low_sampling"": 0.1668, ""observed"": 0.402}",attack_family_challenge,attack_family,Persistence,326,0.7350993377483444,0.8216435668887033,94097,652,94749
uwf,heldout_family,initial_access,pyod_ecod_env_sensitive,pyod_ecod_env_sensitive,pyod_ecod,env_sensitive,native_default,native,,{},attack_family_challenge,attack_family,Persistence,326,,,94097,652,94749
uwf,heldout_family,initial_access,pyod_ecod_env_sensitive__val_observed_f1,pyod_ecod_env_sensitive,pyod_ecod,env_sensitive,val_observed_f1,single_validation_observed,0.1374,{},attack_family_challenge,attack_family,Persistence,326,0.8368421052631579,0.8368421052631579,94097,652,94749
uwf,heldout_family,initial_access,pyod_ecod_env_sensitive__val_robust_minimax,pyod_ecod_env_sensitive,pyod_ecod,env_sensitive,val_robust_minimax,single_validation_minimax,0.07859999999999999,{},attack_family_challenge,attack_family,Persistence,326,0.6673773987206824,0.7152511141596223,94097,652,94749
uwf,heldout_family,initial_access,pyod_ecod_env_sensitive__oracle_env_upper_bound,pyod_ecod_env_sensitive,pyod_ecod,env_sensitive,oracle_env_upper_bound,per_test_environment_oracle,,"{""congested_link"": 0.20600000000000002, ""delayed_collector"": 0.108, ""high_background"": 0.20600000000000002, ""low_sampling"": 0.11779999999999999, ""observed"": 0.1374}",attack_family_challenge,attack_family,Persistence,326,0.6695226438188494,0.7558687785661331,94097,652,94749
uwf,heldout_family,initial_access,pyod_copod_env_sensitive,pyod_copod_env_sensitive,pyod_copod,env_sensitive,native_default,native,,{},attack_family_challenge,attack_family,Persistence,326,,,94097,652,94749
uwf,heldout_family,initial_access,pyod_copod_env_sensitive__val_observed_f1,pyod_copod_env_sensitive,pyod_copod,env_sensitive,val_observed_f1,single_validation_observed,0.0982,{},attack_family_challenge,attack_family,Persistence,326,0.8316326530612245,0.8316326530612245,94097,652,94749
uwf,heldout_family,initial_access,pyod_copod_env_sensitive__val_robust_minimax,pyod_copod_env_sensitive,pyod_copod,env_sensitive,val_robust_minimax,single_validation_minimax,0.01,{},attack_family_challenge,attack_family,Persistence,326,0.6652977412731006,0.6720729186045429,94097,652,94749
uwf,heldout_family,initial_access,pyod_copod_env_sensitive__oracle_env_upper_bound,pyod_copod_env_sensitive,pyod_copod,env_sensitive,oracle_env_upper_bound,per_test_environment_oracle,,"{""congested_link"": 0.08839999999999999, ""delayed_collector"": 0.059000000000000004, ""high_background"": 0.3922, ""low_sampling"": 0.1472, ""observed"": 0.0982}",attack_family_challenge,attack_family,Persistence,326,0.6920415224913494,0.7441084407971316,94097,652,94749
uwf,heldout_family,persistence,lr_full,lr_full,sklearn_linear,full,native_default,native,,{},attack_family_challenge,attack_family,Reconnaissance,2909,,,89810,5000,95219
uwf,heldout_family,persistence,lr_full__val_observed_f1,lr_full,sklearn_linear,full,val_observed_f1,single_validation_observed,0.01,{},attack_family_challenge,attack_family,Reconnaissance,2909,0.5372398685651698,0.5372398685651698,89810,5000,95219
uwf,heldout_family,persistence,lr_full__val_robust_minimax,lr_full,sklearn_linear,full,val_robust_minimax,single_validation_minimax,0.01,{},attack_family_challenge,attack_family,Reconnaissance,2909,0.4731750219876869,0.5312083736611924,89810,5000,95219
uwf,heldout_family,persistence,lr_full__oracle_env_upper_bound,lr_full,sklearn_linear,full,oracle_env_upper_bound,per_test_environment_oracle,,"{""congested_link"": 0.3236, ""delayed_collector"": 0.1276, ""high_background"": 0.5392, ""low_sampling"": 0.0492, ""observed"": 0.108}",attack_family_challenge,attack_family,Reconnaissance,2909,0.9005059021922428,0.9767552790280309,89810,5000,95219
uwf,heldout_family,persistence,rf_full,rf_full,sklearn_tree,full,native_default,native,,{},attack_family_challenge,attack_family,Reconnaissance,2909,,,89810,5000,95219
uwf,heldout_family,persistence,rf_full__val_observed_f1,rf_full,sklearn_tree,full,val_observed_f1,single_validation_observed,0.01,{},attack_family_challenge,attack_family,Reconnaissance,2909,0.6818658280922432,0.6818658280922432,89810,5000,95219
uwf,heldout_family,persistence,rf_full__val_robust_minimax,rf_full,sklearn_tree,full,val_robust_minimax,single_validation_minimax,0.01,{},attack_family_challenge,attack_family,Reconnaissance,2909,0.654278984559016,0.7128705184711521,89810,5000,95219
uwf,heldout_family,persistence,rf_full__oracle_env_upper_bound,rf_full,sklearn_tree,full,oracle_env_upper_bound,per_test_environment_oracle,,"{""congested_link"": 0.4608, ""delayed_collector"": 0.019799999999999998, ""high_background"": 0.4412, ""low_sampling"": 0.1864, ""observed"": 0.019799999999999998}",attack_family_challenge,attack_family,Reconnaissance,2909,0.9863842662632375,0.9966652324575405,89810,5000,95219
uwf,heldout_family,persistence,gb_full,gb_full,sklearn_boosting,full,native_default,native,,{},attack_family_challenge,attack_family,Reconnaissance,2909,,,89810,5000,95219
uwf,heldout_family,persistence,gb_full__val_observed_f1,gb_full,sklearn_boosting,full,val_observed_f1,single_validation_observed,0.01,{},attack_family_challenge,attack_family,Reconnaissance,2909,0.04075235109717868,0.04075235109717868,89810,5000,95219
uwf,heldout_family,persistence,gb_full__val_robust_minimax,gb_full,sklearn_boosting,full,val_robust_minimax,single_validation_minimax,0.01,{},attack_family_challenge,attack_family,Reconnaissance,2909,0.0015987210231814548,0.08006729845788049,89810,5000,95219
uwf,heldout_family,persistence,gb_full__oracle_env_upper_bound,gb_full,sklearn_boosting,full,oracle_env_upper_bound,per_test_environment_oracle,,"{""congested_link"": 0.304, ""delayed_collector"": 0.01, ""high_background"": 0.5588, ""low_sampling"": 0.01, ""observed"": 0.01}",attack_family_challenge,attack_family,Reconnaissance,2909,1.0,1.0,89810,5000,95219
uwf,heldout_family,persistence,xgb_full,xgb_full,xgboost,full,native_default,native,,{},attack_family_challenge,attack_family,Reconnaissance,2909,,,89810,5000,95219
uwf,heldout_family,persistence,xgb_full__val_observed_f1,xgb_full,xgboost,full,val_observed_f1,single_validation_observed,0.01,{},attack_family_challenge,attack_family,Reconnaissance,2909,0.13293502613890965,0.13293502613890965,89810,5000,95219
uwf,heldout_family,persistence,xgb_full__val_robust_minimax,xgb_full,xgboost,full,val_robust_minimax,single_validation_minimax,0.01,{},attack_family_challenge,attack_family,Reconnaissance,2909,0.13223757937990288,0.15477256295119532,89810,5000,95219
uwf,heldout_family,persistence,xgb_full__oracle_env_upper_bound,xgb_full,xgboost,full,oracle_env_upper_bound,per_test_environment_oracle,,"{""congested_link"": 0.108, ""delayed_collector"": 0.01, ""high_background"": 0.8234, ""low_sampling"": 0.01, ""observed"": 0.01}",attack_family_challenge,attack_family,Reconnaissance,2909,1.0,1.0,89810,5000,95219
uwf,heldout_family,persistence,lgbm_full,lgbm_full,lightgbm,full,native_default,native,,{},attack_family_challenge,attack_family,Reconnaissance,2909,,,89810,5000,95219
uwf,heldout_family,persistence,lgbm_full__val_observed_f1,lgbm_full,lightgbm,full,val_observed_f1,single_validation_observed,0.01,{},attack_family_challenge,attack_family,Reconnaissance,2909,0.04075235109717868,0.04075235109717868,89810,5000,95219
uwf,heldout_family,persistence,lgbm_full__val_robust_minimax,lgbm_full,lightgbm,full,val_robust_minimax,single_validation_minimax,0.01,{},attack_family_challenge,attack_family,Reconnaissance,2909,0.0015987210231814548,0.05129872565280937,89810,5000,95219
uwf,heldout_family,persistence,lgbm_full__oracle_env_upper_bound,lgbm_full,lightgbm,full,oracle_env_upper_bound,per_test_environment_oracle,,"{""congested_link"": 0.9606, ""delayed_collector"": 0.01, ""high_background"": 0.9508, ""low_sampling"": 0.01, ""observed"": 0.01}",attack_family_challenge,attack_family,Reconnaissance,2909,0.9908814589665653,0.998176291793313,89810,5000,95219
uwf,heldout_family,persistence,cat_full,cat_full,catboost,full,native_default,native,,{},attack_family_challenge,attack_family,Reconnaissance,2909,,,89810,5000,95219
uwf,heldout_family,persistence,cat_full__val_observed_f1,cat_full,catboost,full,val_observed_f1,single_validation_observed,0.01,{},attack_family_challenge,attack_family,Reconnaissance,2909,0.7500621735886596,0.7500621735886596,89810,5000,95219
uwf,heldout_family,persistence,cat_full__val_robust_minimax,cat_full,catboost,full,val_robust_minimax,single_validation_minimax,0.01,{},attack_family_challenge,attack_family,Reconnaissance,2909,0.7488175255165547,0.7865253056772911,89810,5000,95219
uwf,heldout_family,persistence,cat_full__oracle_env_upper_bound,cat_full,catboost,full,oracle_env_upper_bound,per_test_environment_oracle,,"{""congested_link"": 0.5686, ""delayed_collector"": 0.01, ""high_background"": 0.5686, ""low_sampling"": 0.1472, ""observed"": 0.01}",attack_family_challenge,attack_family,Reconnaissance,2909,1.0,1.0,89810,5000,95219
uwf,heldout_family,persistence,iforest_env_sensitive,iforest_env_sensitive,sklearn_anomaly,env_sensitive,native_default,native,,{},attack_family_challenge,attack_family,Reconnaissance,2909,,,89810,5000,95219
uwf,heldout_family,persistence,iforest_env_sensitive__val_observed_f1,iforest_env_sensitive,sklearn_anomaly,env_sensitive,val_observed_f1,single_validation_observed,0.3334,{},attack_family_challenge,attack_family,Reconnaissance,2909,0.8493996569468267,0.8493996569468267,89810,5000,95219
uwf,heldout_family,persistence,iforest_env_sensitive__val_robust_minimax,iforest_env_sensitive,sklearn_anomaly,env_sensitive,val_robust_minimax,single_validation_minimax,0.0296,{},attack_family_challenge,attack_family,Reconnaissance,2909,0.6663998932906496,0.6718361263969778,89810,5000,95219
uwf,heldout_family,persistence,iforest_env_sensitive__oracle_env_upper_bound,iforest_env_sensitive,sklearn_anomaly,env_sensitive,oracle_env_upper_bound,per_test_environment_oracle,,"{""congested_link"": 0.2452, ""delayed_collector"": 0.402, ""high_background"": 0.3236, ""low_sampling"": 0.108, ""observed"": 0.3922}",attack_family_challenge,attack_family,Reconnaissance,2909,0.7315968289920725,0.8287359060781607,89810,5000,95219
uwf,heldout_family,persistence,pyod_ecod_env_sensitive,pyod_ecod_env_sensitive,pyod_ecod,env_sensitive,native_default,native,,{},attack_family_challenge,attack_family,Reconnaissance,2909,,,89810,5000,95219
uwf,heldout_family,persistence,pyod_ecod_env_sensitive__val_observed_f1,pyod_ecod_env_sensitive,pyod_ecod,env_sensitive,val_observed_f1,single_validation_observed,0.108,{},attack_family_challenge,attack_family,Reconnaissance,2909,0.8210561722166162,0.8210561722166162,89810,5000,95219
uwf,heldout_family,persistence,pyod_ecod_env_sensitive__val_robust_minimax,pyod_ecod_env_sensitive,pyod_ecod,env_sensitive,val_robust_minimax,single_validation_minimax,0.01,{},attack_family_challenge,attack_family,Reconnaissance,2909,0.6658660261542567,0.6683135826873434,89810,5000,95219
uwf,heldout_family,persistence,pyod_ecod_env_sensitive__oracle_env_upper_bound,pyod_ecod_env_sensitive,pyod_ecod,env_sensitive,oracle_env_upper_bound,per_test_environment_oracle,,"{""congested_link"": 0.07859999999999999, ""delayed_collector"": 0.108, ""high_background"": 0.0982, ""low_sampling"": 0.01, ""observed"": 0.1276}",attack_family_challenge,attack_family,Reconnaissance,2909,0.6639344262295082,0.7465717277779104,89810,5000,95219
uwf,heldout_family,persistence,pyod_copod_env_sensitive,pyod_copod_env_sensitive,pyod_copod,env_sensitive,native_default,native,,{},attack_family_challenge,attack_family,Reconnaissance,2909,,,89810,5000,95219
uwf,heldout_family,persistence,pyod_copod_env_sensitive__val_observed_f1,pyod_copod_env_sensitive,pyod_copod,env_sensitive,val_observed_f1,single_validation_observed,0.0688,{},attack_family_challenge,attack_family,Reconnaissance,2909,0.7990057995028997,0.7990057995028997,89810,5000,95219
uwf,heldout_family,persistence,pyod_copod_env_sensitive__val_robust_minimax,pyod_copod_env_sensitive,pyod_copod,env_sensitive,val_robust_minimax,single_validation_minimax,0.01,{},attack_family_challenge,attack_family,Reconnaissance,2909,0.6156633221850614,0.6601786560045924,89810,5000,95219
uwf,heldout_family,persistence,pyod_copod_env_sensitive__oracle_env_upper_bound,pyod_copod_env_sensitive,pyod_copod,env_sensitive,oracle_env_upper_bound,per_test_environment_oracle,,"{""congested_link"": 0.0394, ""delayed_collector"": 0.059000000000000004, ""high_background"": 0.0688, ""low_sampling"": 0.01, ""observed"": 0.0982}",attack_family_challenge,attack_family,Reconnaissance,2909,0.6646153846153846,0.7361812351839003,89810,5000,95219
uwf,heldout_family,privilege_escalation,lr_full,lr_full,sklearn_linear,full,native_default,native,,{},attack_family_challenge,attack_family,Reconnaissance,2909,,,89810,5000,95219
uwf,heldout_family,privilege_escalation,lr_full__val_observed_f1,lr_full,sklearn_linear,full,val_observed_f1,single_validation_observed,0.01,{},attack_family_challenge,attack_family,Reconnaissance,2909,0.5344307270233196,0.5344307270233196,89810,5000,95219
uwf,heldout_family,privilege_escalation,lr_full__val_robust_minimax,lr_full,sklearn_linear,full,val_robust_minimax,single_validation_minimax,0.01,{},attack_family_challenge,attack_family,Reconnaissance,2909,0.4713824479013795,0.5282294171016614,89810,5000,95219
uwf,heldout_family,privilege_escalation,lr_full__oracle_env_upper_bound,lr_full,sklearn_linear,full,oracle_env_upper_bound,per_test_environment_oracle,,"{""congested_link"": 0.1962, ""delayed_collector"": 0.7842, ""high_background"": 0.5294, ""low_sampling"": 0.059000000000000004, ""observed"": 0.7744}",attack_family_challenge,attack_family,Reconnaissance,2909,0.898989898989899,0.977052668192545,89810,5000,95219
uwf,heldout_family,privilege_escalation,rf_full,rf_full,sklearn_tree,full,native_default,native,,{},attack_family_challenge,attack_family,Reconnaissance,2909,,,89810,5000,95219
uwf,heldout_family,privilege_escalation,rf_full__val_observed_f1,rf_full,sklearn_tree,full,val_observed_f1,single_validation_observed,0.01,{},attack_family_challenge,attack_family,Reconnaissance,2909,0.6686077289571202,0.6686077289571202,89810,5000,95219
uwf,heldout_family,privilege_escalation,rf_full__val_robust_minimax,rf_full,sklearn_tree,full,val_robust_minimax,single_validation_minimax,0.01,{},attack_family_challenge,attack_family,Reconnaissance,2909,0.431924882629108,0.6263773666473129,89810,5000,95219
uwf,heldout_family,privilege_escalation,rf_full__oracle_env_upper_bound,rf_full,sklearn_tree,full,oracle_env_upper_bound,per_test_environment_oracle,,"{""congested_link"": 0.4216, ""delayed_collector"": 0.6372, ""high_background"": 0.4804, ""low_sampling"": 0.157, ""observed"": 0.794}",attack_family_challenge,attack_family,Reconnaissance,2909,0.9834087481146304,0.9942510399533028,89810,5000,95219
uwf,heldout_family,privilege_escalation,gb_full,gb_full,sklearn_boosting,full,native_default,native,,{},attack_family_challenge,attack_family,Reconnaissance,2909,,,89810,5000,95219
uwf,heldout_family,privilege_escalation,gb_full__val_observed_f1,gb_full,sklearn_boosting,full,val_observed_f1,single_validation_observed,0.01,{},attack_family_challenge,attack_family,Reconnaissance,2909,0.04075235109717868,0.04075235109717868,89810,5000,95219
uwf,heldout_family,privilege_escalation,gb_full__val_robust_minimax,gb_full,sklearn_boosting,full,val_robust_minimax,single_validation_minimax,0.01,{},attack_family_challenge,attack_family,Reconnaissance,2909,0.0007996801279488205,0.07801037816524299,89810,5000,95219
uwf,heldout_family,privilege_escalation,gb_full__oracle_env_upper_bound,gb_full,sklearn_boosting,full,oracle_env_upper_bound,per_test_environment_oracle,,"{""congested_link"": 0.8234, ""delayed_collector"": 0.8626, ""high_background"": 0.598, ""low_sampling"": 0.7744, ""observed"": 0.8626}",attack_family_challenge,attack_family,Reconnaissance,2909,0.998468606431853,0.9996937212863706,89810,5000,95219
uwf,heldout_family,privilege_escalation,xgb_full,xgb_full,xgboost,full,native_default,native,,{},attack_family_challenge,attack_family,Reconnaissance,2909,,,89810,5000,95219
uwf,heldout_family,privilege_escalation,xgb_full__val_observed_f1,xgb_full,xgboost,full,val_observed_f1,single_validation_observed,0.01,{},attack_family_challenge,attack_family,Reconnaissance,2909,0.1378026070763501,0.1378026070763501,89810,5000,95219
uwf,heldout_family,privilege_escalation,xgb_full__val_robust_minimax,xgb_full,xgboost,full,val_robust_minimax,single_validation_minimax,0.01,{},attack_family_challenge,attack_family,Reconnaissance,2909,0.13641446142377936,0.15798227738932882,89810,5000,95219
uwf,heldout_family,privilege_escalation,xgb_full__oracle_env_upper_bound,xgb_full,xgboost,full,oracle_env_upper_bound,per_test_environment_oracle,,"{""congested_link"": 0.5882, ""delayed_collector"": 0.8331999999999999, ""high_background"": 0.8528, ""low_sampling"": 0.019799999999999998, ""observed"": 0.8331999999999999}",attack_family_challenge,attack_family,Reconnaissance,2909,0.998468606431853,0.9993874425727413,89810,5000,95219
uwf,heldout_family,privilege_escalation,lgbm_full,lgbm_full,lightgbm,full,native_default,native,,{},attack_family_challenge,attack_family,Reconnaissance,2909,,,89810,5000,95219
uwf,heldout_family,privilege_escalation,lgbm_full__val_observed_f1,lgbm_full,lightgbm,full,val_observed_f1,single_validation_observed,0.01,{},attack_family_challenge,attack_family,Reconnaissance,2909,0.04075235109717868,0.04075235109717868,89810,5000,95219
uwf,heldout_family,privilege_escalation,lgbm_full__val_robust_minimax,lgbm_full,lightgbm,full,val_robust_minimax,single_validation_minimax,0.01,{},attack_family_challenge,attack_family,Reconnaissance,2909,0.0007996801279488205,0.05214110858865888,89810,5000,95219
uwf,heldout_family,privilege_escalation,lgbm_full__oracle_env_upper_bound,lgbm_full,lightgbm,full,oracle_env_upper_bound,per_test_environment_oracle,,"{""congested_link"": 0.7842, ""delayed_collector"": 0.01, ""high_background"": 0.1864, ""low_sampling"": 0.01, ""observed"": 0.3236}",attack_family_challenge,attack_family,Reconnaissance,2909,0.9923896499238964,0.9978653725575205,89810,5000,95219
uwf,heldout_family,privilege_escalation,cat_full,cat_full,catboost,full,native_default,native,,{},attack_family_challenge,attack_family,Reconnaissance,2909,,,89810,5000,95219
uwf,heldout_family,privilege_escalation,cat_full__val_observed_f1,cat_full,catboost,full,val_observed_f1,single_validation_observed,0.01,{},attack_family_challenge,attack_family,Reconnaissance,2909,0.6663124335812965,0.6663124335812965,89810,5000,95219
uwf,heldout_family,privilege_escalation,cat_full__val_robust_minimax,cat_full,catboost,full,val_robust_minimax,single_validation_minimax,0.01,{},attack_family_challenge,attack_family,Reconnaissance,2909,0.5938375350140056,0.6642300101035982,89810,5000,95219
uwf,heldout_family,privilege_escalation,cat_full__oracle_env_upper_bound,cat_full,catboost,full,oracle_env_upper_bound,per_test_environment_oracle,,"{""congested_link"": 0.2158, ""delayed_collector"": 0.8724, ""high_background"": 0.5097999999999999, ""low_sampling"": 0.1472, ""observed"": 0.9017999999999999}",attack_family_challenge,attack_family,Reconnaissance,2909,0.998468606431853,0.9990811638591118,89810,5000,95219
uwf,heldout_family,privilege_escalation,iforest_env_sensitive,iforest_env_sensitive,sklearn_anomaly,env_sensitive,native_default,native,,{},attack_family_challenge,attack_family,Reconnaissance,2909,,,89810,5000,95219
uwf,heldout_family,privilege_escalation,iforest_env_sensitive__val_observed_f1,iforest_env_sensitive,sklearn_anomaly,env_sensitive,val_observed_f1,single_validation_observed,0.353,{},attack_family_challenge,attack_family,Reconnaissance,2909,0.8739702015775636,0.8739702015775636,89810,5000,95219
uwf,heldout_family,privilege_escalation,iforest_env_sensitive__val_robust_minimax,iforest_env_sensitive,sklearn_anomaly,env_sensitive,val_robust_minimax,single_validation_minimax,0.01,{},attack_family_challenge,attack_family,Reconnaissance,2909,0.6664888651820242,0.6677737708510809,89810,5000,95219
uwf,heldout_family,privilege_escalation,iforest_env_sensitive__oracle_env_upper_bound,iforest_env_sensitive,sklearn_anomaly,env_sensitive,oracle_env_upper_bound,per_test_environment_oracle,,"{""congested_link"": 0.2452, ""delayed_collector"": 0.4216, ""high_background"": 0.2844, ""low_sampling"": 0.157, ""observed"": 0.4216}",attack_family_challenge,attack_family,Reconnaissance,2909,0.7233560090702947,0.8224345228336549,89810,5000,95219
uwf,heldout_family,privilege_escalation,pyod_ecod_env_sensitive,pyod_ecod_env_sensitive,pyod_ecod,env_sensitive,native_default,native,,{},attack_family_challenge,attack_family,Reconnaissance,2909,,,89810,5000,95219
uwf,heldout_family,privilege_escalation,pyod_ecod_env_sensitive__val_observed_f1,pyod_ecod_env_sensitive,pyod_ecod,env_sensitive,val_observed_f1,single_validation_observed,0.108,{},attack_family_challenge,attack_family,Reconnaissance,2909,0.8192612137203166,0.8192612137203166,89810,5000,95219
uwf,heldout_family,privilege_escalation,pyod_ecod_env_sensitive__val_robust_minimax,pyod_ecod_env_sensitive,pyod_ecod,env_sensitive,val_robust_minimax,single_validation_minimax,0.01,{},attack_family_challenge,attack_family,Reconnaissance,2909,0.6647019423978566,0.6677391854036541,89810,5000,95219
uwf,heldout_family,privilege_escalation,pyod_ecod_env_sensitive__oracle_env_upper_bound,pyod_ecod_env_sensitive,pyod_ecod,env_sensitive,oracle_env_upper_bound,per_test_environment_oracle,,"{""congested_link"": 0.0982, ""delayed_collector"": 0.11779999999999999, ""high_background"": 0.108, ""low_sampling"": 0.0982, ""observed"": 0.1374}",attack_family_challenge,attack_family,Reconnaissance,2909,0.6694560669456067,0.7466768182048453,89810,5000,95219
uwf,heldout_family,privilege_escalation,pyod_copod_env_sensitive,pyod_copod_env_sensitive,pyod_copod,env_sensitive,native_default,native,,{},attack_family_challenge,attack_family,Reconnaissance,2909,,,89810,5000,95219
uwf,heldout_family,privilege_escalation,pyod_copod_env_sensitive__val_observed_f1,pyod_copod_env_sensitive,pyod_copod,env_sensitive,val_observed_f1,single_validation_observed,0.0688,{},attack_family_challenge,attack_family,Reconnaissance,2909,0.8078291814946619,0.8078291814946619,89810,5000,95219
uwf,heldout_family,privilege_escalation,pyod_copod_env_sensitive__val_robust_minimax,pyod_copod_env_sensitive,pyod_copod,env_sensitive,val_robust_minimax,single_validation_minimax,0.01,{},attack_family_challenge,attack_family,Reconnaissance,2909,0.622805805114029,0.6602801554809379,89810,5000,95219
uwf,heldout_family,privilege_escalation,pyod_copod_env_sensitive__oracle_env_upper_bound,pyod_copod_env_sensitive,pyod_copod,env_sensitive,oracle_env_upper_bound,per_test_environment_oracle,,"{""congested_link"": 0.0394, ""delayed_collector"": 0.059000000000000004, ""high_background"": 0.0394, ""low_sampling"": 0.01, ""observed"": 0.0982}",attack_family_challenge,attack_family,Reconnaissance,2909,0.6632337796086509,0.7326350089897797,89810,5000,95219
uwf,heldout_family,reconnaissance,lr_full,lr_full,sklearn_linear,full,native_default,native,,{},attack_family_challenge,attack_family,Credential Access,43494,,,44059,5000,90053
uwf,heldout_family,reconnaissance,lr_full__val_observed_f1,lr_full,sklearn_linear,full,val_observed_f1,single_validation_observed,0.0394,{},attack_family_challenge,attack_family,Credential Access,43494,0.9967935871743487,0.9967935871743487,44059,5000,90053
uwf,heldout_family,reconnaissance,lr_full__val_robust_minimax,lr_full,sklearn_linear,full,val_robust_minimax,single_validation_minimax,0.892,{},attack_family_challenge,attack_family,Credential Access,43494,0.8620037807183365,0.9273163389009491,44059,5000,90053
uwf,heldout_family,reconnaissance,lr_full__oracle_env_upper_bound,lr_full,sklearn_linear,full,oracle_env_upper_bound,per_test_environment_oracle,,"{""congested_link"": 0.01, ""delayed_collector"": 0.01, ""high_background"": 0.01, ""low_sampling"": 0.01, ""observed"": 0.01}",attack_family_challenge,attack_family,Credential Access,43494,0.47815040650406504,0.5342346613008679,44059,5000,90053
uwf,heldout_family,reconnaissance,rf_full,rf_full,sklearn_tree,full,native_default,native,,{},attack_family_challenge,attack_family,Credential Access,43494,,,44059,5000,90053
uwf,heldout_family,reconnaissance,rf_full__val_observed_f1,rf_full,sklearn_tree,full,val_observed_f1,single_validation_observed,0.0394,{},attack_family_challenge,attack_family,Credential Access,43494,1.0,1.0,44059,5000,90053
uwf,heldout_family,reconnaissance,rf_full__val_robust_minimax,rf_full,sklearn_tree,full,val_robust_minimax,single_validation_minimax,0.3922,{},attack_family_challenge,attack_family,Credential Access,43494,0.9969909729187563,0.9993582025821517,44059,5000,90053
uwf,heldout_family,reconnaissance,rf_full__oracle_env_upper_bound,rf_full,sklearn_tree,full,oracle_env_upper_bound,per_test_environment_oracle,,"{""congested_link"": 0.0296, ""delayed_collector"": 0.01, ""high_background"": 0.08839999999999999, ""low_sampling"": 0.01, ""observed"": 0.01}",attack_family_challenge,attack_family,Credential Access,43494,0.2676977989292088,0.6009282663235214,44059,5000,90053
uwf,heldout_family,reconnaissance,gb_full,gb_full,sklearn_boosting,full,native_default,native,,{},attack_family_challenge,attack_family,Credential Access,43494,,,44059,5000,90053
uwf,heldout_family,reconnaissance,gb_full__val_observed_f1,gb_full,sklearn_boosting,full,val_observed_f1,single_validation_observed,0.01,{},attack_family_challenge,attack_family,Credential Access,43494,1.0,1.0,44059,5000,90053
uwf,heldout_family,reconnaissance,gb_full__val_robust_minimax,gb_full,sklearn_boosting,full,val_robust_minimax,single_validation_minimax,0.01,{},attack_family_challenge,attack_family,Credential Access,43494,0.9969909729187563,0.9993182265709564,44059,5000,90053
uwf,heldout_family,reconnaissance,gb_full__oracle_env_upper_bound,gb_full,sklearn_boosting,full,oracle_env_upper_bound,per_test_environment_oracle,,"{""congested_link"": 0.01, ""delayed_collector"": 0.01, ""high_background"": 0.01, ""low_sampling"": 0.01, ""observed"": 0.01}",attack_family_challenge,attack_family,Credential Access,43494,0.0013740982480247338,0.08321425728946223,44059,5000,90053
uwf,heldout_family,reconnaissance,xgb_full,xgb_full,xgboost,full,native_default,native,,{},attack_family_challenge,attack_family,Credential Access,43494,,,44059,5000,90053
uwf,heldout_family,reconnaissance,xgb_full__val_observed_f1,xgb_full,xgboost,full,val_observed_f1,single_validation_observed,0.01,{},attack_family_challenge,attack_family,Credential Access,43494,1.0,1.0,44059,5000,90053
uwf,heldout_family,reconnaissance,xgb_full__val_robust_minimax,xgb_full,xgboost,full,val_robust_minimax,single_validation_minimax,0.0296,{},attack_family_challenge,attack_family,Credential Access,43494,0.9969909729187563,0.9993182265709564,44059,5000,90053
uwf,heldout_family,reconnaissance,xgb_full__oracle_env_upper_bound,xgb_full,xgboost,full,oracle_env_upper_bound,per_test_environment_oracle,,"{""congested_link"": 0.01, ""delayed_collector"": 0.01, ""high_background"": 0.01, ""low_sampling"": 0.01, ""observed"": 0.01}",attack_family_challenge,attack_family,Credential Access,43494,0.1346585444052581,0.16060930420887165,44059,5000,90053
uwf,heldout_family,reconnaissance,lgbm_full,lgbm_full,lightgbm,full,native_default,native,,{},attack_family_challenge,attack_family,Credential Access,43494,,,44059,5000,90053
uwf,heldout_family,reconnaissance,lgbm_full__val_observed_f1,lgbm_full,lightgbm,full,val_observed_f1,single_validation_observed,0.01,{},attack_family_challenge,attack_family,Credential Access,43494,0.9993996397838704,0.9993996397838704,44059,5000,90053
uwf,heldout_family,reconnaissance,lgbm_full__val_robust_minimax,lgbm_full,lightgbm,full,val_robust_minimax,single_validation_minimax,0.9802,{},attack_family_challenge,attack_family,Credential Access,43494,0.9963869931754316,0.9987171424974071,44059,5000,90053
uwf,heldout_family,reconnaissance,lgbm_full__oracle_env_upper_bound,lgbm_full,lightgbm,full,oracle_env_upper_bound,per_test_environment_oracle,,"{""congested_link"": 0.01, ""delayed_collector"": 0.01, ""high_background"": 0.01, ""low_sampling"": 0.01, ""observed"": 0.01}",attack_family_challenge,attack_family,Credential Access,43494,0.0013740982480247338,0.05287431112373505,44059,5000,90053
uwf,heldout_family,reconnaissance,cat_full,cat_full,catboost,full,native_default,native,,{},attack_family_challenge,attack_family,Credential Access,43494,,,44059,5000,90053
uwf,heldout_family,reconnaissance,cat_full__val_observed_f1,cat_full,catboost,full,val_observed_f1,single_validation_observed,0.019799999999999998,{},attack_family_challenge,attack_family,Credential Access,43494,1.0,1.0,44059,5000,90053
uwf,heldout_family,reconnaissance,cat_full__val_robust_minimax,cat_full,catboost,full,val_robust_minimax,single_validation_minimax,0.2354,{},attack_family_challenge,attack_family,Credential Access,43494,1.0,1.0,44059,5000,90053
uwf,heldout_family,reconnaissance,cat_full__oracle_env_upper_bound,cat_full,catboost,full,oracle_env_upper_bound,per_test_environment_oracle,,"{""congested_link"": 0.01, ""delayed_collector"": 0.01, ""high_background"": 0.01, ""low_sampling"": 0.01, ""observed"": 0.01}",attack_family_challenge,attack_family,Credential Access,43494,0.593183466279913,0.6323989172445306,44059,5000,90053
uwf,heldout_family,reconnaissance,iforest_env_sensitive,iforest_env_sensitive,sklearn_anomaly,env_sensitive,native_default,native,,{},attack_family_challenge,attack_family,Credential Access,43494,,,44059,5000,90053
uwf,heldout_family,reconnaissance,iforest_env_sensitive__val_observed_f1,iforest_env_sensitive,sklearn_anomaly,env_sensitive,val_observed_f1,single_validation_observed,0.6274,{},attack_family_challenge,attack_family,Credential Access,43494,0.9920634920634921,0.9920634920634921,44059,5000,90053
uwf,heldout_family,reconnaissance,iforest_env_sensitive__val_robust_minimax,iforest_env_sensitive,sklearn_anomaly,env_sensitive,val_robust_minimax,single_validation_minimax,0.6862,{},attack_family_challenge,attack_family,Credential Access,43494,0.9854899622341483,0.9896393970777556,44059,5000,90053
uwf,heldout_family,reconnaissance,iforest_env_sensitive__oracle_env_upper_bound,iforest_env_sensitive,sklearn_anomaly,env_sensitive,oracle_env_upper_bound,per_test_environment_oracle,,"{""congested_link"": 0.2354, ""delayed_collector"": 0.3138, ""high_background"": 0.01, ""low_sampling"": 0.1374, ""observed"": 0.3236}",attack_family_challenge,attack_family,Credential Access,43494,0.6665138666055467,0.7705896002897298,44059,5000,90053
uwf,heldout_family,reconnaissance,pyod_ecod_env_sensitive,pyod_ecod_env_sensitive,pyod_ecod,env_sensitive,native_default,native,,{},attack_family_challenge,attack_family,Credential Access,43494,,,44059,5000,90053
uwf,heldout_family,reconnaissance,pyod_ecod_env_sensitive__val_observed_f1,pyod_ecod_env_sensitive,pyod_ecod,env_sensitive,val_observed_f1,single_validation_observed,0.2746,{},attack_family_challenge,attack_family,Credential Access,43494,0.9870903674280039,0.9870903674280039,44059,5000,90053
uwf,heldout_family,reconnaissance,pyod_ecod_env_sensitive__val_robust_minimax,pyod_ecod_env_sensitive,pyod_ecod,env_sensitive,val_robust_minimax,single_validation_minimax,0.20600000000000002,{},attack_family_challenge,attack_family,Credential Access,43494,0.9127894395152565,0.9336085563336475,44059,5000,90053
uwf,heldout_family,reconnaissance,pyod_ecod_env_sensitive__oracle_env_upper_bound,pyod_ecod_env_sensitive,pyod_ecod,env_sensitive,oracle_env_upper_bound,per_test_environment_oracle,,"{""congested_link"": 0.108, ""delayed_collector"": 0.08839999999999999, ""high_background"": 0.0394, ""low_sampling"": 0.01, ""observed"": 0.0982}",attack_family_challenge,attack_family,Credential Access,43494,0.6667430666972267,0.7309775063246051,44059,5000,90053
uwf,heldout_family,reconnaissance,pyod_copod_env_sensitive,pyod_copod_env_sensitive,pyod_copod,env_sensitive,native_default,native,,{},attack_family_challenge,attack_family,Credential Access,43494,,,44059,5000,90053
uwf,heldout_family,reconnaissance,pyod_copod_env_sensitive__val_observed_f1,pyod_copod_env_sensitive,pyod_copod,env_sensitive,val_observed_f1,single_validation_observed,0.2648,{},attack_family_challenge,attack_family,Credential Access,43494,0.9894695012914763,0.9894695012914763,44059,5000,90053
uwf,heldout_family,reconnaissance,pyod_copod_env_sensitive__val_robust_minimax,pyod_copod_env_sensitive,pyod_copod,env_sensitive,val_robust_minimax,single_validation_minimax,0.2452,{},attack_family_challenge,attack_family,Credential Access,43494,0.9739700758352121,0.981635701488868,44059,5000,90053
uwf,heldout_family,reconnaissance,pyod_copod_env_sensitive__oracle_env_upper_bound,pyod_copod_env_sensitive,pyod_copod,env_sensitive,oracle_env_upper_bound,per_test_environment_oracle,,"{""congested_link"": 0.0492, ""delayed_collector"": 0.0394, ""high_background"": 0.01, ""low_sampling"": 0.01, ""observed"": 0.059000000000000004}",attack_family_challenge,attack_family,Credential Access,43494,0.6104176668266923,0.6979433529500862,44059,5000,90053


