dataset,split,fold,detector,base_detector,detector_family,feature_profile,calibration_policy,environment_id,train_rows,test_rows,train_positive_rate,test_positive_rate,fit_seconds,eval_seconds,semantic_preservation_score,accuracy,precision,recall,f1,auc,alert_budget_inflation,causal_fragility_score,environment_leakage_score,score_environment_leakage_score
uwf,random,all,lr_full,lr_full,sklearn_linear,full,native_default,observed,62316,33555,0.5003048976185891,0.5003129190880644,95.26341742277145,0.0003577284514904022,1.0,0.9981522872895247,0.9971465937462847,0.9991660710030974,0.9981553109193693,0.9999140165481856,1.0020252561353347,0.662005497838848,0.14454990156566244,0.34279749175914587
uwf,random,all,lr_full,lr_full,sklearn_linear,full,native_default,low_sampling,62316,33555,0.5003048976185891,0.5003129190880644,95.26341742277145,0.00026727095246315,1.0,0.6503650722694084,0.991064491064491,0.30390755301405764,0.4651714077315828,0.9582259117482307,0.30664760543245173,0.662005497838848,0.14454990156566244,0.34279749175914587
uwf,random,all,lr_full,lr_full,sklearn_linear,full,native_default,congested_link,62316,33555,0.5003048976185891,0.5003129190880644,95.26341742277145,0.0005145519971847534,1.0,0.997496647295485,0.996315664368909,0.9986895401477246,0.9975011899095668,0.9998496612934807,1.0023826542768643,0.662005497838848,0.14454990156566244,0.34279749175914587
uwf,random,all,lr_full,lr_full,sklearn_linear,full,native_default,high_background,62316,33555,0.5003048976185891,0.5003129190880644,95.26341742277145,0.0003408268094062805,1.0,0.9903442109968708,0.9816288322021999,0.9994043364307839,0.9904368358913813,0.9996608124593876,1.0181081725041696,0.662005497838848,0.14454990156566244,0.34279749175914587
uwf,random,all,lr_full,lr_full,sklearn_linear,full,native_default,delayed_collector,62316,33555,0.5003048976185891,0.5003129190880644,95.26341742277145,0.000256858766078949,1.0,0.9981522872895247,0.9971465937462847,0.9991660710030974,0.9981553109193693,0.9998880861587794,1.0020252561353347,0.662005497838848,0.14454990156566244,0.34279749175914587
uwf,random,all,lr_full__val_observed_f1,lr_full,sklearn_linear,full,val_observed_f1,observed,62316,33555,0.5003048976185891,0.5003129190880644,95.26341742277145,0.00030145421624183655,1.0,0.9974668454775741,0.9949623659100337,1.0,0.9974748224948754,0.9999140165481856,1.005063140338337,0.662005497838848,0.08650361575424043,0.34279749175914587
uwf,random,all,lr_full__val_observed_f1,lr_full,sklearn_linear,full,val_observed_f1,low_sampling,62316,33555,0.5003048976185891,0.5003129190880644,95.26341742277145,0.0002497844398021698,1.0,0.7718372820742065,0.9934082558893451,0.5475935191803669,0.7060133630289532,0.9582259117482307,0.5512270669525852,0.662005497838848,0.08650361575424043,0.34279749175914587
uwf,random,all,lr_full__val_observed_f1,lr_full,sklearn_linear,full,val_observed_f1,congested_link,62316,33555,0.5003048976185891,0.5003129190880644,95.26341742277145,0.00020925328135490417,1.0,0.991417076441663,0.9839277334584702,0.9991660710030974,0.9914883555975884,0.9998496612934807,1.0154872527996188,0.662005497838848,0.08650361575424043,0.34279749175914587
uwf,random,all,lr_full__val_observed_f1,lr_full,sklearn_linear,full,val_observed_f1,high_background,62316,33555,0.5003048976185891,0.5003129190880644,95.26341742277145,0.00021023675799369812,1.0,0.9791685292802861,0.9601853440878668,0.9998213009292352,0.97960255624617,0.9996608124593876,1.0412794853466762,0.662005497838848,0.08650361575424043,0.34279749175914587
uwf,random,all,lr_full__val_observed_f1,lr_full,sklearn_linear,full,val_observed_f1,delayed_collector,62316,33555,0.5003048976185891,0.5003129190880644,95.26341742277145,0.0001905187964439392,1.0,0.9943972582327522,0.9890407730379448,0.9998808672861568,0.9944312796208531,0.9998880861587794,1.0109602096735764,0.662005497838848,0.08650361575424043,0.34279749175914587
uwf,random,all,lr_full__val_robust_minimax,lr_full,sklearn_linear,full,val_robust_minimax,observed,62316,33555,0.5003048976185891,0.5003129190880644,95.26341742277145,0.00036239996552467346,1.0,0.9978840709283266,0.9960239748382885,0.9997617345723135,0.9978893546181515,0.9999140165481856,1.0037526804860615,0.662005497838848,0.08667849442688925,0.34279749175914587
uwf,random,all,lr_full__val_robust_minimax,lr_full,sklearn_linear,full,val_robust_minimax,low_sampling,62316,33555,0.5003048976185891,0.5003129190880644,95.26341742277145,0.00025865063071250916,1.0,0.7719266875279392,0.9937304075235109,0.5475935191803669,0.7060947040976996,0.9582259117482307,0.5510483678818203,0.662005497838848,0.08667849442688925,0.34279749175914587
uwf,random,all,lr_full__val_robust_minimax,lr_full,sklearn_linear,full,val_robust_minimax,congested_link,62316,33555,0.5003048976185891,0.5003129190880644,95.26341742277145,0.0002743341028690338,1.0,0.9926389509760095,0.9863569538371068,0.9991065046461758,0.99269079395141,0.9998496612934807,1.0129258994519894,0.662005497838848,0.08667849442688925,0.34279749175914587
uwf,random,all,lr_full__val_robust_minimax,lr_full,sklearn_linear,full,val_robust_minimax,high_background,62316,33555,0.5003048976185891,0.5003129190880644,95.26341742277145,0.0002429671585559845,1.0,0.9807778274474743,0.9632137733142038,0.9997617345723135,0.981147517025692,0.9996608124593876,1.037943769359066,0.662005497838848,0.08667849442688925,0.34279749175914587
uwf,random,all,lr_full__val_robust_minimax,lr_full,sklearn_linear,full,val_robust_minimax,delayed_collector,62316,33555,0.5003048976185891,0.5003129190880644,95.26341742277145,0.00042120739817619324,1.0,0.9975860527492177,0.9957272565426384,0.9994639027877055,0.9975920806207081,0.9998880861587794,1.0037526804860615,0.662005497838848,0.08667849442688925,0.34279749175914587
uwf,random,all,lr_full__oracle_env_upper_bound,lr_full,sklearn_linear,full,oracle_env_upper_bound,observed,62316,33555,0.5003048976185891,0.5003129190880644,95.26341742277145,0.00033977627754211426,1.0,0.9981522872895247,0.9971465937462847,0.9991660710030974,0.9981553109193693,0.9999140165481856,1.0020252561353347,0.662005497838848,0.08439109825170521,0.34279749175914587
uwf,random,all,lr_full__oracle_env_upper_bound,lr_full,sklearn_linear,full,oracle_env_upper_bound,low_sampling,62316,33555,0.5003048976185891,0.5003129190880644,95.26341742277145,0.0002862401306629181,1.0,0.7718074802562956,0.9925558312655087,0.5480104836788182,0.7061442222819204,0.9582259117482307,0.5521205623064094,0.662005497838848,0.08439109825170521,0.34279749175914587
uwf,random,all,lr_full__oracle_env_upper_bound,lr_full,sklearn_linear,full,oracle_env_upper_bound,congested_link,62316,33555,0.5003048976185891,0.5003129190880644,95.26341742277145,0.0002743378281593323,1.0,0.9975860527492177,0.9964933135215454,0.9986895401477246,0.9975902180703894,0.9998496612934807,1.0022039552060995,0.662005497838848,0.08439109825170521,0.34279749175914587
uwf,random,all,lr_full__oracle_env_upper_bound,lr_full,sklearn_linear,full,oracle_env_upper_bound,high_background,62316,33555,0.5003048976185891,0.5003129190880644,95.26341742277145,0.0002702958881855011,1.0,0.9915958873491283,0.9852422389463782,0.9981534429354301,0.9916558172564801,0.9996608124593876,1.0131045985227543,0.662005497838848,0.08439109825170521,0.34279749175914587
uwf,random,all,lr_full__oracle_env_upper_bound,lr_full,sklearn_linear,full,oracle_env_upper_bound,delayed_collector,62316,33555,0.5003048976185891,0.5003129190880644,95.26341742277145,0.00023387372493743896,1.0,0.9981522872895247,0.9971465937462847,0.9991660710030974,0.9981553109193693,0.9998880861587794,1.0020252561353347,0.662005497838848,0.08439109825170521,0.34279749175914587
uwf,random,all,rf_full,rf_full,sklearn_tree,full,native_default,observed,62316,33555,0.5003048976185891,0.5003129190880644,29.621623434126377,0.0003390870988368988,1.0,0.9988675309193861,0.997741590395816,1.0,0.9988695186529423,0.9999745758553522,1.0022635215630211,0.6932314560065406,0.003233540456513301,0.5087392455474283
uwf,random,all,rf_full,rf_full,sklearn_tree,full,native_default,low_sampling,62316,33555,0.5003048976185891,0.5003129190880644,29.621623434126377,0.0003291703760623932,1.0,0.9958575473103859,0.9981449344742984,0.993566833452466,0.995850622406639,0.9999168000062071,0.9954133905170359,0.6932314560065406,0.003233540456513301,0.5087392455474283
uwf,random,all,rf_full,rf_full,sklearn_tree,full,native_default,congested_link,62316,33555,0.5003048976185891,0.5003129190880644,29.621623434126377,0.000332120805978775,1.0,0.9934734018775145,0.991574200439091,0.9954133905170359,0.9934900865015903,0.999851039700261,1.0038718131999047,0.6932314560065406,0.003233540456513301,0.5087392455474283
uwf,random,all,rf_full,rf_full,sklearn_tree,full,native_default,high_background,62316,33555,0.5003048976185891,0.5003129190880644,29.621623434126377,0.00031568482518196106,1.0,0.9831023692445239,0.9741041678844917,0.9926137717417203,0.9832718690072282,0.9995071822737911,1.0190016678579938,0.6932314560065406,0.003233540456513301,0.5087392455474283
uwf,random,all,rf_full,rf_full,sklearn_tree,full,native_default,delayed_collector,62316,33555,0.5003048976185891,0.5003129190880644,29.621623434126377,0.000285957008600235,1.0,0.9985695127402772,0.9971489665003563,1.0,0.9985724482512491,0.9998987084172154,1.0028591851322373,0.6932314560065406,0.003233540456513301,0.5087392455474283
uwf,random,all,rf_full__val_observed_f1,rf_full,sklearn_tree,full,val_observed_f1,observed,62316,33555,0.5003048976185891,0.5003129190880644,29.621623434126377,0.0003511272370815277,1.0,0.9976754582029503,0.9953753112771255,1.0,0.9976822963095026,0.9999745758553522,1.0046461758398857,0.6932314560065406,0.19721419429763384,0.5087392455474283
uwf,random,all,rf_full__val_observed_f1,rf_full,sklearn_tree,full,val_observed_f1,low_sampling,62316,33555,0.5003048976185891,0.5003129190880644,29.621623434126377,0.0002317391335964203,1.0,0.5121442407986887,0.50630315459316,1.0,0.6722460257077644,0.9999168000062071,1.9751012628067668,0.6932314560065406,0.19721419429763384,0.5087392455474283
uwf,random,all,rf_full__val_observed_f1,rf_full,sklearn_tree,full,val_observed_f1,congested_link,62316,33555,0.5003048976185891,0.5003129190880644,29.621623434126377,0.00023289024829864502,1.0,0.7305617642676203,0.6499670912540167,1.0,0.7878546120092921,0.999851039700261,1.5385394329282822,0.6932314560065406,0.19721419429763384,0.5087392455474283
uwf,random,all,rf_full__val_observed_f1,rf_full,sklearn_tree,full,val_observed_f1,high_background,62316,33555,0.5003048976185891,0.5003129190880644,29.621623434126377,0.00023545697331428528,1.0,0.6233646252421398,0.5705158703187657,1.0,0.7265330852122733,0.9995071822737911,1.7527996187753156,0.6932314560065406,0.19721419429763384,0.5087392455474283
uwf,random,all,rf_full__val_observed_f1,rf_full,sklearn_tree,full,val_observed_f1,delayed_collector,62316,33555,0.5003048976185891,0.5003129190880644,29.621623434126377,0.00021450966596603394,1.0,0.9916554909849501,0.9835950316381533,1.0,0.9917296786389413,0.9998987084172154,1.0166785799380509,0.6932314560065406,0.19721419429763384,0.5087392455474283
uwf,random,all,rf_full__val_robust_minimax,rf_full,sklearn_tree,full,val_robust_minimax,observed,62316,33555,0.5003048976185891,0.5003129190880644,29.621623434126377,0.00023761391639709473,1.0,0.9986589181940099,0.9973266797362323,1.0,0.998661550816454,0.9999745758553522,1.0026804860614724,0.6932314560065406,0.0035608479409812537,0.5087392455474283
uwf,random,all,rf_full__val_robust_minimax,rf_full,sklearn_tree,full,val_robust_minimax,low_sampling,62316,33555,0.5003048976185891,0.5003129190880644,29.621623434126377,0.00020159780979156494,1.0,0.9984503054686336,0.9977397097311445,0.9991660710030974,0.998452380952381,0.9999168000062071,1.0014295925661187,0.6932314560065406,0.0035608479409812537,0.5087392455474283
uwf,random,all,rf_full__val_robust_minimax,rf_full,sklearn_tree,full,val_robust_minimax,congested_link,62316,33555,0.5003048976185891,0.5003129190880644,29.621623434126377,0.00020483508706092834,1.0,0.9921323200715244,0.9845747800586511,0.9999404336430784,0.9921981204562917,0.999851039700261,1.015606385513462,0.6932314560065406,0.0035608479409812537,0.5087392455474283
uwf,random,all,rf_full__val_robust_minimax,rf_full,sklearn_tree,full,val_robust_minimax,high_background,62316,33555,0.5003048976185891,0.5003129190880644,29.621623434126377,0.00020907819271087646,1.0,0.9811652510803159,0.9638263665594855,0.9998808672861568,0.9815226289322886,0.9995071822737911,1.0374076721467715,0.6932314560065406,0.0035608479409812537,0.5087392455474283
uwf,random,all,rf_full__val_robust_minimax,rf_full,sklearn_tree,full,val_robust_minimax,delayed_collector,62316,33555,0.5003048976185891,0.5003129190880644,29.621623434126377,0.0002128295600414276,1.0,0.9985695127402772,0.9971489665003563,1.0,0.9985724482512491,0.9998987084172154,1.0028591851322373,0.6932314560065406,0.0035608479409812537,0.5087392455474283
uwf,random,all,rf_full__oracle_env_upper_bound,rf_full,sklearn_tree,full,oracle_env_upper_bound,observed,62316,33555,0.5003048976185891,0.5003129190880644,29.621623434126377,0.0003857053816318512,1.0,0.9990165400089406,0.9980381665774924,1.0,0.9990181201463894,0.9999745758553522,1.001965689778413,0.6932314560065406,0.0030992183537744615,0.5087392455474283
uwf,random,all,rf_full__oracle_env_upper_bound,rf_full,sklearn_tree,full,oracle_env_upper_bound,low_sampling,62316,33555,0.5003048976185891,0.5003129190880644,29.621623434126377,0.0003137737512588501,1.0,0.9984801072865445,0.9977398441682032,0.999225637360019,0.9984821880301181,0.9999168000062071,1.0014891589230404,0.6932314560065406,0.0030992183537744615,0.5087392455474283
uwf,random,all,rf_full__oracle_env_upper_bound,rf_full,sklearn_tree,full,oracle_env_upper_bound,congested_link,62316,33555,0.5003048976185891,0.5003129190880644,29.621623434126377,0.0002670399844646454,1.0,0.9943972582327522,0.9898489140698773,0.9990469382892543,0.9944266571801257,0.999851039700261,1.0092923516797712,0.6932314560065406,0.0030992183537744615,0.5087392455474283
uwf,random,all,rf_full__oracle_env_upper_bound,rf_full,sklearn_tree,full,oracle_env_upper_bound,high_background,62316,33555,0.5003048976185891,0.5003129190880644,29.621623434126377,0.0002557709813117981,1.0,0.9870362092087618,0.9904036466142866,0.9836192518465571,0.9869997908012312,0.9995071822737911,0.9931498689540148,0.6932314560065406,0.0030992183537744615,0.5087392455474283
uwf,random,all,rf_full__oracle_env_upper_bound,rf_full,sklearn_tree,full,oracle_env_upper_bound,delayed_collector,62316,33555,0.5003048976185891,0.5003129190880644,29.621623434126377,0.0002298317849636078,1.0,0.9985695127402772,0.9971489665003563,1.0,0.9985724482512491,0.9998987084172154,1.0028591851322373,0.6932314560065406,0.0030992183537744615,0.5087392455474283
uwf,random,all,gb_full,gb_full,sklearn_boosting,full,native_default,observed,62316,33555,0.5003048976185891,0.5003129190880644,173.30768209695816,0.0003091767430305481,1.0,0.9985695127402772,0.9972080313650945,0.9999404336430784,0.9985723633335316,0.9999669875128709,1.002740052418394,0.46275820610522345,0.00040266866836755294,0.3051060728508652
uwf,random,all,gb_full,gb_full,sklearn_boosting,full,native_default,low_sampling,62316,33555,0.5003048976185891,0.5003129190880644,173.30768209695816,0.00024897605180740356,1.0,0.9979436745641485,0.9977374218517416,0.9981534429354301,0.9979453890361195,0.9999510701118934,1.0004169644984513,0.46275820610522345,0.00040266866836755294,0.3051060728508652
uwf,random,all,gb_full,gb_full,sklearn_boosting,full,native_default,congested_link,62316,33555,0.5003048976185891,0.5003129190880644,173.30768209695816,0.00024821236729621887,1.0,0.9973774400238414,0.9959610358755049,0.9988086728615678,0.9973828217939567,0.999915485546133,1.0028591851322373,0.46275820610522345,0.00040266866836755294,0.3051060728508652
uwf,random,all,gb_full,gb_full,sklearn_boosting,full,native_default,high_background,62316,33555,0.5003048976185891,0.5003129190880644,173.30768209695816,0.00023282691836357117,1.0,0.995827745492475,0.992602674872766,0.9991065046461758,0.9958439707890518,0.9998823913493237,1.0065522992613771,0.46275820610522345,0.00040266866836755294,0.3051060728508652
uwf,random,all,gb_full,gb_full,sklearn_boosting,full,native_default,delayed_collector,62316,33555,0.5003048976185891,0.5003129190880644,173.30768209695816,0.000275980681180954,1.0,0.9985993145581881,0.9972081972081972,1.0,0.9986021473396187,0.9999581859592671,1.0027996187753156,0.46275820610522345,0.00040266866836755294,0.3051060728508652
uwf,random,all,gb_full__val_observed_f1,gb_full,sklearn_boosting,full,val_observed_f1,observed,62316,33555,0.5003048976185891,0.5003129190880644,173.30768209695816,0.0002838149666786194,1.0,0.9865593801221875,0.9996330050767631,0.9734929711698832,0.9863898361348342,0.9999669875128709,0.9738503693114129,0.46275820610522345,0.008066699428363739,0.3051060728508652
uwf,random,all,gb_full__val_observed_f1,gb_full,sklearn_boosting,full,val_observed_f1,low_sampling,62316,33555,0.5003048976185891,0.5003129190880644,173.30768209695816,0.00022072717547416687,1.0,0.9602145730889584,1.0,0.9204789135096497,0.9585930957476505,0.9999510701118934,0.9204789135096497,0.46275820610522345,0.008066699428363739,0.3051060728508652
uwf,random,all,gb_full__val_observed_f1,gb_full,sklearn_boosting,full,val_observed_f1,congested_link,62316,33555,0.5003048976185891,0.5003129190880644,173.30768209695816,0.00021440908312797546,1.0,0.9850692892266428,0.9990807133664277,0.9710507505360972,0.9848663343905755,0.999915485546133,0.9719442458899213,0.46275820610522345,0.008066699428363739,0.3051060728508652
uwf,random,all,gb_full__val_observed_f1,gb_full,sklearn_boosting,full,val_observed_f1,high_background,62316,33555,0.5003048976185891,0.5003129190880644,173.30768209695816,0.00019485503435134888,1.0,0.9874832364774251,0.9982345062705467,0.9767095544436503,0.9873547299331608,0.9998823913493237,0.978436978794377,0.46275820610522345,0.008066699428363739,0.3051060728508652
uwf,random,all,gb_full__val_observed_f1,gb_full,sklearn_boosting,full,val_observed_f1,delayed_collector,62316,33555,0.5003048976185891,0.5003129190880644,173.30768209695816,0.00018754228949546814,1.0,0.9862017583072568,0.9994493055130637,0.9729568739575888,0.9860251727988892,0.9999581859592671,0.9734929711698832,0.46275820610522345,0.008066699428363739,0.3051060728508652
uwf,random,all,gb_full__val_robust_minimax,gb_full,sklearn_boosting,full,val_robust_minimax,observed,62316,33555,0.5003048976185891,0.5003129190880644,173.30768209695816,0.00022766739130020142,1.0,0.9984503054686336,0.9972664606608034,0.9996426018584703,0.9984531175630652,0.9999669875128709,1.0023826542768643,0.46275820610522345,0.0003136431530964853,0.3051060728508652
uwf,random,all,gb_full__val_robust_minimax,gb_full,sklearn_boosting,full,val_robust_minimax,low_sampling,62316,33555,0.5003048976185891,0.5003129190880644,173.30768209695816,0.00020740926265716553,1.0,0.997794665474594,0.9981521220791607,0.9974386466523707,0.9977952568227864,0.9999510701118934,0.9992852037169406,0.46275820610522345,0.0003136431530964853,0.3051060728508652
uwf,random,all,gb_full__val_robust_minimax,gb_full,sklearn_boosting,full,val_robust_minimax,congested_link,62316,33555,0.5003048976185891,0.5003129190880644,173.30768209695816,0.00024485960602760315,1.0,0.9969006109372672,0.9975545747345819,0.9962473195139385,0.9969005185670858,0.999915485546133,0.9986895401477246,0.46275820610522345,0.0003136431530964853,0.3051060728508652
uwf,random,all,gb_full__val_robust_minimax,gb_full,sklearn_boosting,full,val_robust_minimax,high_background,62316,33555,0.5003048976185891,0.5003129190880644,173.30768209695816,0.0001970343291759491,1.0,0.9979436745641485,0.9972636963892689,0.998629973790803,0.9979463674514123,0.9998823913493237,1.0013700262091971,0.46275820610522345,0.0003136431530964853,0.3051060728508652
uwf,random,all,gb_full__val_robust_minimax,gb_full,sklearn_boosting,full,val_robust_minimax,delayed_collector,62316,33555,0.5003048976185891,0.5003129190880644,173.30768209695816,0.00025366246700286865,1.0,0.9984801072865445,0.997207533717545,0.9997617345723135,0.998483000684137,0.9999581859592671,1.0025613533476292,0.46275820610522345,0.0003136431530964853,0.3051060728508652
uwf,random,all,gb_full__oracle_env_upper_bound,gb_full,sklearn_boosting,full,oracle_env_upper_bound,observed,62316,33555,0.5003048976185891,0.5003129190880644,173.30768209695816,0.00036945194005966187,1.0,0.9985993145581881,0.9972081972081972,1.0,0.9986021473396187,0.9999669875128709,1.0027996187753156,0.46275820610522345,0.00023185283257683484,0.3051060728508652
uwf,random,all,gb_full__oracle_env_upper_bound,gb_full,sklearn_boosting,full,oracle_env_upper_bound,low_sampling,62316,33555,0.5003048976185891,0.5003129190880644,173.30768209695816,0.0002945438027381897,1.0,0.9982714945611683,0.9976204640095181,0.998927805575411,0.99827370676826,0.9999510701118934,1.0013104598522755,0.46275820610522345,0.00023185283257683484,0.3051060728508652
uwf,random,all,gb_full__oracle_env_upper_bound,gb_full,sklearn_boosting,full,oracle_env_upper_bound,congested_link,62316,33555,0.5003048976185891,0.5003129190880644,173.30768209695816,0.0002563074231147766,1.0,0.9977350618387721,0.9973217474110225,0.9981534429354301,0.9977374218517416,0.999915485546133,1.0008339289969026,0.46275820610522345,0.00023185283257683484,0.3051060728508652
uwf,random,all,gb_full__oracle_env_upper_bound,gb_full,sklearn_boosting,full,oracle_env_upper_bound,high_background,62316,33555,0.5003048976185891,0.5003129190880644,173.30768209695816,0.00023572146892547607,1.0,0.9979734763820594,0.9972638591482275,0.9986895401477246,0.9979761904761905,0.9998823913493237,1.0014295925661187,0.46275820610522345,0.00023185283257683484,0.3051060728508652
uwf,random,all,gb_full__oracle_env_upper_bound,gb_full,sklearn_boosting,full,oracle_env_upper_bound,delayed_collector,62316,33555,0.5003048976185891,0.5003129190880644,173.30768209695816,0.0002590194344520569,1.0,0.9985993145581881,0.9972081972081972,1.0,0.9986021473396187,0.9999581859592671,1.0027996187753156,0.46275820610522345,0.00023185283257683484,0.3051060728508652
uwf,random,all,xgb_full,xgb_full,xgboost,full,native_default,observed,62316,33555,0.5003048976185891,0.5003129190880644,39.60704465582967,0.0003667473793029785,1.0,0.9989569363731188,0.9979195149497712,1.0,0.9989586742435512,0.9999792688330759,1.0020848224922563,0.45424626821235015,0.0013648522398953958,0.0819175413596564
uwf,random,all,xgb_full,xgb_full,xgboost,full,native_default,low_sampling,62316,33555,0.5003048976185891,0.5003129190880644,39.60704465582967,0.0003077872097492218,1.0,0.998033080017881,0.9980936494697963,0.9979747438646652,0.9980341931256329,0.9999422365849366,0.9998808672861568,0.45424626821235015,0.0013648522398953958,0.0819175413596564
uwf,random,all,xgb_full,xgb_full,xgboost,full,native_default,congested_link,62316,33555,0.5003048976185891,0.5003129190880644,39.60704465582967,0.0003211759030818939,1.0,0.998062881835792,0.9978565049121763,0.9982725756492733,0.9980644969180835,0.9999530524597889,1.0004169644984513,0.45424626821235015,0.0013648522398953958,0.0819175413596564
uwf,random,all,xgb_full,xgb_full,xgboost,full,native_default,high_background,62316,33555,0.5003048976185891,0.5003129190880644,39.60704465582967,0.00037200748920440674,1.0,0.9922813291610788,0.9850343330007629,0.9997617345723135,0.9923433943299731,0.999941826260238,1.0149511555873243,0.45424626821235015,0.0013648522398953958,0.0819175413596564
uwf,random,all,xgb_full,xgb_full,xgboost,full,native_default,delayed_collector,62316,33555,0.5003048976185891,0.5003129190880644,39.60704465582967,0.00029899924993515015,1.0,0.9985695127402772,0.9971489665003563,1.0,0.9985724482512491,0.9999749897326458,1.0028591851322373,0.45424626821235015,0.0013648522398953958,0.0819175413596564
uwf,random,all,xgb_full__val_observed_f1,xgb_full,xgboost,full,val_observed_f1,observed,62316,33555,0.5003048976185891,0.5003129190880644,39.60704465582967,0.00035687536001205444,1.0,0.9836090001490091,0.9998153164245259,0.967417202763879,0.983349479292807,0.9999792688330759,0.9675959018346438,0.45424626821235015,0.01202300276071583,0.0819175413596564
uwf,random,all,xgb_full__val_observed_f1,xgb_full,xgboost,full,val_observed_f1,low_sampling,62316,33555,0.5003048976185891,0.5003129190880644,39.60704465582967,0.0002308674156665802,1.0,0.9558337058560572,1.0,0.911722659042173,0.9538231445129931,0.9999422365849366,0.911722659042173,0.45424626821235015,0.01202300276071583,0.0819175413596564
uwf,random,all,xgb_full__val_observed_f1,xgb_full,xgboost,full,val_observed_f1,congested_link,62316,33555,0.5003048976185891,0.5003129190880644,39.60704465582967,0.0002744123339653015,1.0,0.9699597675458203,0.999809958190802,0.9401358112937813,0.9690550745993738,0.9999530524597889,0.940314510364546,0.45424626821235015,0.01202300276071583,0.0819175413596564
uwf,random,all,xgb_full__val_observed_f1,xgb_full,xgboost,full,val_observed_f1,high_background,62316,33555,0.5003048976185891,0.5003129190880644,39.60704465582967,0.00026572123169898987,1.0,0.9940694382357323,0.9985574322293683,0.9895758875387182,0.9940463724756918,0.999941826260238,0.9910054801048368,0.45424626821235015,0.01202300276071583,0.0819175413596564
uwf,random,all,xgb_full__val_observed_f1,xgb_full,xgboost,full,val_observed_f1,delayed_collector,62316,33555,0.5003048976185891,0.5003129190880644,39.60704465582967,0.00024186447262763977,1.0,0.9834897928773655,0.9996306783208174,0.9673576364069574,0.9832294000121088,0.9999749897326458,0.9677150345484871,0.45424626821235015,0.01202300276071583,0.0819175413596564
uwf,random,all,xgb_full__val_robust_minimax,xgb_full,xgboost,full,val_robust_minimax,observed,62316,33555,0.5003048976185891,0.5003129190880644,39.60704465582967,0.0003612414002418518,1.0,0.9989569363731188,0.9979195149497712,1.0,0.9989586742435512,0.9999792688330759,1.0020848224922563,0.45424626821235015,0.001555594691313886,0.0819175413596564
uwf,random,all,xgb_full__val_robust_minimax,xgb_full,xgboost,full,val_robust_minimax,low_sampling,62316,33555,0.5003048976185891,0.5003129190880644,39.60704465582967,0.0003577210009098053,1.0,0.9976456563850394,0.9982109845548334,0.9970812485108411,0.9976457967041154,0.9999422365849366,0.9988682392184894,0.45424626821235015,0.001555594691313886,0.0819175413596564
uwf,random,all,xgb_full__val_robust_minimax,xgb_full,xgboost,full,val_robust_minimax,congested_link,62316,33555,0.5003048976185891,0.5003129190880644,39.60704465582967,0.00033210963010787964,1.0,0.9971092236626434,0.9985662225939423,0.9956516559447224,0.99710680943717,0.9999530524597889,0.9970812485108411,0.45424626821235015,0.001555594691313886,0.0819175413596564
uwf,random,all,xgb_full__val_robust_minimax,xgb_full,xgboost,full,val_robust_minimax,high_background,62316,33555,0.5003048976185891,0.5003129190880644,39.60704465582967,0.00033573806285858154,1.0,0.9932349873342274,0.9868877521020756,0.9997617345723135,0.9932830300340287,0.999941826260238,1.0130450321658326,0.45424626821235015,0.001555594691313886,0.0819175413596564
uwf,random,all,xgb_full__val_robust_minimax,xgb_full,xgboost,full,val_robust_minimax,delayed_collector,62316,33555,0.5003048976185891,0.5003129190880644,39.60704465582967,0.00026945024728775024,1.0,0.9985695127402772,0.9971489665003563,1.0,0.9985724482512491,0.9999749897326458,1.0028591851322373,0.45424626821235015,0.001555594691313886,0.0819175413596564
uwf,random,all,xgb_full__oracle_env_upper_bound,xgb_full,xgboost,full,oracle_env_upper_bound,observed,62316,33555,0.5003048976185891,0.5003129190880644,39.60704465582967,0.0004825964570045471,1.0,0.9989867381910297,0.9983343248066627,0.9996426018584703,0.9989880350020834,0.9999792688330759,1.0013104598522755,0.45424626821235015,0.00013446662250198938,0.0819175413596564
uwf,random,all,xgb_full__oracle_env_upper_bound,xgb_full,xgboost,full,oracle_env_upper_bound,low_sampling,62316,33555,0.5003048976185891,0.5003129190880644,39.60704465582967,0.0004278235137462616,1.0,0.9984801072865445,0.9980360649883949,0.998927805575411,0.9984817361793338,0.9999422365849366,1.0008934953538242,0.45424626821235015,0.00013446662250198938,0.0819175413596564
uwf,random,all,xgb_full__oracle_env_upper_bound,xgb_full,xgboost,full,oracle_env_upper_bound,congested_link,62316,33555,0.5003048976185891,0.5003129190880644,39.60704465582967,0.0003130994737148285,1.0,0.9982714945611683,0.9976204640095181,0.998927805575411,0.99827370676826,0.9999530524597889,1.0013104598522755,0.45424626821235015,0.00013446662250198938,0.0819175413596564
uwf,random,all,xgb_full__oracle_env_upper_bound,xgb_full,xgboost,full,oracle_env_upper_bound,high_background,62316,33555,0.5003048976185891,0.5003129190880644,39.60704465582967,0.00032022222876548767,1.0,0.9981224854716138,0.997501338568624,0.9987491065046462,0.998124832574337,0.999941826260238,1.001250893495354,0.45424626821235015,0.00013446662250198938,0.0819175413596564
uwf,random,all,xgb_full__oracle_env_upper_bound,xgb_full,xgboost,full,oracle_env_upper_bound,delayed_collector,62316,33555,0.5003048976185891,0.5003129190880644,39.60704465582967,0.0003375113010406494,1.0,0.9985695127402772,0.9971489665003563,1.0,0.9985724482512491,0.9999749897326458,1.0028591851322373,0.45424626821235015,0.00013446662250198938,0.0819175413596564
uwf,random,all,lgbm_full,lgbm_full,lightgbm,full,native_default,observed,62316,33555,0.5003048976185891,0.5003129190880644,19.891087859869003,0.0002901814877986908,1.0,0.9991953509164059,0.9983942908117752,1.0,0.9991965003124721,0.999984933445476,1.0016082916368836,0.29228490964246107,0.0014950937178555034,0.08722668966374433
uwf,random,all,lgbm_full,lgbm_full,lightgbm,full,native_default,low_sampling,62316,33555,0.5003048976185891,0.5003129190880644,19.891087859869003,0.0002708733081817627,1.0,0.998629116376099,0.9984518280338216,0.9988086728615678,0.9986302185694718,0.9999664706103283,1.0003573981415297,0.29228490964246107,0.0014950937178555034,0.08722668966374433
uwf,random,all,lgbm_full,lgbm_full,lightgbm,full,native_default,congested_link,62316,33555,0.5003048976185891,0.5003129190880644,19.891087859869003,0.0003016814589500427,1.0,0.9941290418715542,0.9888044310883272,0.9995830355015487,0.9941645190912053,0.9998867059757018,1.0109006433166547,0.29228490964246107,0.0014950937178555034,0.08722668966374433
uwf,random,all,lgbm_full,lgbm_full,lightgbm,full,native_default,high_background,62316,33555,0.5003048976185891,0.5003129190880644,19.891087859869003,0.00025775283575057983,1.0,0.9916554909849501,0.9838218053927316,0.9997617345723135,0.9917277239423304,0.9998821710884465,1.0162020490826782,0.29228490964246107,0.0014950937178555034,0.08722668966374433
uwf,random,all,lgbm_full,lgbm_full,lightgbm,full,native_default,delayed_collector,62316,33555,0.5003048976185891,0.5003129190880644,19.891087859869003,0.0002943985164165497,1.0,0.9985695127402772,0.9971489665003563,1.0,0.9985724482512491,0.999943932948951,1.0028591851322373,0.29228490964246107,0.0014950937178555034,0.08722668966374433
uwf,random,all,lgbm_full__val_observed_f1,lgbm_full,lightgbm,full,val_observed_f1,observed,62316,33555,0.5003048976185891,0.5003129190880644,19.891087859869003,0.00020250678062438965,1.0,0.9986887200119208,0.9973859315589354,1.0,0.9986912552052349,0.999984933445476,1.0026209197045508,0.29228490964246107,0.007785413649688819,0.08722668966374433
uwf,random,all,lgbm_full__val_observed_f1,lgbm_full,lightgbm,full,val_observed_f1,low_sampling,62316,33555,0.5003048976185891,0.5003129190880644,19.891087859869003,0.00019070133566856384,1.0,0.9983609000149009,0.9975617008623253,0.9991660710030974,0.998363241377258,0.9999664706103283,1.0016082916368836,0.29228490964246107,0.007785413649688819,0.08722668966374433
uwf,random,all,lgbm_full__val_observed_f1,lgbm_full,lightgbm,full,val_observed_f1,congested_link,62316,33555,0.5003048976185891,0.5003129190880644,19.891087859869003,0.00019361823797225952,1.0,0.9921323200715244,0.9846316283435007,0.9998808672861568,0.9921976592977894,0.9998867059757018,1.0154872527996188,0.29228490964246107,0.007785413649688819,0.08722668966374433
uwf,random,all,lgbm_full__val_observed_f1,lgbm_full,lightgbm,full,val_observed_f1,high_background,62316,33555,0.5003048976185891,0.5003129190880644,19.891087859869003,0.00019327178597450256,1.0,0.9646848457755923,0.9340677683191454,1.0,0.9659100716320014,0.9998821710884465,1.0705861329521087,0.29228490964246107,0.007785413649688819,0.08722668966374433
uwf,random,all,lgbm_full__val_observed_f1,lgbm_full,lightgbm,full,val_observed_f1,delayed_collector,62316,33555,0.5003048976185891,0.5003129190880644,19.891087859869003,0.0001863613724708557,1.0,0.9985695127402772,0.9971489665003563,1.0,0.9985724482512491,0.999943932948951,1.0028591851322373,0.29228490964246107,0.007785413649688819,0.08722668966374433
uwf,random,all,lgbm_full__val_robust_minimax,lgbm_full,lightgbm,full,val_robust_minimax,observed,62316,33555,0.5003048976185891,0.5003129190880644,19.891087859869003,0.0002396702766418457,1.0,0.9990463418268515,0.9980975029726517,1.0,0.9990478457510117,0.999984933445476,1.0019061234214914,0.29228490964246107,0.0014105751570926874,0.08722668966374433
uwf,random,all,lgbm_full__val_robust_minimax,lgbm_full,lightgbm,full,val_robust_minimax,low_sampling,62316,33555,0.5003048976185891,0.5003129190880644,19.891087859869003,0.00022248923778533936,1.0,0.9986589181940099,0.9982739122671269,0.9990469382892543,0.9986602756854923,0.9999664706103283,1.000774362639981,0.29228490964246107,0.0014105751570926874,0.08722668966374433
uwf,random,all,lgbm_full__val_robust_minimax,lgbm_full,lightgbm,full,val_robust_minimax,congested_link,62316,33555,0.5003048976185891,0.5003129190880644,19.891087859869003,0.00021829456090927124,1.0,0.9940396364178214,0.9885721017907634,0.9996426018584703,0.9940765312166805,0.9998867059757018,1.0111984751012628,0.29228490964246107,0.0014105751570926874,0.08722668966374433
uwf,random,all,lgbm_full__val_robust_minimax,lgbm_full,lightgbm,full,val_robust_minimax,high_background,62316,33555,0.5003048976185891,0.5003129190880644,19.891087859869003,0.00022324547171592712,1.0,0.9916554909849501,0.9838218053927316,0.9997617345723135,0.9917277239423304,0.9998821710884465,1.0162020490826782,0.29228490964246107,0.0014105751570926874,0.08722668966374433
uwf,random,all,lgbm_full__val_robust_minimax,lgbm_full,lightgbm,full,val_robust_minimax,delayed_collector,62316,33555,0.5003048976185891,0.5003129190880644,19.891087859869003,0.0002262219786643982,1.0,0.9985695127402772,0.9971489665003563,1.0,0.9985724482512491,0.999943932948951,1.0028591851322373,0.29228490964246107,0.0014105751570926874,0.08722668966374433
uwf,random,all,lgbm_full__oracle_env_upper_bound,lgbm_full,lightgbm,full,oracle_env_upper_bound,observed,62316,33555,0.5003048976185891,0.5003129190880644,19.891087859869003,0.0005366280674934387,1.0,0.9992847563701386,0.9986317668054729,0.9999404336430784,0.9992856717661766,0.999984933445476,1.0013104598522755,0.29228490964246107,0.0014621028187084806,0.08722668966374433
uwf,random,all,lgbm_full__oracle_env_upper_bound,lgbm_full,lightgbm,full,oracle_env_upper_bound,low_sampling,62316,33555,0.5003048976185891,0.5003129190880644,19.891087859869003,0.00029635801911354065,1.0,0.9987185218298317,0.9984521045424778,0.9989873719323327,0.9987196665177906,0.9999664706103283,1.0005360972122945,0.29228490964246107,0.0014621028187084806,0.08722668966374433
uwf,random,all,lgbm_full__oracle_env_upper_bound,lgbm_full,lightgbm,full,oracle_env_upper_bound,congested_link,62316,33555,0.5003048976185891,0.5003129190880644,19.891087859869003,0.00026582181453704834,1.0,0.994158843689465,0.989093267303384,0.9993447700738622,0.9941925925925926,0.9998867059757018,1.0103645461043602,0.29228490964246107,0.0014621028187084806,0.08722668966374433
uwf,random,all,lgbm_full__oracle_env_upper_bound,lgbm_full,lightgbm,full,oracle_env_upper_bound,high_background,62316,33555,0.5003048976185891,0.5003129190880644,19.891087859869003,0.00026096031069755554,1.0,0.9917448964386828,0.9841083680290857,0.9996426018584703,0.9918146626872728,0.9998821710884465,1.015785084584227,0.29228490964246107,0.0014621028187084806,0.08722668966374433
uwf,random,all,lgbm_full__oracle_env_upper_bound,lgbm_full,lightgbm,full,oracle_env_upper_bound,delayed_collector,62316,33555,0.5003048976185891,0.5003129190880644,19.891087859869003,0.0002894289791584015,1.0,0.9985695127402772,0.9971489665003563,1.0,0.9985724482512491,0.999943932948951,1.0028591851322373,0.29228490964246107,0.0014621028187084806,0.08722668966374433
uwf,random,all,cat_full,cat_full,catboost,full,native_default,observed,62316,33555,0.5003048976185891,0.5003129190880644,33.87486279010773,0.000345863401889801,1.0,0.9989271345552079,0.9978601997146933,1.0,0.9989289539450197,0.9999738600075011,1.002144388849178,0.44504979735817995,0.0004374445408905624,0.3941312781224704
uwf,random,all,cat_full,cat_full,catboost,full,native_default,low_sampling,62316,33555,0.5003048976185891,0.5003129190880644,33.87486279010773,0.0002811141312122345,1.0,0.9979436745641485,0.9979746232203491,0.9979151775077436,0.9979448994787788,0.9999398225967737,0.9999404336430784,0.44504979735817995,0.0004374445408905624,0.3941312781224704
uwf,random,all,cat_full,cat_full,catboost,full,native_default,congested_link,62316,33555,0.5003048976185891,0.5003129190880644,33.87486279010773,0.0003228038549423218,1.0,0.9985099091044554,0.9977399785892709,0.9992852037169406,0.9985119933337301,0.999953450350406,1.001548725279962,0.44504979735817995,0.0004374445408905624,0.3941312781224704
uwf,random,all,cat_full,cat_full,catboost,full,native_default,high_background,62316,33555,0.5003048976185891,0.5003129190880644,33.87486279010773,0.0003348439931869507,1.0,0.9963045745790493,0.9933680720037896,0.9992852037169406,0.9963178524765411,0.9999367105237336,1.005956635692161,0.44504979735817995,0.0004374445408905624,0.3941312781224704
uwf,random,all,cat_full,cat_full,catboost,full,native_default,delayed_collector,62316,33555,0.5003048976185891,0.5003129190880644,33.87486279010773,0.0002995692193508148,1.0,0.9985695127402772,0.9971489665003563,1.0,0.9985724482512491,0.9999512015579008,1.0028591851322373,0.44504979735817995,0.0004374445408905624,0.3941312781224704
uwf,random,all,cat_full__val_observed_f1,cat_full,catboost,full,val_observed_f1,observed,62316,33555,0.5003048976185891,0.5003129190880644,33.87486279010773,0.00031920894980430603,1.0,0.9978542691104157,0.995729537366548,1.0,0.9978601997146933,0.9999738600075011,1.004288777698356,0.44504979735817995,0.005051009825336784,0.3941312781224704
uwf,random,all,cat_full__val_observed_f1,cat_full,catboost,full,val_observed_f1,low_sampling,62316,33555,0.5003048976185891,0.5003129190880644,33.87486279010773,0.000253479927778244,1.0,0.9707942184473253,0.9448446645655111,1.0,0.971640236138442,0.9999398225967737,1.0583750297831784,0.44504979735817995,0.005051009825336784,0.3941312781224704
uwf,random,all,cat_full__val_observed_f1,cat_full,catboost,full,val_observed_f1,congested_link,62316,33555,0.5003048976185891,0.5003129190880644,33.87486279010773,0.00022721290588378906,1.0,0.9781254656534049,0.9581098048168017,1.0,0.9786068201690469,0.999953450350406,1.0437217059804622,0.44504979735817995,0.005051009825336784,0.3941312781224704
uwf,random,all,cat_full__val_observed_f1,cat_full,catboost,full,val_observed_f1,high_background,62316,33555,0.5003048976185891,0.5003129190880644,33.87486279010773,0.0002412833273410797,1.0,0.9712710475338996,0.9456962595763858,1.0,0.9720903300521135,0.9999367105237336,1.0574219680724326,0.44504979735817995,0.005051009825336784,0.3941312781224704
uwf,random,all,cat_full__val_observed_f1,cat_full,catboost,full,val_observed_f1,delayed_collector,62316,33555,0.5003048976185891,0.5003129190880644,33.87486279010773,0.00028798729181289673,1.0,0.9955297273133661,0.9911441728657456,1.0,0.9955523928126668,0.9999512015579008,1.0089349535382417,0.44504979735817995,0.005051009825336784,0.3941312781224704
uwf,random,all,cat_full__val_robust_minimax,cat_full,catboost,full,val_robust_minimax,observed,62316,33555,0.5003048976185891,0.5003129190880644,33.87486279010773,0.0002161674201488495,1.0,0.9989867381910297,0.9979788372369516,1.0,0.9989883963106219,0.9999738600075011,1.0020252561353347,0.44504979735817995,0.00040205385050878166,0.3941312781224704
uwf,random,all,cat_full__val_robust_minimax,cat_full,catboost,full,val_robust_minimax,low_sampling,62316,33555,0.5003048976185891,0.5003129190880644,33.87486279010773,0.00023033097386360168,1.0,0.9975562509313068,0.9983890214797136,0.9967238503693114,0.9975557410277811,0.9999398225967737,0.9983321420061949,0.44504979735817995,0.00040205385050878166,0.3941312781224704
uwf,random,all,cat_full__val_robust_minimax,cat_full,catboost,full,val_robust_minimax,congested_link,62316,33555,0.5003048976185891,0.5003129190880644,33.87486279010773,0.00024987757205963135,1.0,0.9984503054686336,0.9979766722208998,0.998927805575411,0.9984520123839009,0.999953450350406,1.0009530617107458,0.44504979735817995,0.00040205385050878166,0.3941312781224704
uwf,random,all,cat_full__val_robust_minimax,cat_full,catboost,full,val_robust_minimax,high_background,62316,33555,0.5003048976185891,0.5003129190880644,33.87486279010773,0.00020540505647659302,1.0,0.9980032781999701,0.9969093610698365,0.9991065046461758,0.9980067235890876,0.9999367105237336,1.0022039552060995,0.44504979735817995,0.00040205385050878166,0.3941312781224704
uwf,random,all,cat_full__val_robust_minimax,cat_full,catboost,full,val_robust_minimax,delayed_collector,62316,33555,0.5003048976185891,0.5003129190880644,33.87486279010773,0.0002101026475429535,1.0,0.9985695127402772,0.9971489665003563,1.0,0.9985724482512491,0.9999512015579008,1.0028591851322373,0.44504979735817995,0.00040205385050878166,0.3941312781224704
uwf,random,all,cat_full__oracle_env_upper_bound,cat_full,catboost,full,oracle_env_upper_bound,observed,62316,33555,0.5003048976185891,0.5003129190880644,33.87486279010773,0.00035212934017181396,1.0,0.9990165400089406,0.9982158786797503,0.9998213009292352,0.9990179448263548,0.9999738600075011,1.0016082916368836,0.44504979735817995,0.00012049754672899802,0.3941312781224704
uwf,random,all,cat_full__oracle_env_upper_bound,cat_full,catboost,full,oracle_env_upper_bound,low_sampling,62316,33555,0.5003048976185891,0.5003129190880644,33.87486279010773,0.00038860365748405457,1.0,0.9981224854716138,0.9971464241127163,0.9991065046461758,0.9981255020976524,0.9999398225967737,1.001965689778413,0.44504979735817995,0.00012049754672899802,0.3941312781224704
uwf,random,all,cat_full__oracle_env_upper_bound,cat_full,catboost,full,oracle_env_upper_bound,congested_link,62316,33555,0.5003048976185891,0.5003129190880644,33.87486279010773,0.00026077404618263245,1.0,0.9985099091044554,0.9977399785892709,0.9992852037169406,0.9985119933337301,0.999953450350406,1.001548725279962,0.44504979735817995,0.00012049754672899802,0.3941312781224704
uwf,random,all,cat_full__oracle_env_upper_bound,cat_full,catboost,full,oracle_env_upper_bound,high_background,62316,33555,0.5003048976185891,0.5003129190880644,33.87486279010773,0.00028924643993377686,1.0,0.9982714945611683,0.9976204640095181,0.998927805575411,0.99827370676826,0.9999367105237336,1.0013104598522755,0.44504979735817995,0.00012049754672899802,0.3941312781224704
uwf,random,all,cat_full__oracle_env_upper_bound,cat_full,catboost,full,oracle_env_upper_bound,delayed_collector,62316,33555,0.5003048976185891,0.5003129190880644,33.87486279010773,0.00024709105491638184,1.0,0.9985695127402772,0.9971489665003563,1.0,0.9985724482512491,0.9999512015579008,1.0028591851322373,0.44504979735817995,0.00012049754672899802,0.3941312781224704
uwf,random,all,iforest_env_sensitive,iforest_env_sensitive,sklearn_anomaly,env_sensitive,native_default,observed,62316,33555,0.5003048976185891,0.5003129190880644,10.158405359834433,0.00037194788455963135,1.0,0.8307554760840411,0.7472292695954066,1.0,0.8553305311425297,0.9797986013405873,1.338277340957827,0.7398735859986377,0.09426947208929203,0.3630977459714403
uwf,random,all,iforest_env_sensitive,iforest_env_sensitive,sklearn_anomaly,env_sensitive,native_default,low_sampling,62316,33555,0.5003048976185891,0.5003129190880644,10.158405359834433,0.0002876371145248413,1.0,0.5232305170615408,0.5120478252912829,1.0,0.6772905151894139,0.9780055054987844,1.9529425780319276,0.7398735859986377,0.09426947208929203,0.3630977459714403
uwf,random,all,iforest_env_sensitive,iforest_env_sensitive,sklearn_anomaly,env_sensitive,native_default,congested_link,62316,33555,0.5003048976185891,0.5003129190880644,10.158405359834433,0.00029798224568367004,1.0,0.6781701683802712,0.6085789912614671,0.9997617345723135,0.7565983726643677,0.9694623321144948,1.6427805575411007,0.7398735859986377,0.09426947208929203,0.3630977459714403
uwf,random,all,iforest_env_sensitive,iforest_env_sensitive,sklearn_anomaly,env_sensitive,native_default,high_background,62316,33555,0.5003048976185891,0.5003129190880644,10.158405359834433,0.00035688281059265137,1.0,0.5040679481448368,0.5021994793069395,0.9996426018584703,0.6685389901404243,0.9583526612253135,1.990528949249464,0.7398735859986377,0.09426947208929203,0.3630977459714403
uwf,random,all,iforest_env_sensitive,iforest_env_sensitive,sklearn_anomaly,env_sensitive,native_default,delayed_collector,62316,33555,0.5003048976185891,0.5003129190880644,10.158405359834433,0.00031040236353874207,1.0,0.7773804202056326,0.6920603512243384,1.0,0.818009063002485,0.9781547748742705,1.4449606862044317,0.7398735859986377,0.09426947208929203,0.3630977459714403
uwf,random,all,iforest_env_sensitive__val_observed_f1,iforest_env_sensitive,sklearn_anomaly,env_sensitive,val_observed_f1,observed,62316,33555,0.5003048976185891,0.5003129190880644,10.158405359834433,0.00031794607639312744,1.0,0.9051706154075398,0.8579772679435909,0.9712294496068621,0.9110974519445686,0.9797986013405873,1.1319990469382892,0.7398735859986377,0.05185254090507701,0.3630977459714403
uwf,random,all,iforest_env_sensitive__val_observed_f1,iforest_env_sensitive,sklearn_anomaly,env_sensitive,val_observed_f1,low_sampling,62316,33555,0.5003048976185891,0.5003129190880644,10.158405359834433,0.0002556927502155304,1.0,0.9564893458500968,0.9983743009494083,0.9145222778174886,0.9546104582478393,0.9780055054987844,0.916011436740529,0.7398735859986377,0.05185254090507701,0.3630977459714403
uwf,random,all,iforest_env_sensitive__val_observed_f1,iforest_env_sensitive,sklearn_anomaly,env_sensitive,val_observed_f1,congested_link,62316,33555,0.5003048976185891,0.5003129190880644,10.158405359834433,0.00022712349891662598,1.0,0.8182387125614663,0.7483388318386692,0.9593161782225399,0.8407945913492912,0.9694623321144948,1.2819275673099833,0.7398735859986377,0.05185254090507701,0.3630977459714403
uwf,random,all,iforest_env_sensitive__val_observed_f1,iforest_env_sensitive,sklearn_anomaly,env_sensitive,val_observed_f1,high_background,62316,33555,0.5003048976185891,0.5003129190880644,10.158405359834433,0.00024231523275375366,1.0,0.740366562360304,0.6667217175887696,0.9618775315701692,0.7875536480686696,0.9583526612253135,1.4426971646414106,0.7398735859986377,0.05185254090507701,0.3630977459714403
uwf,random,all,iforest_env_sensitive__val_observed_f1,iforest_env_sensitive,sklearn_anomaly,env_sensitive,val_observed_f1,delayed_collector,62316,33555,0.5003048976185891,0.5003129190880644,10.158405359834433,0.0002453140914440155,1.0,0.9042169572343913,0.8642266824085005,0.9592566118656183,0.9092654282649201,0.9781547748742705,1.1099594948772933,0.7398735859986377,0.05185254090507701,0.3630977459714403
uwf,random,all,iforest_env_sensitive__val_robust_minimax,iforest_env_sensitive,sklearn_anomaly,env_sensitive,val_robust_minimax,observed,62316,33555,0.5003048976185891,0.5003129190880644,10.158405359834433,0.0002601519227027893,1.0,0.7357174787662047,0.6543498596819457,1.0,0.7910658750353406,0.9797986013405873,1.5282344531808434,0.7398735859986377,0.047753766472797894,0.3630977459714403
uwf,random,all,iforest_env_sensitive__val_robust_minimax,iforest_env_sensitive,sklearn_anomaly,env_sensitive,val_robust_minimax,low_sampling,62316,33555,0.5003048976185891,0.5003129190880644,10.158405359834433,0.00027253106236457825,1.0,0.6232454179704962,0.5705341953045253,0.9988086728615678,0.72623327125471,0.9780055054987844,1.7506552299261378,0.7398735859986377,0.047753766472797894,0.3630977459714403
uwf,random,all,iforest_env_sensitive__val_robust_minimax,iforest_env_sensitive,sklearn_anomaly,env_sensitive,val_robust_minimax,congested_link,62316,33555,0.5003048976185891,0.5003129190880644,10.158405359834433,0.0002637021243572235,1.0,0.5469527641186113,0.5247889965614254,1.0,0.6883431054983804,0.9694623321144948,1.9055277579223255,0.7398735859986377,0.047753766472797894,0.3630977459714403
uwf,random,all,iforest_env_sensitive__val_robust_minimax,iforest_env_sensitive,sklearn_anomaly,env_sensitive,val_robust_minimax,high_background,62316,33555,0.5003048976185891,0.5003129190880644,10.158405359834433,0.00022998452186584473,1.0,0.5273133661153331,0.5142479481110326,0.996485584941625,0.6783998053488514,0.9583526612253135,1.9377531570169169,0.7398735859986377,0.047753766472797894,0.3630977459714403
uwf,random,all,iforest_env_sensitive__val_robust_minimax,iforest_env_sensitive,sklearn_anomaly,env_sensitive,val_robust_minimax,delayed_collector,62316,33555,0.5003048976185891,0.5003129190880644,10.158405359834433,0.00031803175806999207,1.0,0.7558635076739681,0.6720576461168936,1.0,0.8038689906148248,0.9781547748742705,1.4879675959018346,0.7398735859986377,0.047753766472797894,0.3630977459714403
uwf,random,all,iforest_env_sensitive__oracle_env_upper_bound,iforest_env_sensitive,sklearn_anomaly,env_sensitive,oracle_env_upper_bound,observed,62316,33555,0.5003048976185891,0.5003129190880644,10.158405359834433,0.00038741156458854675,1.0,0.9543734167784235,0.9872884062599808,0.9206576125804146,0.9528095428906082,0.9797986013405873,0.9325113176078151,0.7398735859986377,0.001987511359879368,0.3630977459714403
uwf,random,all,iforest_env_sensitive__oracle_env_upper_bound,iforest_env_sensitive,sklearn_anomaly,env_sensitive,oracle_env_upper_bound,low_sampling,62316,33555,0.5003048976185891,0.5003129190880644,10.158405359834433,0.0004885680973529816,1.0,0.9566085531217404,0.9983747237030295,0.9147605432451751,0.9547404414050358,0.9780055054987844,0.9162497021682154,0.7398735859986377,0.001987511359879368,0.3630977459714403
uwf,random,all,iforest_env_sensitive__oracle_env_upper_bound,iforest_env_sensitive,sklearn_anomaly,env_sensitive,oracle_env_upper_bound,congested_link,62316,33555,0.5003048976185891,0.5003129190880644,10.158405359834433,0.0002921968698501587,1.0,0.9517806586201758,0.9864050275747083,0.9162497021682154,0.9500339694892224,0.9694623321144948,0.9288777698355969,0.7398735859986377,0.001987511359879368,0.3630977459714403
uwf,random,all,iforest_env_sensitive__oracle_env_upper_bound,iforest_env_sensitive,sklearn_anomaly,env_sensitive,oracle_env_upper_bound,high_background,62316,33555,0.5003048976185891,0.5003129190880644,10.158405359834433,0.00030739977955818176,1.0,0.9469527641186113,0.9848171598397726,0.9079699785561115,0.9448335709415484,0.9583526612253135,0.92196807243269,0.7398735859986377,0.001987511359879368,0.3630977459714403
uwf,random,all,iforest_env_sensitive__oracle_env_upper_bound,iforest_env_sensitive,sklearn_anomaly,env_sensitive,oracle_env_upper_bound,delayed_collector,62316,33555,0.5003048976185891,0.5003129190880644,10.158405359834433,0.00027194246649742126,1.0,0.9542840113246908,0.9872237127890635,0.9205384798665713,0.9527156155600764,0.9781547748742705,0.9324517512508935,0.7398735859986377,0.001987511359879368,0.3630977459714403
uwf,random,all,pyod_ecod_env_sensitive,pyod_ecod_env_sensitive,pyod_ecod,env_sensitive,native_default,observed,62316,33555,0.5003048976185891,0.5003129190880644,7.897615522146225,0.0003283359110355377,1.0,0.722604678885412,0.8923625681913554,0.5066714319752204,0.6463525835866262,0.9151649599788118,0.5677865141767929,0.6020340634968149,0.003293577536687729,0.145890229957739
uwf,random,all,pyod_ecod_env_sensitive,pyod_ecod_env_sensitive,pyod_ecod,env_sensitive,native_default,low_sampling,62316,33555,0.5003048976185891,0.5003129190880644,7.897615522146225,0.00033064931631088257,1.0,0.7635523766949784,0.9603785357737105,0.5500953061710746,0.6995152249659142,0.9228350405611827,0.5727900881582082,0.6020340634968149,0.003293577536687729,0.145890229957739
uwf,random,all,pyod_ecod_env_sensitive,pyod_ecod_env_sensitive,pyod_ecod,env_sensitive,native_default,congested_link,62316,33555,0.5003048976185891,0.5003129190880644,7.897615522146225,0.0003391839563846588,1.0,0.7182834152883326,0.9365551720033329,0.4686680962592328,0.6247171384334431,0.8855324506158415,0.5004169644984513,0.6020340634968149,0.003293577536687729,0.145890229957739
uwf,random,all,pyod_ecod_env_sensitive,pyod_ecod_env_sensitive,pyod_ecod,env_sensitive,native_default,high_background,62316,33555,0.5003048976185891,0.5003129190880644,7.897615522146225,0.0003085583448410034,1.0,0.7453434659514231,0.9247655364320313,0.5344889206576126,0.6774376203238835,0.9214642612018892,0.5779723612103884,0.6020340634968149,0.003293577536687729,0.145890229957739
uwf,random,all,pyod_ecod_env_sensitive,pyod_ecod_env_sensitive,pyod_ecod,env_sensitive,native_default,delayed_collector,62316,33555,0.5003048976185891,0.5003129190880644,7.897615522146225,0.00032149627804756165,1.0,0.7175681716584712,0.8735056707877797,0.5092327853228497,0.6433866415804327,0.9118969600005821,0.5829759351918037,0.6020340634968149,0.003293577536687729,0.145890229957739
uwf,random,all,pyod_ecod_env_sensitive__val_observed_f1,pyod_ecod_env_sensitive,pyod_ecod,env_sensitive,val_observed_f1,observed,62316,33555,0.5003048976185891,0.5003129190880644,7.897615522146225,0.000321708619594574,1.0,0.8548055431381314,0.7776845637583892,0.9939242315939957,0.8726074678380923,0.9151649599788118,1.2780557541100785,0.6020340634968149,0.051059463461970114,0.145890229957739
uwf,random,all,pyod_ecod_env_sensitive__val_observed_f1,pyod_ecod_env_sensitive,pyod_ecod,env_sensitive,val_observed_f1,low_sampling,62316,33555,0.5003048976185891,0.5003129190880644,7.897615522146225,0.0002654753625392914,1.0,0.8306064669944867,0.8450590428837788,0.8099237550631403,0.8271184378611838,0.9228350405611827,0.9584226828687158,0.6020340634968149,0.051059463461970114,0.145890229957739
uwf,random,all,pyod_ecod_env_sensitive__val_observed_f1,pyod_ecod_env_sensitive,pyod_ecod,env_sensitive,val_observed_f1,congested_link,62316,33555,0.5003048976185891,0.5003129190880644,7.897615522146225,0.0002594068646430969,1.0,0.7643868275964834,0.6815765802600376,0.99297116988325,0.8083208068661204,0.8855324506158415,1.456873957588754,0.6020340634968149,0.051059463461970114,0.145890229957739
uwf,random,all,pyod_ecod_env_sensitive__val_observed_f1,pyod_ecod_env_sensitive,pyod_ecod,env_sensitive,val_observed_f1,high_background,62316,33555,0.5003048976185891,0.5003129190880644,7.897615522146225,0.00027276575565338135,1.0,0.7356578751303829,0.6549874725963044,0.9966047176554682,0.790465841443825,0.9214642612018892,1.521563021205623,0.6020340634968149,0.051059463461970114,0.145890229957739
uwf,random,all,pyod_ecod_env_sensitive__val_observed_f1,pyod_ecod_env_sensitive,pyod_ecod,env_sensitive,val_observed_f1,delayed_collector,62316,33555,0.5003048976185891,0.5003129190880644,7.897615522146225,0.00027596578001976013,1.0,0.864610341230815,0.7924807719868151,0.9881462949725994,0.8795631080830306,0.9118969600005821,1.2469025494400763,0.6020340634968149,0.051059463461970114,0.145890229957739
uwf,random,all,pyod_ecod_env_sensitive__val_robust_minimax,pyod_ecod_env_sensitive,pyod_ecod,env_sensitive,val_robust_minimax,observed,62316,33555,0.5003048976185891,0.5003129190880644,7.897615522146225,0.00029726698994636536,1.0,0.7126508717031739,0.6351872871736662,1.0,0.776898514507844,0.9151649599788118,1.5743388134381702,0.6020340634968149,0.0478932878279619,0.145890229957739
uwf,random,all,pyod_ecod_env_sensitive__val_robust_minimax,pyod_ecod_env_sensitive,pyod_ecod,env_sensitive,val_robust_minimax,low_sampling,62316,33555,0.5003048976185891,0.5003129190880644,7.897615522146225,0.0003179721534252167,1.0,0.6819251974370436,0.6121154339774852,0.994341196092447,0.7577566444994213,0.9228350405611827,1.6244341196092447,0.6020340634968149,0.0478932878279619,0.145890229957739
uwf,random,all,pyod_ecod_env_sensitive__val_robust_minimax,pyod_ecod_env_sensitive,pyod_ecod,env_sensitive,val_robust_minimax,congested_link,62316,33555,0.5003048976185891,0.5003129190880644,7.897615522146225,0.00036650151014328003,1.0,0.5513038295336016,0.527195075995478,1.0,0.6904096068432308,0.8855324506158415,1.8968310698117703,0.6020340634968149,0.0478932878279619,0.145890229957739
uwf,random,all,pyod_ecod_env_sensitive__val_robust_minimax,pyod_ecod_env_sensitive,pyod_ecod,env_sensitive,val_robust_minimax,high_background,62316,33555,0.5003048976185891,0.5003129190880644,7.897615522146225,0.0003019757568836212,1.0,0.5228728952466101,0.5118604792975181,1.0,0.6771266083168637,0.9214642612018892,1.953657374314987,0.6020340634968149,0.0478932878279619,0.145890229957739
uwf,random,all,pyod_ecod_env_sensitive__val_robust_minimax,pyod_ecod_env_sensitive,pyod_ecod,env_sensitive,val_robust_minimax,delayed_collector,62316,33555,0.5003048976185891,0.5003129190880644,7.897615522146225,0.0002430453896522522,1.0,0.7577410222023544,0.673756872817755,1.0,0.8050833233425249,0.9118969600005821,1.484214915415773,0.6020340634968149,0.0478932878279619,0.145890229957739
uwf,random,all,pyod_ecod_env_sensitive__oracle_env_upper_bound,pyod_ecod_env_sensitive,pyod_ecod,env_sensitive,oracle_env_upper_bound,observed,62316,33555,0.5003048976185891,0.5003129190880644,7.897615522146225,0.00033948570489883423,1.0,0.8675309193860825,0.8017405759546277,0.9767691208005719,0.8806423028382696,0.9151649599788118,1.2183106981177032,0.6020340634968149,0.013487994476671858,0.145890229957739
uwf,random,all,pyod_ecod_env_sensitive__oracle_env_upper_bound,pyod_ecod_env_sensitive,pyod_ecod,env_sensitive,oracle_env_upper_bound,low_sampling,62316,33555,0.5003048976185891,0.5003129190880644,7.897615522146225,0.0002885162830352783,1.0,0.8333780360601997,0.8097372060857538,0.8718131999046939,0.839629406534148,0.9228350405611827,1.076661901358113,0.6020340634968149,0.013487994476671858,0.145890229957739
uwf,random,all,pyod_ecod_env_sensitive__oracle_env_upper_bound,pyod_ecod_env_sensitive,pyod_ecod,env_sensitive,oracle_env_upper_bound,congested_link,62316,33555,0.5003048976185891,0.5003129190880644,7.897615522146225,0.0002443566918373108,1.0,0.799433765459693,0.7324796597633136,0.9438289254229212,0.8248308172826653,0.8855324506158415,1.2885394329282822,0.6020340634968149,0.013487994476671858,0.145890229957739
uwf,random,all,pyod_ecod_env_sensitive__oracle_env_upper_bound,pyod_ecod_env_sensitive,pyod_ecod,env_sensitive,oracle_env_upper_bound,high_background,62316,33555,0.5003048976185891,0.5003129190880644,7.897615522146225,0.0002600066363811493,1.0,0.8347191178661898,0.770032667179093,0.9547891350964975,0.8525156898202318,0.9214642612018892,1.2399332856802479,0.6020340634968149,0.013487994476671858,0.145890229957739
uwf,random,all,pyod_ecod_env_sensitive__oracle_env_upper_bound,pyod_ecod_env_sensitive,pyod_ecod,env_sensitive,oracle_env_upper_bound,delayed_collector,62316,33555,0.5003048976185891,0.5003129190880644,7.897615522146225,0.000237341970205307,1.0,0.8682461630159439,0.8023272869505697,0.9774839170836311,0.881286753846567,0.9118969600005821,1.2183106981177032,0.6020340634968149,0.013487994476671858,0.145890229957739
uwf,random,all,pyod_copod_env_sensitive,pyod_copod_env_sensitive,pyod_copod,env_sensitive,native_default,observed,62316,33555,0.5003048976185891,0.5003129190880644,6.409731168299913,0.00037889182567596436,1.0,0.8221725525257041,0.9602722245852828,0.6723850369311413,0.790946992257296,0.9659646675405767,0.7002025256135335,0.576864301207058,0.012600054119181631,0.12319535863379341
uwf,random,all,pyod_copod_env_sensitive,pyod_copod_env_sensitive,pyod_copod,env_sensitive,native_default,low_sampling,62316,33555,0.5003048976185891,0.5003129190880644,6.409731168299913,0.00032079219818115234,1.0,0.8660408284905379,0.9971689719323789,0.7343340481296164,0.8458028884086309,0.9635505870101588,0.7364188706218727,0.576864301207058,0.012600054119181631,0.12319535863379341
uwf,random,all,pyod_copod_env_sensitive,pyod_copod_env_sensitive,pyod_copod,env_sensitive,native_default,congested_link,62316,33555,0.5003048976185891,0.5003129190880644,6.409731168299913,0.00029846280813217163,1.0,0.7614066458053941,0.9629902994517081,0.5440195377650703,0.6952649208282582,0.9500452273738116,0.5649273290445557,0.576864301207058,0.012600054119181631,0.12319535863379341
uwf,random,all,pyod_copod_env_sensitive,pyod_copod_env_sensitive,pyod_copod,env_sensitive,native_default,high_background,62316,33555,0.5003048976185891,0.5003129190880644,6.409731168299913,0.0003286823630332947,1.0,0.8687229921025182,0.95576002944424,0.773409578270193,0.8549698745596418,0.9473764293492133,0.809208958780081,0.576864301207058,0.012600054119181631,0.12319535863379341
uwf,random,all,pyod_copod_env_sensitive,pyod_copod_env_sensitive,pyod_copod,env_sensitive,native_default,delayed_collector,62316,33555,0.5003048976185891,0.5003129190880644,6.409731168299913,0.00031713396310806274,1.0,0.7772314111160781,0.9338488772943259,0.5970335954253038,0.728389230042513,0.9478149900714212,0.6393257088396473,0.576864301207058,0.012600054119181631,0.12319535863379341
uwf,random,all,pyod_copod_env_sensitive__val_observed_f1,pyod_copod_env_sensitive,pyod_copod,env_sensitive,val_observed_f1,observed,62316,33555,0.5003048976185891,0.5003129190880644,6.409731168299913,0.00032504647970199585,1.0,0.8524511995231709,0.781658973016704,0.9783774124374554,0.8690246289780693,0.9659646675405767,1.2516678579938052,0.576864301207058,0.036485072168490146,0.12319535863379341
uwf,random,all,pyod_copod_env_sensitive__val_observed_f1,pyod_copod_env_sensitive,pyod_copod,env_sensitive,val_observed_f1,low_sampling,62316,33555,0.5003048976185891,0.5003129190880644,6.409731168299913,0.00027353689074516296,1.0,0.9391148860080465,0.9525504879995089,0.9243507267095544,0.938238761752169,0.9635505870101588,0.9703955206099595,0.576864301207058,0.036485072168490146,0.12319535863379341
uwf,random,all,pyod_copod_env_sensitive__val_observed_f1,pyod_copod_env_sensitive,pyod_copod,env_sensitive,val_observed_f1,congested_link,62316,33555,0.5003048976185891,0.5003129190880644,6.409731168299913,0.0002692192792892456,1.0,0.8295932051855163,0.7607650994063884,0.9618775315701692,0.84958173304572,0.9500452273738116,1.2643554920181082,0.576864301207058,0.036485072168490146,0.12319535863379341
uwf,random,all,pyod_copod_env_sensitive__val_observed_f1,pyod_copod_env_sensitive,pyod_copod,env_sensitive,val_observed_f1,high_background,62316,33555,0.5003048976185891,0.5003129190880644,6.409731168299913,0.00023889169096946716,1.0,0.7203397407241842,0.647619427386554,0.967417202763879,0.7758563034443223,0.9473764293492133,1.4938050988801526,0.576864301207058,0.036485072168490146,0.12319535863379341
uwf,random,all,pyod_copod_env_sensitive__val_observed_f1,pyod_copod_env_sensitive,pyod_copod,env_sensitive,val_observed_f1,delayed_collector,62316,33555,0.5003048976185891,0.5003129190880644,6.409731168299913,0.0002655982971191406,1.0,0.8413649232603189,0.7797842744887501,0.9516916845365737,0.8572041741556455,0.9478149900714212,1.220455086966881,0.576864301207058,0.036485072168490146,0.12319535863379341
uwf,random,all,pyod_copod_env_sensitive__val_robust_minimax,pyod_copod_env_sensitive,pyod_copod,env_sensitive,val_robust_minimax,observed,62316,33555,0.5003048976185891,0.5003129190880644,6.409731168299913,0.00022048503160476685,1.0,0.5204291461779168,0.5105839416058394,1.0,0.6760086977530805,0.9659646675405767,1.958541815582559,0.576864301207058,0.005597708602526859,0.12319535863379341
uwf,random,all,pyod_copod_env_sensitive__val_robust_minimax,pyod_copod_env_sensitive,pyod_copod,env_sensitive,val_robust_minimax,low_sampling,62316,33555,0.5003048976185891,0.5003129190880644,6.409731168299913,0.00021389126777648926,1.0,0.5167039189390553,0.5086502045144675,1.0,0.6743116502319603,0.9635505870101588,1.9659876101977602,0.576864301207058,0.005597708602526859,0.12319535863379341
uwf,random,all,pyod_copod_env_sensitive__val_robust_minimax,pyod_copod_env_sensitive,pyod_copod,env_sensitive,val_robust_minimax,congested_link,62316,33555,0.5003048976185891,0.5003129190880644,6.409731168299913,0.000220421701669693,1.0,0.500968559082104,0.5006411594548653,1.0,0.6672363426799944,0.9500452273738116,1.9974386466523708,0.576864301207058,0.005597708602526859,0.12319535863379341
uwf,random,all,pyod_copod_env_sensitive__val_robust_minimax,pyod_copod_env_sensitive,pyod_copod,env_sensitive,val_robust_minimax,high_background,62316,33555,0.5003048976185891,0.5003129190880644,6.409731168299913,0.00024129822850227356,1.0,0.500402324541797,0.5003576537911302,1.0,0.666984505363528,0.9473764293492133,1.9985704074338813,0.576864301207058,0.005597708602526859,0.12319535863379341
uwf,random,all,pyod_copod_env_sensitive__val_robust_minimax,pyod_copod_env_sensitive,pyod_copod,env_sensitive,val_robust_minimax,delayed_collector,62316,33555,0.5003048976185891,0.5003129190880644,6.409731168299913,0.00019722804427146912,1.0,0.5227536879749665,0.5117980610938357,1.0,0.6770719903206291,0.9478149900714212,1.9538956397426734,0.576864301207058,0.005597708602526859,0.12319535863379341
uwf,random,all,pyod_copod_env_sensitive__oracle_env_upper_bound,pyod_copod_env_sensitive,pyod_copod,env_sensitive,oracle_env_upper_bound,observed,62316,33555,0.5003048976185891,0.5003129190880644,6.409731168299913,0.0003330819308757782,1.0,0.9178065862017583,0.9118234119995303,0.925184655706457,0.9184554432026492,0.9659646675405767,1.0146533238027162,0.576864301207058,0.008551480853527351,0.12319535863379341
uwf,random,all,pyod_copod_env_sensitive__oracle_env_upper_bound,pyod_copod_env_sensitive,pyod_copod,env_sensitive,oracle_env_upper_bound,low_sampling,62316,33555,0.5003048976185891,0.5003129190880644,6.409731168299913,0.0002678893506526947,1.0,0.9514230368052451,0.9865194505071254,0.9154157731713128,0.9496385095470555,0.9635505870101588,0.9279247081248511,0.576864301207058,0.008551480853527351,0.12319535863379341
uwf,random,all,pyod_copod_env_sensitive__oracle_env_upper_bound,pyod_copod_env_sensitive,pyod_copod,env_sensitive,oracle_env_upper_bound,congested_link,62316,33555,0.5003048976185891,0.5003129190880644,6.409731168299913,0.0002767816185951233,1.0,0.9078825808374311,0.8931626384981917,0.9267333809864189,0.9096383781097436,0.9500452273738116,1.0375863712175364,0.576864301207058,0.008551480853527351,0.12319535863379341
uwf,random,all,pyod_copod_env_sensitive__oracle_env_upper_bound,pyod_copod_env_sensitive,pyod_copod,env_sensitive,oracle_env_upper_bound,high_background,62316,33555,0.5003048976185891,0.5003129190880644,6.409731168299913,0.00023212283849716187,1.0,0.909313068097154,0.9215999018465125,0.8948653800333571,0.9080359031702379,0.9473764293492133,0.9709911841791756,0.576864301207058,0.008551480853527351,0.12319535863379341
uwf,random,all,pyod_copod_env_sensitive__oracle_env_upper_bound,pyod_copod_env_sensitive,pyod_copod,env_sensitive,oracle_env_upper_bound,delayed_collector,62316,33555,0.5003048976185891,0.5003129190880644,6.409731168299913,0.0002897605299949646,1.0,0.9019520190731635,0.892064598582549,0.9147009768882535,0.9032409858243633,0.9478149900714212,1.0253752680486061,0.576864301207058,0.008551480853527351,0.12319535863379341
uwf,time,within_family_chronological,lr_full,lr_full,sklearn_linear,full,native_default,observed,62317,33554,0.5003129162186883,0.5002980270608571,81.87105993926525,0.00033078715205192566,1.0,0.9984800619896287,0.99768050434162,0.9992851611365938,0.9984821880301181,0.9999264355902184,1.001608387442664,0.6623803181847604,0.08570886387506899,0.3407260205096827
uwf,time,within_family_chronological,lr_full,lr_full,sklearn_linear,full,native_default,low_sampling,62317,33554,0.5003129162186883,0.5002980270608571,81.87105993926525,0.0002809092402458191,1.0,0.7723669309173273,0.9958807588075881,0.5472687198427354,0.7063662924803936,0.9598912704806988,0.5495323762435218,0.6623803181847604,0.08570886387506899,0.3407260205096827
uwf,time,within_family_chronological,lr_full,lr_full,sklearn_linear,full,native_default,congested_link,62317,33554,0.5003129162186883,0.5002980270608571,81.87105993926525,0.0003288090229034424,1.0,0.9973773618644572,0.995842983550092,0.9989277417048907,0.9973829774579195,0.9998504908001338,1.0030976350747602,0.6623803181847604,0.08570886387506899,0.3407260205096827
uwf,time,within_family_chronological,lr_full,lr_full,sklearn_linear,full,native_default,high_background,62317,33554,0.5003129162186883,0.5002980270608571,81.87105993926525,0.0003194771707057953,1.0,0.9882577338022293,0.9774567484126522,0.999583010663013,0.98839606526477,0.9995069450775103,1.0226365640078632,0.6623803181847604,0.08570886387506899,0.3407260205096827
uwf,time,within_family_chronological,lr_full,lr_full,sklearn_linear,full,native_default,delayed_collector,62317,33554,0.5003129162186883,0.5002980270608571,81.87105993926525,0.0002749823033809662,1.0,0.9984800619896287,0.99768050434162,0.9992851611365938,0.9984821880301181,0.9998760212670851,1.001608387442664,0.6623803181847604,0.08570886387506899,0.3407260205096827
uwf,time,within_family_chronological,lr_full__val_observed_f1,lr_full,sklearn_linear,full,val_observed_f1,observed,62317,33554,0.5003129162186883,0.5002980270608571,81.87105993926525,0.0003336407244205475,1.0,0.990671752995172,0.9816959064327485,1.0,0.9907634196004368,0.9999264355902184,1.0186453803538453,0.6623803181847604,0.08569484350466501,0.3407260205096827
uwf,time,within_family_chronological,lr_full__val_observed_f1,lr_full,sklearn_linear,full,val_observed_f1,low_sampling,62317,33554,0.5003129162186883,0.5002980270608571,81.87105993926525,0.00022405385971069336,1.0,0.7731716039816415,0.9949298813376484,0.549413236432954,0.7079095828376252,0.9598912704806988,0.5522130219812951,0.6623803181847604,0.08569484350466501,0.3407260205096827
uwf,time,within_family_chronological,lr_full__val_observed_f1,lr_full,sklearn_linear,full,val_observed_f1,congested_link,62317,33554,0.5003129162186883,0.5002980270608571,81.87105993926525,0.00020623952150344849,1.0,0.9909101746438577,0.9829465541490858,0.999166021326026,0.9909899264423503,0.9998504908001338,1.0165008637636266,0.6623803181847604,0.08569484350466501,0.3407260205096827
uwf,time,within_family_chronological,lr_full__val_observed_f1,lr_full,sklearn_linear,full,val_observed_f1,high_background,62317,33554,0.5003129162186883,0.5002980270608571,81.87105993926525,0.00024762749671936035,1.0,0.9792275138582583,0.9603456168459602,0.9997617203788646,0.9796573563319032,0.9995069450775103,1.041043664740573,0.6623803181847604,0.08569484350466501,0.3407260205096827
uwf,time,within_family_chronological,lr_full__val_observed_f1,lr_full,sklearn_linear,full,val_observed_f1,delayed_collector,62317,33554,0.5003129162186883,0.5002980270608571,81.87105993926525,0.00021233409643173218,1.0,0.9852476604875723,0.9715211854595971,0.9998212902841485,0.9854681032205032,0.9998760212670851,1.0291296836838029,0.6623803181847604,0.08569484350466501,0.3407260205096827
uwf,time,within_family_chronological,lr_full__val_robust_minimax,lr_full,sklearn_linear,full,val_robust_minimax,observed,62317,33554,0.5003129162186883,0.5002980270608571,81.87105993926525,0.00039359554648399353,1.0,0.965369255528402,0.9352610173268706,1.0,0.9665476738830032,0.9999264355902184,1.0692202299398343,0.6623803181847604,0.08711762891231484,0.3407260205096827
uwf,time,within_family_chronological,lr_full__val_robust_minimax,lr_full,sklearn_linear,full,val_robust_minimax,low_sampling,62317,33554,0.5003129162186883,0.5002980270608571,81.87105993926525,0.00024972110986709595,1.0,0.7707873874947845,0.9845514596207117,0.5504854947280634,0.7061475566423413,0.9598912704806988,0.5591231309942217,0.6623803181847604,0.08711762891231484,0.3407260205096827
uwf,time,within_family_chronological,lr_full__val_robust_minimax,lr_full,sklearn_linear,full,val_robust_minimax,congested_link,62317,33554,0.5003129162186883,0.5002980270608571,81.87105993926525,0.0002773888409137726,1.0,0.9842939738928295,0.970213996529786,0.9992851611365938,0.9845350236229715,0.9998504908001338,1.0299636623577768,0.6623803181847604,0.08711762891231484,0.3407260205096827
uwf,time,within_family_chronological,lr_full__val_robust_minimax,lr_full,sklearn_linear,full,val_robust_minimax,high_background,62317,33554,0.5003129162186883,0.5002980270608571,81.87105993926525,0.0002965405583381653,1.0,0.9718364427490016,0.9467065192871644,1.0,0.9726237724151916,0.9995069450775103,1.0562935604932389,0.6623803181847604,0.08711762891231484,0.3407260205096827
uwf,time,within_family_chronological,lr_full__val_robust_minimax,lr_full,sklearn_linear,full,val_robust_minimax,delayed_collector,62317,33554,0.5003129162186883,0.5002980270608571,81.87105993926525,0.00031727179884910583,1.0,0.965369255528402,0.9352610173268706,1.0,0.9665476738830032,0.9998760212670851,1.0692202299398343,0.6623803181847604,0.08711762891231484,0.3407260205096827
uwf,time,within_family_chronological,lr_full__oracle_env_upper_bound,lr_full,sklearn_linear,full,oracle_env_upper_bound,observed,62317,33554,0.5003129162186883,0.5002980270608571,81.87105993926525,0.0003579072654247284,1.0,0.9984800619896287,0.99768050434162,0.9992851611365938,0.9984821880301181,0.9999264355902184,1.001608387442664,0.6623803181847604,0.0847778574010706,0.3407260205096827
uwf,time,within_family_chronological,lr_full__oracle_env_upper_bound,lr_full,sklearn_linear,full,oracle_env_upper_bound,low_sampling,62317,33554,0.5003129162186883,0.5002980270608571,81.87105993926525,0.0002857521176338196,1.0,0.7733802229242415,0.9944007752772693,0.5501280752963603,0.7083684896832093,0.9598912704806988,0.5532257103711206,0.6623803181847604,0.0847778574010706,0.3407260205096827
uwf,time,within_family_chronological,lr_full__oracle_env_upper_bound,lr_full,sklearn_linear,full,oracle_env_upper_bound,congested_link,62317,33554,0.5003129162186883,0.5002980270608571,81.87105993926525,0.00026347115635871887,1.0,0.9976753889253144,0.9966117814896273,0.9987490319890391,0.9976792621243677,0.9998504908001338,1.0021445165902185,0.6623803181847604,0.0847778574010706,0.3407260205096827
uwf,time,within_family_chronological,lr_full__oracle_env_upper_bound,lr_full,sklearn_linear,full,oracle_env_upper_bound,high_background,62317,33554,0.5003129162186883,0.5002980270608571,81.87105993926525,0.00029616057872772217,1.0,0.9893902366334864,0.9797932605267768,0.9994043009471615,0.9895016219404306,0.9995069450775103,1.0200154881753738,0.6623803181847604,0.0847778574010706,0.3407260205096827
uwf,time,within_family_chronological,lr_full__oracle_env_upper_bound,lr_full,sklearn_linear,full,oracle_env_upper_bound,delayed_collector,62317,33554,0.5003129162186883,0.5002980270608571,81.87105993926525,0.0003042779862880707,1.0,0.9984800619896287,0.99768050434162,0.9992851611365938,0.9984821880301181,0.9998760212670851,1.001608387442664,0.6623803181847604,0.0847778574010706,0.3407260205096827
uwf,time,within_family_chronological,rf_full,rf_full,sklearn_tree,full,native_default,observed,62317,33554,0.5003129162186883,0.5002980270608571,30.211754240095615,0.00043142959475517273,1.0,0.9988674971687429,0.9977414561664191,1.0,0.9988694513864096,0.9998537753696713,1.0022636564007863,0.6846832213306703,0.004803794091931238,0.6672501752238801
uwf,time,within_family_chronological,rf_full,rf_full,sklearn_tree,full,native_default,low_sampling,62317,33554,0.5003129162186883,0.5002980270608571,30.211754240095615,0.0004121437668800354,1.0,0.9984800619896287,0.9977397097311445,0.9992255912313099,0.9984820976814787,0.9998465880422789,1.0014892476320962,0.6846832213306703,0.004803794091931238,0.6672501752238801
uwf,time,within_family_chronological,rf_full,rf_full,sklearn_tree,full,native_default,congested_link,62317,33554,0.5003129162186883,0.5002980270608571,30.211754240095615,0.00039046257734298706,1.0,0.9883769446265721,0.9774619998835246,0.9998212902841485,0.9885152246893221,0.9997719808838125,1.0228748436289987,0.6846832213306703,0.004803794091931238,0.6672501752238801
uwf,time,within_family_chronological,rf_full,rf_full,sklearn_tree,full,native_default,high_background,62317,33554,0.5003129162186883,0.5002980270608571,30.211754240095615,0.0004041120409965515,1.0,0.9774095487870299,0.9571615994523986,0.999583010663013,0.977912465761408,0.9993385686991381,1.0443200095311849,0.6846832213306703,0.004803794091931238,0.6672501752238801
uwf,time,within_family_chronological,rf_full,rf_full,sklearn_tree,full,native_default,delayed_collector,62317,33554,0.5003129162186883,0.5002980270608571,30.211754240095615,0.00039464235305786133,1.0,0.9988674971687429,0.9977414561664191,1.0,0.9988694513864096,0.9998108947725567,1.0022636564007863,0.6846832213306703,0.004803794091931238,0.6672501752238801
uwf,time,within_family_chronological,rf_full__val_observed_f1,rf_full,sklearn_tree,full,val_observed_f1,observed,62317,33554,0.5003129162186883,0.5002980270608571,30.211754240095615,0.0003914870321750641,1.0,0.9084162841986052,0.8452668680765357,1.0,0.9161459328185118,0.9998537753696713,1.183058318937273,0.6846832213306703,0.0797665165346181,0.6672501752238801
uwf,time,within_family_chronological,rf_full__val_observed_f1,rf_full,sklearn_tree,full,val_observed_f1,low_sampling,62317,33554,0.5003129162186883,0.5002980270608571,30.211754240095615,0.0003069378435611725,1.0,0.6138761399535078,0.5644017079648993,1.0,0.7215559853857726,0.9998465880422789,1.7717876928575684,0.6846832213306703,0.0797665165346181,0.6672501752238801
uwf,time,within_family_chronological,rf_full__val_observed_f1,rf_full,sklearn_tree,full,val_observed_f1,congested_link,62317,33554,0.5003129162186883,0.5002980270608571,30.211754240095615,0.0003336668014526367,1.0,0.6831674316027896,0.612262017652637,1.0,0.7595068431172944,0.9997719808838125,1.6332876630726156,0.6846832213306703,0.0797665165346181,0.6672501752238801
uwf,time,within_family_chronological,rf_full__val_observed_f1,rf_full,sklearn_tree,full,val_observed_f1,high_background,62317,33554,0.5003129162186883,0.5002980270608571,30.211754240095615,0.000339362770318985,1.0,0.604935328127794,0.5587657690643411,1.0,0.7169335895793295,0.9993385686991381,1.7896586644427235,0.6846832213306703,0.0797665165346181,0.6672501752238801
uwf,time,within_family_chronological,rf_full__val_observed_f1,rf_full,sklearn_tree,full,val_observed_f1,delayed_collector,62317,33554,0.5003129162186883,0.5002980270608571,30.211754240095615,0.0003145970404148102,1.0,0.9060022650056625,0.8418334085552379,1.0,0.9141254628621216,0.9998108947725567,1.1878834812652648,0.6846832213306703,0.0797665165346181,0.6672501752238801
uwf,time,within_family_chronological,rf_full__val_robust_minimax,rf_full,sklearn_tree,full,val_robust_minimax,observed,62317,33554,0.5003129162186883,0.5002980270608571,30.211754240095615,0.00022654235363006592,1.0,0.9988674971687429,0.9977414561664191,1.0,0.9988694513864096,0.9998537753696713,1.0022636564007863,0.6846832213306703,0.004803794091931238,0.6672501752238801
uwf,time,within_family_chronological,rf_full__val_robust_minimax,rf_full,sklearn_tree,full,val_robust_minimax,low_sampling,62317,33554,0.5003129162186883,0.5002980270608571,30.211754240095615,0.00022831931710243225,1.0,0.9984800619896287,0.9977397097311445,0.9992255912313099,0.9984820976814787,0.9998465880422789,1.0014892476320962,0.6846832213306703,0.004803794091931238,0.6672501752238801
uwf,time,within_family_chronological,rf_full__val_robust_minimax,rf_full,sklearn_tree,full,val_robust_minimax,congested_link,62317,33554,0.5003129162186883,0.5002980270608571,30.211754240095615,0.00022575631737709045,1.0,0.9883769446265721,0.9774619998835246,0.9998212902841485,0.9885152246893221,0.9997719808838125,1.0228748436289987,0.6846832213306703,0.004803794091931238,0.6672501752238801
uwf,time,within_family_chronological,rf_full__val_robust_minimax,rf_full,sklearn_tree,full,val_robust_minimax,high_background,62317,33554,0.5003129162186883,0.5002980270608571,30.211754240095615,0.00030527263879776,1.0,0.9774095487870299,0.9571615994523986,0.999583010663013,0.977912465761408,0.9993385686991381,1.0443200095311849,0.6846832213306703,0.004803794091931238,0.6672501752238801
uwf,time,within_family_chronological,rf_full__val_robust_minimax,rf_full,sklearn_tree,full,val_robust_minimax,delayed_collector,62317,33554,0.5003129162186883,0.5002980270608571,30.211754240095615,0.0002604164183139801,1.0,0.9988674971687429,0.9977414561664191,1.0,0.9988694513864096,0.9998108947725567,1.0022636564007863,0.6846832213306703,0.004803794091931238,0.6672501752238801
uwf,time,within_family_chronological,rf_full__oracle_env_upper_bound,rf_full,sklearn_tree,full,oracle_env_upper_bound,observed,62317,33554,0.5003129162186883,0.5002980270608571,30.211754240095615,0.00034916773438453674,1.0,0.9989271025809143,0.9978600725197646,1.0,0.9989288902112466,0.9998537753696713,1.0021445165902185,0.6846832213306703,0.0033347203634530925,0.6672501752238801
uwf,time,within_family_chronological,rf_full__oracle_env_upper_bound,rf_full,sklearn_tree,full,oracle_env_upper_bound,low_sampling,62317,33554,0.5003129162186883,0.5002980270608571,30.211754240095615,0.00032800063490867615,1.0,0.9985396674018001,0.9977399785892709,0.9993447310418776,0.9985417100681527,0.9998465880422789,1.001608387442664,0.6846832213306703,0.0033347203634530925,0.6672501752238801
uwf,time,within_family_chronological,rf_full__oracle_env_upper_bound,rf_full,sklearn_tree,full,oracle_env_upper_bound,congested_link,62317,33554,0.5003129162186883,0.5002980270608571,30.211754240095615,0.00028186291456222534,1.0,0.9920724801812004,0.9881226732848786,0.9961279561565497,0.9921091664194601,0.9997719808838125,1.0081015071186037,0.6846832213306703,0.0033347203634530925,0.6672501752238801
uwf,time,within_family_chronological,rf_full__oracle_env_upper_bound,rf_full,sklearn_tree,full,oracle_env_upper_bound,high_background,62317,33554,0.5003129162186883,0.5002980270608571,30.211754240095615,0.0003005489706993103,1.0,0.9869166120283722,0.9916396006255263,0.9821290284148448,0.9868614012510101,0.9993385686991381,0.9904092452493001,0.6846832213306703,0.0033347203634530925,0.6672501752238801
uwf,time,within_family_chronological,rf_full__oracle_env_upper_bound,rf_full,sklearn_tree,full,oracle_env_upper_bound,delayed_collector,62317,33554,0.5003129162186883,0.5002980270608571,30.211754240095615,0.0002540014684200287,1.0,0.9988674971687429,0.9977414561664191,1.0,0.9988694513864096,0.9998108947725567,1.0022636564007863,0.6846832213306703,0.0033347203634530925,0.6672501752238801
uwf,time,within_family_chronological,gb_full,gb_full,sklearn_boosting,full,native_default,observed,62317,33554,0.5003129162186883,0.5002980270608571,168.90336066111922,0.00041341036558151245,1.0,0.9988674971687429,0.9977414561664191,1.0,0.9988694513864096,0.9999547585630175,1.0022636564007863,0.5817343954718507,0.0050113738188873064,0.4990063743681696
uwf,time,within_family_chronological,gb_full,gb_full,sklearn_boosting,full,native_default,low_sampling,62317,33554,0.5003129162186883,0.5002980270608571,168.90336066111922,0.0003264695405960083,1.0,0.9985396674018001,0.9977399785892709,0.9993447310418776,0.9985417100681527,0.9999088438692182,1.001608387442664,0.5817343954718507,0.0050113738188873064,0.4990063743681696
uwf,time,within_family_chronological,gb_full,gb_full,sklearn_boosting,full,native_default,congested_link,62317,33554,0.5003129162186883,0.5002980270608571,168.90336066111922,0.0004046037793159485,1.0,0.9877212850926864,0.9761558592614132,0.9998808601894323,0.9878759343181684,0.9998861041317118,1.024304521355811,0.5817343954718507,0.0050113738188873064,0.4990063743681696
uwf,time,within_family_chronological,gb_full,gb_full,sklearn_boosting,full,native_default,high_background,62317,33554,0.5003129162186883,0.5002980270608571,168.90336066111922,0.0004555732011795044,1.0,0.9767836919592299,0.9558605763754414,0.9997617203788646,0.9773183869558888,0.9995589297410822,1.0459283969738489,0.5817343954718507,0.0050113738188873064,0.4990063743681696
uwf,time,within_family_chronological,gb_full,gb_full,sklearn_boosting,full,native_default,delayed_collector,62317,33554,0.5003129162186883,0.5002980270608571,168.90336066111922,0.00042617321014404297,1.0,0.9988674971687429,0.9977414561664191,1.0,0.9988694513864096,0.9999025038861573,1.0022636564007863,0.5817343954718507,0.0050113738188873064,0.4990063743681696
uwf,time,within_family_chronological,gb_full__val_observed_f1,gb_full,sklearn_boosting,full,val_observed_f1,observed,62317,33554,0.5003129162186883,0.5002980270608571,168.90336066111922,0.00041196495294570923,1.0,0.9988674971687429,0.9977414561664191,1.0,0.9988694513864096,0.9999547585630175,1.0022636564007863,0.5817343954718507,0.004469839683226729,0.4990063743681696
uwf,time,within_family_chronological,gb_full__val_observed_f1,gb_full,sklearn_boosting,full,val_observed_f1,low_sampling,62317,33554,0.5003129162186883,0.5002980270608571,168.90336066111922,0.0002864636480808258,1.0,0.9983906538713715,0.9977393063239931,0.9990468815154584,0.9983926657935468,0.9999088438692182,1.0013105379162448,0.5817343954718507,0.004469839683226729,0.4990063743681696
uwf,time,within_family_chronological,gb_full__val_observed_f1,gb_full,sklearn_boosting,full,val_observed_f1,congested_link,62317,33554,0.5003129162186883,0.5002980270608571,168.90336066111922,0.00025717541575431824,1.0,0.9983012457531144,0.9973246135552913,0.9992851611365938,0.9983039247775761,0.9998861041317118,1.001965806874367,0.5817343954718507,0.004469839683226729,0.4990063743681696
uwf,time,within_family_chronological,gb_full__val_observed_f1,gb_full,sklearn_boosting,full,val_observed_f1,high_background,62317,33554,0.5003129162186883,0.5002980270608571,168.90336066111922,0.00023055821657180786,1.0,0.9984502592835429,0.9977395752780918,0.999166021326026,0.9984522888267159,0.9995589297410822,1.0014296777268124,0.5817343954718507,0.004469839683226729,0.4990063743681696
uwf,time,within_family_chronological,gb_full__val_observed_f1,gb_full,sklearn_boosting,full,val_observed_f1,delayed_collector,62317,33554,0.5003129162186883,0.5002980270608571,168.90336066111922,0.0002743527293205261,1.0,0.9846814090719437,0.9976756988194997,0.9716447250848871,0.9844881699661999,0.9999025038861573,0.9739083814856735,0.5817343954718507,0.004469839683226729,0.4990063743681696
uwf,time,within_family_chronological,gb_full__val_robust_minimax,gb_full,sklearn_boosting,full,val_robust_minimax,observed,62317,33554,0.5003129162186883,0.5002980270608571,168.90336066111922,0.000314369797706604,1.0,0.9832806818859152,0.9676619783260318,1.0,0.9835652556027538,0.9999547585630175,1.0334187168642401,0.5817343954718507,0.0003389888010848096,0.4990063743681696
uwf,time,within_family_chronological,gb_full__val_robust_minimax,gb_full,sklearn_boosting,full,val_robust_minimax,low_sampling,62317,33554,0.5003129162186883,0.5002980270608571,168.90336066111922,0.0002532564103603363,1.0,0.9862609524944865,0.973491879350348,0.9997617203788646,0.9864519352279072,0.9999088438692182,1.0269851670935843,0.5817343954718507,0.0003389888010848096,0.4990063743681696
uwf,time,within_family_chronological,gb_full__val_robust_minimax,gb_full,sklearn_boosting,full,val_robust_minimax,congested_link,62317,33554,0.5003129162186883,0.5002980270608571,168.90336066111922,0.000252697616815567,1.0,0.9849198307206294,0.9708485163977095,0.9998808601894323,0.9851508393003874,0.9998861041317118,1.029904092452493,0.5817343954718507,0.0003389888010848096,0.4990063743681696
uwf,time,within_family_chronological,gb_full__val_robust_minimax,gb_full,sklearn_boosting,full,val_robust_minimax,high_background,62317,33554,0.5003129162186883,0.5002980270608571,168.90336066111922,0.0003019943833351135,1.0,0.9767538892531442,0.9558061393017826,0.9997617203788646,0.9772899318697956,0.9995589297410822,1.0459879668791328,0.5817343954718507,0.0003389888010848096,0.4990063743681696
uwf,time,within_family_chronological,gb_full__val_robust_minimax,gb_full,sklearn_boosting,full,val_robust_minimax,delayed_collector,62317,33554,0.5003129162186883,0.5002980270608571,168.90336066111922,0.00027055293321609497,1.0,0.9825952196459439,0.9663807495250705,1.0,0.9829029802681656,0.9999025038861573,1.0347888246857688,0.5817343954718507,0.0003389888010848096,0.4990063743681696
uwf,time,within_family_chronological,gb_full__oracle_env_upper_bound,gb_full,sklearn_boosting,full,oracle_env_upper_bound,observed,62317,33554,0.5003129162186883,0.5002980270608571,168.90336066111922,0.0007949024438858032,1.0,0.9988674971687429,0.9977414561664191,1.0,0.9988694513864096,0.9999547585630175,1.0022636564007863,0.5817343954718507,9.410137094792538e-05,0.4990063743681696
uwf,time,within_family_chronological,gb_full__oracle_env_upper_bound,gb_full,sklearn_boosting,full,oracle_env_upper_bound,low_sampling,62317,33554,0.5003129162186883,0.5002980270608571,168.90336066111922,0.0003746822476387024,1.0,0.9985396674018001,0.9977399785892709,0.9993447310418776,0.9985417100681527,0.9999088438692182,1.001608387442664,0.5817343954718507,9.410137094792538e-05,0.4990063743681696
uwf,time,within_family_chronological,gb_full__oracle_env_upper_bound,gb_full,sklearn_boosting,full,oracle_env_upper_bound,congested_link,62317,33554,0.5003129162186883,0.5002980270608571,168.90336066111922,0.0003462657332420349,1.0,0.9983906538713715,0.9970887053651001,0.9997021504735808,0.9983937176512583,0.9998861041317118,1.0026210758324894,0.5817343954718507,9.410137094792538e-05,0.4990063743681696
uwf,time,within_family_chronological,gb_full__oracle_env_upper_bound,gb_full,sklearn_boosting,full,oracle_env_upper_bound,high_background,62317,33554,0.5003129162186883,0.5002980270608571,168.90336066111922,0.00034551694989204407,1.0,0.9985694701078858,0.9977401129943503,0.9994043009471615,0.9985715136003809,0.9995589297410822,1.001667957347948,0.5817343954718507,9.410137094792538e-05,0.4990063743681696
uwf,time,within_family_chronological,gb_full__oracle_env_upper_bound,gb_full,sklearn_boosting,full,oracle_env_upper_bound,delayed_collector,62317,33554,0.5003129162186883,0.5002980270608571,168.90336066111922,0.0003620162606239319,1.0,0.9988674971687429,0.9977414561664191,1.0,0.9988694513864096,0.9999025038861573,1.0022636564007863,0.5817343954718507,9.410137094792538e-05,0.4990063743681696
uwf,time,within_family_chronological,xgb_full,xgb_full,xgboost,full,native_default,observed,62317,33554,0.5003129162186883,0.5002980270608571,42.79051819071174,0.0004615411162376404,1.0,0.9988674971687429,0.9977414561664191,1.0,0.9988694513864096,0.9999666427005004,1.0022636564007863,0.41901512322763823,0.004687475757169738,0.14170900186748794
uwf,time,within_family_chronological,xgb_full,xgb_full,xgboost,full,native_default,low_sampling,62317,33554,0.5003129162186883,0.5002980270608571,42.79051819071174,0.00039558857679367065,1.0,0.9986886809322286,0.9977406504548427,0.9996425805682969,0.9986907099922633,0.9999199250724494,1.0019062369690832,0.41901512322763823,0.004687475757169738,0.14170900186748794
uwf,time,within_family_chronological,xgb_full,xgb_full,xgboost,full,native_default,congested_link,62317,33554,0.5003129162186883,0.5002980270608571,42.79051819071174,0.00039414316415786743,1.0,0.9883173392144007,0.9773481628137192,0.9998212902841485,0.9884570082449942,0.9999300647819789,1.0229939834395663,0.41901512322763823,0.004687475757169738,0.14170900186748794
uwf,time,within_family_chronological,xgb_full,xgb_full,xgboost,full,native_default,high_background,62317,33554,0.5003129162186883,0.5002980270608571,42.79051819071174,0.0003762468695640564,1.0,0.9779459974965727,0.9577794260284133,1.0,0.9784344582386199,0.9999397817075442,1.0440817299100495,0.41901512322763823,0.004687475757169738,0.14170900186748794
uwf,time,within_family_chronological,xgb_full,xgb_full,xgboost,full,native_default,delayed_collector,62317,33554,0.5003129162186883,0.5002980270608571,42.79051819071174,0.0003907829523086548,1.0,0.9987482863444,0.9977409190892337,0.9997617203788646,0.9987502975482028,0.9999088474220245,1.002025376779651,0.41901512322763823,0.004687475757169738,0.14170900186748794
uwf,time,within_family_chronological,xgb_full__val_observed_f1,xgb_full,xgboost,full,val_observed_f1,observed,62317,33554,0.5003129162186883,0.5002980270608571,42.79051819071174,0.00039257854223251343,1.0,0.9980032186922573,0.9981527827434156,0.9978554834097814,0.9980041109356848,0.9999666427005004,0.9997021504735808,0.41901512322763823,0.003372544315624972,0.14170900186748794
uwf,time,within_family_chronological,xgb_full__val_observed_f1,xgb_full,xgboost,full,val_observed_f1,low_sampling,62317,33554,0.5003129162186883,0.5002980270608571,42.79051819071174,0.0003101043403148651,1.0,0.9926983370090005,0.9986134555100072,0.9867754810269852,0.9926591760299626,0.9999199250724494,0.9881455888485138,0.41901512322763823,0.003372544315624972,0.14170900186748794
uwf,time,within_family_chronological,xgb_full__val_observed_f1,xgb_full,xgboost,full,val_observed_f1,congested_link,62317,33554,0.5003129162186883,0.5002980270608571,42.79051819071174,0.00026272982358932495,1.0,0.9921916910055433,0.9986120330698208,0.9857627926371597,0.9921458120990467,0.9999300647819789,0.9871329004586883,0.41901512322763823,0.003372544315624972,0.14170900186748794
uwf,time,within_family_chronological,xgb_full__val_observed_f1,xgb_full,xgboost,full,val_observed_f1,high_background,62317,33554,0.5003129162186883,0.5002980270608571,42.79051819071174,0.0002872273325920105,1.0,0.9983310484592001,0.9973839110529757,0.9992851611365938,0.9983336308992442,0.9999397817075442,1.0019062369690832,0.41901512322763823,0.003372544315624972,0.14170900186748794
uwf,time,within_family_chronological,xgb_full__val_observed_f1,xgb_full,xgboost,full,val_observed_f1,delayed_collector,62317,33554,0.5003129162186883,0.5002980270608571,42.79051819071174,0.0003171786665916443,1.0,0.985068844251058,0.997677545532331,0.9724191338535771,0.9848864219131799,0.9999088474220245,0.9746827902543634,0.41901512322763823,0.003372544315624972,0.14170900186748794
uwf,time,within_family_chronological,xgb_full__val_robust_minimax,xgb_full,xgboost,full,val_robust_minimax,observed,62317,33554,0.5003129162186883,0.5002980270608571,42.79051819071174,0.00028818100690841675,1.0,0.9988674971687429,0.9977414561664191,1.0,0.9988694513864096,0.9999666427005004,1.0022636564007863,0.41901512322763823,0.004448477127803329,0.14170900186748794
uwf,time,within_family_chronological,xgb_full__val_robust_minimax,xgb_full,xgboost,full,val_robust_minimax,low_sampling,62317,33554,0.5003129162186883,0.5002980270608571,42.79051819071174,0.0002377331256866455,1.0,0.998658878226143,0.9977405161136877,0.999583010663013,0.9986609135545306,0.9999199250724494,1.0018466670637993,0.41901512322763823,0.004448477127803329,0.14170900186748794
uwf,time,within_family_chronological,xgb_full__val_robust_minimax,xgb_full,xgboost,full,val_robust_minimax,congested_link,62317,33554,0.5003129162186883,0.5002980270608571,42.79051819071174,0.000300772488117218,1.0,0.9890922095726292,0.97888597258676,0.9997617203788646,0.9892137215607686,0.9999300647819789,1.0213260260916186,0.41901512322763823,0.004448477127803329,0.14170900186748794
uwf,time,within_family_chronological,xgb_full__val_robust_minimax,xgb_full,xgboost,full,val_robust_minimax,high_background,62317,33554,0.5003129162186883,0.5002980270608571,42.79051819071174,0.0003048144280910492,1.0,0.9787208678548012,0.9592023312953546,1.0,0.9791763882407839,0.9999397817075442,1.0425329123726694,0.41901512322763823,0.004448477127803329,0.14170900186748794
uwf,time,within_family_chronological,xgb_full__val_robust_minimax,xgb_full,xgboost,full,val_robust_minimax,delayed_collector,62317,33554,0.5003129162186883,0.5002980270608571,42.79051819071174,0.00037188082933425903,1.0,0.9987482863444,0.9977409190892337,0.9997617203788646,0.9987502975482028,0.9999088474220245,1.002025376779651,0.41901512322763823,0.004448477127803329,0.14170900186748794
uwf,time,within_family_chronological,xgb_full__oracle_env_upper_bound,xgb_full,xgboost,full,oracle_env_upper_bound,observed,62317,33554,0.5003129162186883,0.5002980270608571,42.79051819071174,0.00042033568024635315,1.0,0.9988674971687429,0.9977414561664191,1.0,0.9988694513864096,0.9999666427005004,1.0022636564007863,0.41901512322763823,0.0001346048302212428,0.14170900186748794
uwf,time,within_family_chronological,xgb_full__oracle_env_upper_bound,xgb_full,xgboost,full,oracle_env_upper_bound,low_sampling,62317,33554,0.5003129162186883,0.5002980270608571,42.79051819071174,0.00037509575486183167,1.0,0.9986886809322286,0.9977406504548427,0.9996425805682969,0.9986907099922633,0.9999199250724494,1.0019062369690832,0.41901512322763823,0.0001346048302212428,0.14170900186748794
uwf,time,within_family_chronological,xgb_full__oracle_env_upper_bound,xgb_full,xgboost,full,oracle_env_upper_bound,congested_link,62317,33554,0.5003129162186883,0.5002980270608571,42.79051819071174,0.0004462823271751404,1.0,0.9979138105740001,0.9972042115281661,0.9986298921784714,0.9979165426513483,0.9999300647819789,1.0014296777268124,0.41901512322763823,0.0001346048302212428,0.14170900186748794
uwf,time,within_family_chronological,xgb_full__oracle_env_upper_bound,xgb_full,xgboost,full,oracle_env_upper_bound,high_background,62317,33554,0.5003129162186883,0.5002980270608571,42.79051819071174,0.0003284551203250885,1.0,0.9983310484592001,0.9973839110529757,0.9992851611365938,0.9983336308992442,0.9999397817075442,1.0019062369690832,0.41901512322763823,0.0001346048302212428,0.14170900186748794
uwf,time,within_family_chronological,xgb_full__oracle_env_upper_bound,xgb_full,xgboost,full,oracle_env_upper_bound,delayed_collector,62317,33554,0.5003129162186883,0.5002980270608571,42.79051819071174,0.00035860389471054077,1.0,0.9988078917565715,0.9977411876597515,0.9998808601894323,0.9988098780124963,0.9999088474220245,1.0021445165902185,0.41901512322763823,0.0001346048302212428,0.14170900186748794
uwf,time,within_family_chronological,lgbm_full,lgbm_full,lightgbm,full,native_default,observed,62317,33554,0.5003129162186883,0.5002980270608571,19.49863700568676,0.0003300607204437256,1.0,0.9985396674018001,0.9970895699691138,1.0,0.9985426642476876,0.9999473314211915,1.0029189253589086,0.32132121757854737,0.005289764578072989,0.22127283477433307
uwf,time,within_family_chronological,lgbm_full,lgbm_full,lightgbm,full,native_default,low_sampling,62317,33554,0.5003129162186883,0.5002980270608571,19.49863700568676,0.00029426440596580505,1.0,0.9987482863444,0.9977409190892337,0.9997617203788646,0.9987502975482028,0.9998520558113629,1.002025376779651,0.32132121757854737,0.005289764578072989,0.22127283477433307
uwf,time,within_family_chronological,lgbm_full,lgbm_full,lightgbm,full,native_default,congested_link,62317,33554,0.5003129162186883,0.5002980270608571,19.49863700568676,0.0003466494381427765,1.0,0.982476008821601,0.966158273381295,1.0,0.9827878929805046,0.9998885573445463,1.0350271043069041,0.32132121757854737,0.005289764578072989,0.22127283477433307
uwf,time,within_family_chronological,lgbm_full,lgbm_full,lightgbm,full,native_default,high_background,62317,33554,0.5003129162186883,0.5002980270608571,19.49863700568676,0.0002831071615219116,1.0,0.9769029027835727,0.9558706297688191,1.0,0.9774374799848613,0.9997841208233575,1.0461666765949842,0.32132121757854737,0.005289764578072989,0.22127283477433307
uwf,time,within_family_chronological,lgbm_full,lgbm_full,lightgbm,full,native_default,delayed_collector,62317,33554,0.5003129162186883,0.5002980270608571,19.49863700568676,0.00029631704092025757,1.0,0.9981820349287716,0.99667418933365,0.9997021504735808,0.9981858736059479,0.9998420635433,1.0030380651694764,0.32132121757854737,0.005289764578072989,0.22127283477433307
uwf,time,within_family_chronological,lgbm_full__val_observed_f1,lgbm_full,lightgbm,full,val_observed_f1,observed,62317,33554,0.5003129162186883,0.5002980270608571,19.49863700568676,0.0003118366003036499,1.0,0.9464147344578888,0.9032553134248049,1.0,0.9491688341060726,0.9999473314211915,1.1071066897003634,0.32132121757854737,0.044986828765164785,0.22127283477433307
uwf,time,within_family_chronological,lgbm_full__val_observed_f1,lgbm_full,lightgbm,full,val_observed_f1,low_sampling,62317,33554,0.5003129162186883,0.5002980270608571,19.49863700568676,0.00026353076100349426,1.0,0.9674852476604876,0.9389752768766081,1.0,0.9685273330448579,0.9998520558113629,1.064990766664681,0.32132121757854737,0.044986828765164785,0.22127283477433307
uwf,time,within_family_chronological,lgbm_full__val_observed_f1,lgbm_full,lightgbm,full,val_observed_f1,congested_link,62317,33554,0.5003129162186883,0.5002980270608571,19.49863700568676,0.0002864152193069458,1.0,0.9014126482684628,0.8353819358049266,1.0,0.910308551596985,0.9998885573445463,1.1970572466789777,0.32132121757854737,0.044986828765164785,0.22127283477433307
uwf,time,within_family_chronological,lgbm_full__val_observed_f1,lgbm_full,lightgbm,full,val_observed_f1,high_background,62317,33554,0.5003129162186883,0.5002980270608571,19.49863700568676,0.0002502128481864929,1.0,0.7181260058413304,0.639626595542008,1.0,0.7802100762223462,0.9997841208233575,1.563412164174659,0.32132121757854737,0.044986828765164785,0.22127283477433307
uwf,time,within_family_chronological,lgbm_full__val_observed_f1,lgbm_full,lightgbm,full,val_observed_f1,delayed_collector,62317,33554,0.5003129162186883,0.5002980270608571,19.49863700568676,0.0002353563904762268,1.0,0.9438218990284318,0.8990467009425879,1.0,0.9468400124086974,0.9998420635433,1.1122892714600583,0.32132121757854737,0.044986828765164785,0.22127283477433307
uwf,time,within_family_chronological,lgbm_full__val_robust_minimax,lgbm_full,lightgbm,full,val_robust_minimax,observed,62317,33554,0.5003129162186883,0.5002980270608571,19.49863700568676,0.00022410228848457336,1.0,0.9832806818859152,0.9676619783260318,1.0,0.9835652556027538,0.9999473314211915,1.0334187168642401,0.32132121757854737,0.00021122623553432437,0.22127283477433307
uwf,time,within_family_chronological,lgbm_full__val_robust_minimax,lgbm_full,lightgbm,full,val_robust_minimax,low_sampling,62317,33554,0.5003129162186883,0.5002980270608571,19.49863700568676,0.0002426058053970337,1.0,0.9832806818859152,0.9676619783260318,1.0,0.9835652556027538,0.9998520558113629,1.0334187168642401,0.32132121757854737,0.00021122623553432437,0.22127283477433307
uwf,time,within_family_chronological,lgbm_full__val_robust_minimax,lgbm_full,lightgbm,full,val_robust_minimax,congested_link,62317,33554,0.5003129162186883,0.5002980270608571,19.49863700568676,0.00021110102534294128,1.0,0.9780950110270012,0.9580527337061979,1.0,0.978577049753709,0.9998885573445463,1.0437838803836301,0.32132121757854737,0.00021122623553432437,0.22127283477433307
uwf,time,within_family_chronological,lgbm_full__val_robust_minimax,lgbm_full,lightgbm,full,val_robust_minimax,high_background,62317,33554,0.5003129162186883,0.5002980270608571,19.49863700568676,0.000248737633228302,1.0,0.9766942838409728,0.9554897831407593,1.0,0.9772383280940738,0.9997841208233575,1.0465836659319712,0.32132121757854737,0.00021122623553432437,0.22127283477433307
uwf,time,within_family_chronological,lgbm_full__val_robust_minimax,lgbm_full,lightgbm,full,val_robust_minimax,delayed_collector,62317,33554,0.5003129162186883,0.5002980270608571,19.49863700568676,0.00029197707772254944,1.0,0.9825952196459439,0.9663807495250705,1.0,0.9829029802681656,0.9998420635433,1.0347888246857688,0.32132121757854737,0.00021122623553432437,0.22127283477433307
uwf,time,within_family_chronological,lgbm_full__oracle_env_upper_bound,lgbm_full,lightgbm,full,oracle_env_upper_bound,observed,62317,33554,0.5003129162186883,0.5002980270608571,19.49863700568676,0.00033469125628471375,1.0,0.9988674971687429,0.9977414561664191,1.0,0.9988694513864096,0.9999473314211915,1.0022636564007863,0.32132121757854737,0.0006868302853878948,0.22127283477433307
uwf,time,within_family_chronological,lgbm_full__oracle_env_upper_bound,lgbm_full,lightgbm,full,oracle_env_upper_bound,low_sampling,62317,33554,0.5003129162186883,0.5002980270608571,19.49863700568676,0.0003082267940044403,1.0,0.9987482863444,0.9977409190892337,0.9997617203788646,0.9987502975482028,0.9998520558113629,1.002025376779651,0.32132121757854737,0.0006868302853878948,0.22127283477433307
uwf,time,within_family_chronological,lgbm_full__oracle_env_upper_bound,lgbm_full,lightgbm,full,oracle_env_upper_bound,congested_link,62317,33554,0.5003129162186883,0.5002980270608571,19.49863700568676,0.0003149770200252533,1.0,0.9954997913810574,0.9941190447903053,0.9969023649252398,0.9955087594063234,0.9998885573445463,1.002799785548341,0.32132121757854737,0.0006868302853878948,0.22127283477433307
uwf,time,within_family_chronological,lgbm_full__oracle_env_upper_bound,lgbm_full,lightgbm,full,oracle_env_upper_bound,high_background,62317,33554,0.5003129162186883,0.5002980270608571,19.49863700568676,0.00033004581928253174,1.0,0.9953805805567145,0.9913731978255732,0.9994638708524454,0.9954020942718994,0.9997841208233575,1.0081610770238876,0.32132121757854737,0.0006868302853878948,0.22127283477433307
uwf,time,within_family_chronological,lgbm_full__oracle_env_upper_bound,lgbm_full,lightgbm,full,oracle_env_upper_bound,delayed_collector,62317,33554,0.5003129162186883,0.5002980270608571,19.49863700568676,0.0002807900309562683,1.0,0.9985992728139715,0.9977402473834444,0.9994638708524454,0.9986013153587477,0.9998420635433,1.0017275272532318,0.32132121757854737,0.0006868302853878948,0.22127283477433307
uwf,time,within_family_chronological,cat_full,cat_full,catboost,full,native_default,observed,62317,33554,0.5003129162186883,0.5002980270608571,30.48807081207633,0.0003357119858264923,1.0,0.9988674971687429,0.9977414561664191,1.0,0.9988694513864096,0.9999496194285277,1.0022636564007863,0.3808939528108536,0.001774162394983576,0.3260519840655365
uwf,time,within_family_chronological,cat_full,cat_full,catboost,full,native_default,low_sampling,62317,33554,0.5003129162186883,0.5002980270608571,30.48807081207633,0.00028445571660995483,1.0,0.9983608511652858,0.9977391718229415,0.9989873116101745,0.9983628516148236,0.9998919182994219,1.001250968010961,0.3808939528108536,0.001774162394983576,0.3260519840655365
uwf,time,within_family_chronological,cat_full,cat_full,catboost,full,native_default,congested_link,62317,33554,0.5003129162186883,0.5002980270608571,30.48807081207633,0.0002913251519203186,1.0,0.9933837992489718,0.9872345432084241,0.9997021504735808,0.9934292310424436,0.9999226429693626,1.0126288199201763,0.3808939528108536,0.001774162394983576,0.3260519840655365
uwf,time,within_family_chronological,cat_full,cat_full,catboost,full,native_default,high_background,62317,33554,0.5003129162186883,0.5002980270608571,30.48807081207633,0.0002962164580821991,1.0,0.9896882636943435,0.9801413468839437,0.9996425805682969,0.9897959183673469,0.9999022232144499,1.019896348364806,0.3808939528108536,0.001774162394983576,0.3260519840655365
uwf,time,within_family_chronological,cat_full,cat_full,catboost,full,native_default,delayed_collector,62317,33554,0.5003129162186883,0.5002980270608571,30.48807081207633,0.0002524740993976593,1.0,0.9988674971687429,0.9977414561664191,1.0,0.9988694513864096,0.9998882358155651,1.0022636564007863,0.3808939528108536,0.001774162394983576,0.3260519840655365
uwf,time,within_family_chronological,cat_full__val_observed_f1,cat_full,catboost,full,val_observed_f1,observed,62317,33554,0.5003129162186883,0.5002980270608571,30.48807081207633,0.0003090687096118927,1.0,0.9988674971687429,0.9977414561664191,1.0,0.9988694513864096,0.9999496194285277,1.0022636564007863,0.3808939528108536,0.0004974475216153827,0.3260519840655365
uwf,time,within_family_chronological,cat_full__val_observed_f1,cat_full,catboost,full,val_observed_f1,low_sampling,62317,33554,0.5003129162186883,0.5002980270608571,30.48807081207633,0.00022895261645317078,1.0,0.9973773618644572,0.9977347242921013,0.9970215047358074,0.9973779870091175,0.9998919182994219,0.9992851611365938,0.3808939528108536,0.0004974475216153827,0.3260519840655365
uwf,time,within_family_chronological,cat_full__val_observed_f1,cat_full,catboost,full,val_observed_f1,congested_link,62317,33554,0.5003129162186883,0.5002980270608571,30.48807081207633,0.00023945048451423645,1.0,0.9966918996244859,0.9944259962049335,0.9989873116101745,0.9967014353213872,0.9999226429693626,1.0045868827068565,0.3808939528108536,0.0004974475216153827,0.3260519840655365
uwf,time,within_family_chronological,cat_full__val_observed_f1,cat_full,catboost,full,val_observed_f1,high_background,62317,33554,0.5003129162186883,0.5002980270608571,30.48807081207633,0.00020037591457366943,1.0,0.9971389402157715,0.9949587806179941,0.9993447310418776,0.9971469329529244,0.9999022232144499,1.004408172991005,0.3808939528108536,0.0004974475216153827,0.3260519840655365
uwf,time,within_family_chronological,cat_full__val_observed_f1,cat_full,catboost,full,val_observed_f1,delayed_collector,62317,33554,0.5003129162186883,0.5002980270608571,30.48807081207633,0.00022281333804130554,1.0,0.9988674971687429,0.9977414561664191,1.0,0.9988694513864096,0.9998882358155651,1.0022636564007863,0.3808939528108536,0.0004974475216153827,0.3260519840655365
uwf,time,within_family_chronological,cat_full__val_robust_minimax,cat_full,catboost,full,val_robust_minimax,observed,62317,33554,0.5003129162186883,0.5002980270608571,30.48807081207633,0.0002449899911880493,1.0,0.9988674971687429,0.9977414561664191,1.0,0.9988694513864096,0.9999496194285277,1.0022636564007863,0.3808939528108536,0.0012286664071913074,0.3260519840655365
uwf,time,within_family_chronological,cat_full__val_robust_minimax,cat_full,catboost,full,val_robust_minimax,low_sampling,62317,33554,0.5003129162186883,0.5002980270608571,30.48807081207633,0.00018797814846038818,1.0,0.9982714430470286,0.997738768223743,0.998808601894323,0.9982733984281972,0.9998919182994219,1.0010722582951093,0.3808939528108536,0.0012286664071913074,0.3260519840655365
uwf,time,within_family_chronological,cat_full__val_robust_minimax,cat_full,catboost,full,val_robust_minimax,congested_link,62317,33554,0.5003129162186883,0.5002980270608571,30.48807081207633,0.0001985207200050354,1.0,0.9944864993741431,0.989503479183866,0.999583010663013,0.9945177063268632,0.9999226429693626,1.0101864538035386,0.3808939528108536,0.0012286664071913074,0.3260519840655365
uwf,time,within_family_chronological,cat_full__val_robust_minimax,cat_full,catboost,full,val_robust_minimax,high_background,62317,33554,0.5003129162186883,0.5002980270608571,30.48807081207633,0.00018553808331489563,1.0,0.9921916910055433,0.9849738803780008,0.9996425805682969,0.9922540208136235,0.9999022232144499,1.0148924763209626,0.3808939528108536,0.0012286664071913074,0.3260519840655365
uwf,time,within_family_chronological,cat_full__val_robust_minimax,cat_full,catboost,full,val_robust_minimax,delayed_collector,62317,33554,0.5003129162186883,0.5002980270608571,30.48807081207633,0.00019014626741409302,1.0,0.9988674971687429,0.9977414561664191,1.0,0.9988694513864096,0.9998882358155651,1.0022636564007863,0.3808939528108536,0.0012286664071913074,0.3260519840655365
uwf,time,within_family_chronological,cat_full__oracle_env_upper_bound,cat_full,catboost,full,oracle_env_upper_bound,observed,62317,33554,0.5003129162186883,0.5002980270608571,30.48807081207633,0.00030755624175071716,1.0,0.9988674971687429,0.9977414561664191,1.0,0.9988694513864096,0.9999496194285277,1.0022636564007863,0.3808939528108536,0.00022077426859454664,0.3260519840655365
uwf,time,within_family_chronological,cat_full__oracle_env_upper_bound,cat_full,catboost,full,oracle_env_upper_bound,low_sampling,62317,33554,0.5003129162186883,0.5002980270608571,30.48807081207633,0.0002693161368370056,1.0,0.9984204565774573,0.9977394408090422,0.9991064514207423,0.9984224781974581,0.9998919182994219,1.0013701078215285,0.3808939528108536,0.00022077426859454664,0.3260519840655365
uwf,time,within_family_chronological,cat_full__oracle_env_upper_bound,cat_full,catboost,full,oracle_env_upper_bound,congested_link,62317,33554,0.5003129162186883,0.5002980270608571,30.48807081207633,0.00027143582701683044,1.0,0.9976455862192287,0.9970252260828177,0.9982724727467683,0.9976484595922013,0.9999226429693626,1.001250968010961,0.3808939528108536,0.00022077426859454664,0.3260519840655365
uwf,time,within_family_chronological,cat_full__oracle_env_upper_bound,cat_full,catboost,full,oracle_env_upper_bound,high_background,62317,33554,0.5003129162186883,0.5002980270608571,30.48807081207633,0.00023994967341423035,1.0,0.9978840078679144,0.9968493639281892,0.9989277417048907,0.9978874706179892,0.9999022232144499,1.0020849466849349,0.3808939528108536,0.00022077426859454664,0.3260519840655365
uwf,time,within_family_chronological,cat_full__oracle_env_upper_bound,cat_full,catboost,full,oracle_env_upper_bound,delayed_collector,62317,33554,0.5003129162186883,0.5002980270608571,30.48807081207633,0.00028297677636146545,1.0,0.9988674971687429,0.9977414561664191,1.0,0.9988694513864096,0.9998882358155651,1.0022636564007863,0.3808939528108536,0.00022077426859454664,0.3260519840655365
uwf,time,within_family_chronological,iforest_env_sensitive,iforest_env_sensitive,sklearn_anomaly,env_sensitive,native_default,observed,62317,33554,0.5003129162186883,0.5002980270608571,8.695019766688347,0.0003051832318305969,1.0,0.7810693210943553,0.6956035304355033,1.0,0.8204789833822091,0.97569551239585,1.4376005242151666,0.7704955437632723,0.10184941735746733,0.4547546197766176
uwf,time,within_family_chronological,iforest_env_sensitive,iforest_env_sensitive,sklearn_anomaly,env_sensitive,native_default,low_sampling,62317,33554,0.5003129162186883,0.5002980270608571,8.695019766688347,0.00027514249086380005,1.0,0.5006556595338857,0.5004770138930297,1.0,0.6670905442190387,0.9789915823677188,1.9980937630309168,0.7704955437632723,0.10184941735746733,0.4547546197766176
uwf,time,within_family_chronological,iforest_env_sensitive,iforest_env_sensitive,sklearn_anomaly,env_sensitive,native_default,congested_link,62317,33554,0.5003129162186883,0.5002980270608571,8.695019766688347,0.00025156140327453613,1.0,0.5939679322882517,0.5520042090033211,1.0,0.7113437010042798,0.9669724950857492,1.8115803895871805,0.7704955437632723,0.10184941735746733,0.4547546197766176
uwf,time,within_family_chronological,iforest_env_sensitive,iforest_env_sensitive,sklearn_anomaly,env_sensitive,native_default,high_background,62317,33554,0.5003129162186883,0.5002980270608571,8.695019766688347,0.0002673119306564331,1.0,0.5002980270608571,0.5002980270608571,1.0,0.6669315269859558,0.9528162348644362,1.998808601894323,0.7704955437632723,0.10184941735746733,0.4547546197766176
uwf,time,within_family_chronological,iforest_env_sensitive,iforest_env_sensitive,sklearn_anomaly,env_sensitive,native_default,delayed_collector,62317,33554,0.5003129162186883,0.5002980270608571,8.695019766688347,0.00023915618658065796,1.0,0.7813673481552125,0.6958918874103552,1.0,0.8206795404546565,0.9748690852119268,1.437004825162328,0.7704955437632723,0.10184941735746733,0.4547546197766176
uwf,time,within_family_chronological,iforest_env_sensitive__val_observed_f1,iforest_env_sensitive,sklearn_anomaly,env_sensitive,val_observed_f1,observed,62317,33554,0.5003129162186883,0.5002980270608571,8.695019766688347,0.00040056928992271423,1.0,0.9063897001847768,0.8742731760833791,0.9494251504140109,0.9103007110831882,0.97569551239585,1.0859593733245965,0.7704955437632723,0.04093531287821355,0.4547546197766176
uwf,time,within_family_chronological,iforest_env_sensitive__val_observed_f1,iforest_env_sensitive,sklearn_anomaly,env_sensitive,val_observed_f1,low_sampling,62317,33554,0.5003129162186883,0.5002980270608571,8.695019766688347,0.00033294036984443665,1.0,0.9543124515706026,0.9984315775715593,0.9101090129266695,0.9522266197139206,0.9789915823677188,0.9115386906534818,0.7704955437632723,0.04093531287821355,0.4547546197766176
uwf,time,within_family_chronological,iforest_env_sensitive__val_observed_f1,iforest_env_sensitive,sklearn_anomaly,env_sensitive,val_observed_f1,congested_link,62317,33554,0.5003129162186883,0.5002980270608571,8.695019766688347,0.0002966932952404022,1.0,0.8355188651129523,0.7757169423509837,0.9442425686543159,0.851723489428011,0.9669724950857492,1.2172514445702032,0.7704955437632723,0.04093531287821355,0.4547546197766176
uwf,time,within_family_chronological,iforest_env_sensitive__val_observed_f1,iforest_env_sensitive,sklearn_anomaly,env_sensitive,val_observed_f1,high_background,62317,33554,0.5003129162186883,0.5002980270608571,8.695019766688347,0.00028678402304649353,1.0,0.7734100256303272,0.7017220172201722,0.9515696670042295,0.807767186670375,0.9528162348644362,1.356049323881575,0.7704955437632723,0.04093531287821355,0.4547546197766176
uwf,time,within_family_chronological,iforest_env_sensitive__val_observed_f1,iforest_env_sensitive,sklearn_anomaly,env_sensitive,val_observed_f1,delayed_collector,62317,33554,0.5003129162186883,0.5002980270608571,8.695019766688347,0.00030359625816345215,1.0,0.9012934374441199,0.8749513050253214,0.9365580508726992,0.9047071009322132,0.9748690852119268,1.0704116280455114,0.7704955437632723,0.04093531287821355,0.4547546197766176
uwf,time,within_family_chronological,iforest_env_sensitive__val_robust_minimax,iforest_env_sensitive,sklearn_anomaly,env_sensitive,val_robust_minimax,observed,62317,33554,0.5003129162186883,0.5002980270608571,8.695019766688347,0.0002185441553592682,1.0,0.7871490731358407,0.7015337038739604,1.0,0.8245898418312212,0.97569551239585,1.425448263537261,0.7704955437632723,0.06243983040426507,0.4547546197766176
uwf,time,within_family_chronological,iforest_env_sensitive__val_robust_minimax,iforest_env_sensitive,sklearn_anomaly,env_sensitive,val_robust_minimax,low_sampling,62317,33554,0.5003129162186883,0.5002980270608571,8.695019766688347,0.00019210577011108398,1.0,0.9243309292483758,0.9250596658711218,0.9235718115208197,0.9243151399529019,0.9789915823677188,0.998391612557336,0.7704955437632723,0.06243983040426507,0.4547546197766176
uwf,time,within_family_chronological,iforest_env_sensitive__val_robust_minimax,iforest_env_sensitive,sklearn_anomaly,env_sensitive,val_robust_minimax,congested_link,62317,33554,0.5003129162186883,0.5002980270608571,8.695019766688347,0.00022019445896148682,1.0,0.7405674435238719,0.6594334411741498,0.995651396914279,0.7933923527876011,0.9669724950857492,1.5098588193244773,0.7704955437632723,0.06243983040426507,0.4547546197766176
uwf,time,within_family_chronological,iforest_env_sensitive__val_robust_minimax,iforest_env_sensitive,sklearn_anomaly,env_sensitive,val_robust_minimax,high_background,62317,33554,0.5003129162186883,0.5002980270608571,8.695019766688347,0.00020870566368103027,1.0,0.6391190320081064,0.5827320316921336,0.9814141895514387,0.7312634545817706,0.9528162348644362,1.684160362185024,0.7704955437632723,0.06243983040426507,0.4547546197766176
uwf,time,within_family_chronological,iforest_env_sensitive__val_robust_minimax,iforest_env_sensitive,sklearn_anomaly,env_sensitive,val_robust_minimax,delayed_collector,62317,33554,0.5003129162186883,0.5002980270608571,8.695019766688347,0.00019204244017601013,1.0,0.7879835489062407,0.7023555499769885,1.0,0.825157294534015,0.9748690852119268,1.423780306189313,0.7704955437632723,0.06243983040426507,0.4547546197766176
uwf,time,within_family_chronological,iforest_env_sensitive__oracle_env_upper_bound,iforest_env_sensitive,sklearn_anomaly,env_sensitive,oracle_env_upper_bound,observed,62317,33554,0.5003129162186883,0.5002980270608571,8.695019766688347,0.0003824681043624878,1.0,0.9521666567324313,0.9830724194985363,0.920235896824924,0.9506169040952586,0.97569551239585,0.9360814916304283,0.7704955437632723,0.0028201750638152476,0.4547546197766176
uwf,time,within_family_chronological,iforest_env_sensitive__oracle_env_upper_bound,iforest_env_sensitive,sklearn_anomaly,env_sensitive,oracle_env_upper_bound,low_sampling,62317,33554,0.5003129162186883,0.5002980270608571,8.695019766688347,0.00027360767126083374,1.0,0.9544614651010311,0.9987579263907956,0.9101090129266695,0.9523750155840918,0.9789915823677188,0.9112408411270626,0.7704955437632723,0.0028201750638152476,0.4547546197766176
uwf,time,within_family_chronological,iforest_env_sensitive__oracle_env_upper_bound,iforest_env_sensitive,sklearn_anomaly,env_sensitive,oracle_env_upper_bound,congested_link,62317,33554,0.5003129162186883,0.5002980270608571,8.695019766688347,0.0003486610949039459,1.0,0.9495440185968886,0.9882261612110235,0.9099898731161018,0.9474957357729881,0.9669724950857492,0.9208315958777625,0.7704955437632723,0.0028201750638152476,0.4547546197766176
uwf,time,within_family_chronological,iforest_env_sensitive__oracle_env_upper_bound,iforest_env_sensitive,sklearn_anomaly,env_sensitive,oracle_env_upper_bound,high_background,62317,33554,0.5003129162186883,0.5002980270608571,8.695019766688347,0.00033860281109809875,1.0,0.9460272992787745,0.9868660598179454,0.9041520223982844,0.9437000652842976,0.9528162348644362,0.9161851432656222,0.7704955437632723,0.0028201750638152476,0.4547546197766176
uwf,time,within_family_chronological,iforest_env_sensitive__oracle_env_upper_bound,iforest_env_sensitive,sklearn_anomaly,env_sensitive,oracle_env_upper_bound,delayed_collector,62317,33554,0.5003129162186883,0.5002980270608571,8.695019766688347,0.0003385283052921295,1.0,0.9530607379150027,0.9847055824624013,0.9204741764460594,0.9515071276825026,0.9748690852119268,0.9347709537141836,0.7704955437632723,0.0028201750638152476,0.4547546197766176
uwf,time,within_family_chronological,pyod_ecod_env_sensitive,pyod_ecod_env_sensitive,pyod_ecod,env_sensitive,native_default,observed,62317,33554,0.5003129162186883,0.5002980270608571,5.818439465016127,0.00035225600004196167,1.0,0.7193479167908446,0.8805245766212308,0.5079525823553941,0.6442522005213253,0.9124602602169928,0.5768749627688092,0.5987557859060798,0.0029718391521691722,0.13905219248494055
uwf,time,within_family_chronological,pyod_ecod_env_sensitive,pyod_ecod_env_sensitive,pyod_ecod,env_sensitive,native_default,low_sampling,62317,33554,0.5003129162186883,0.5002980270608571,5.818439465016127,0.0002766065299510956,1.0,0.7527865530190141,0.9489321209558046,0.5346398999225591,0.6839397980567727,0.9142163271642154,0.563412164174659,0.5987557859060798,0.0029718391521691722,0.13905219248494055
uwf,time,within_family_chronological,pyod_ecod_env_sensitive,pyod_ecod_env_sensitive,pyod_ecod,env_sensitive,native_default,congested_link,62317,33554,0.5003129162186883,0.5002980270608571,5.818439465016127,0.00030309706926345825,1.0,0.716188829945759,0.9312514842080266,0.46720676714124026,0.6222380895711849,0.8757496727980751,0.5016977423005897,0.5987557859060798,0.0029718391521691722,0.13905219248494055
uwf,time,within_family_chronological,pyod_ecod_env_sensitive,pyod_ecod_env_sensitive,pyod_ecod,env_sensitive,native_default,high_background,62317,33554,0.5003129162186883,0.5002980270608571,5.818439465016127,0.00024589523673057556,1.0,0.7393753352804434,0.9190287619841601,0.5253469946982784,0.6685365576318084,0.9130595298402857,0.5716328111038304,0.5987557859060798,0.0029718391521691722,0.13905219248494055
uwf,time,within_family_chronological,pyod_ecod_env_sensitive,pyod_ecod_env_sensitive,pyod_ecod,env_sensitive,native_default,delayed_collector,62317,33554,0.5003129162186883,0.5002980270608571,5.818439465016127,0.00026762858033180237,1.0,0.7127913214519879,0.865093954248366,0.5046166676594984,0.6374205199593664,0.9104179827371908,0.583308512539465,0.5987557859060798,0.0029718391521691722,0.13905219248494055
uwf,time,within_family_chronological,pyod_ecod_env_sensitive__val_observed_f1,pyod_ecod_env_sensitive,pyod_ecod,env_sensitive,val_observed_f1,observed,62317,33554,0.5003129162186883,0.5002980270608571,5.818439465016127,0.00021961331367492676,1.0,0.8621326816474936,0.7892033293697979,0.988443438374933,0.8776578863852745,0.9124602602169928,1.2524572585929588,0.5987557859060798,0.056379432990265446,0.13905219248494055
uwf,time,within_family_chronological,pyod_ecod_env_sensitive__val_observed_f1,pyod_ecod_env_sensitive,pyod_ecod,env_sensitive,val_observed_f1,low_sampling,62317,33554,0.5003129162186883,0.5002980270608571,5.818439465016127,0.00023275241255760193,1.0,0.8068784645645825,0.8659896314182232,0.7263954250312742,0.7900738629000907,0.9142163271642154,0.8388038363019003,0.5987557859060798,0.056379432990265446,0.13905219248494055
uwf,time,within_family_chronological,pyod_ecod_env_sensitive__val_observed_f1,pyod_ecod_env_sensitive,pyod_ecod,env_sensitive,val_observed_f1,congested_link,62317,33554,0.5003129162186883,0.5002980270608571,5.818439465016127,0.0001929737627506256,1.0,0.7873874947845264,0.7076003268957805,0.9799845118246262,0.8218103706664003,0.8757496727980751,1.3849407279442425,0.5987557859060798,0.056379432990265446,0.13905219248494055
uwf,time,within_family_chronological,pyod_ecod_env_sensitive__val_observed_f1,pyod_ecod_env_sensitive,pyod_ecod,env_sensitive,val_observed_f1,high_background,62317,33554,0.5003129162186883,0.5002980270608571,5.818439465016127,0.0002505108714103699,1.0,0.7875663110210407,0.7050830183871927,0.9890987073330554,0.8232844109480365,0.9130595298402857,1.4028116995293978,0.5987557859060798,0.056379432990265446,0.13905219248494055
uwf,time,within_family_chronological,pyod_ecod_env_sensitive__val_observed_f1,pyod_ecod_env_sensitive,pyod_ecod,env_sensitive,val_observed_f1,delayed_collector,62317,33554,0.5003129162186883,0.5002980270608571,5.818439465016127,0.00020134449005126953,1.0,0.8656494009656077,0.7947007152114434,0.9862393518794305,0.8801701222753854,0.9104179827371908,1.2410198367784595,0.5987557859060798,0.056379432990265446,0.13905219248494055
uwf,time,within_family_chronological,pyod_ecod_env_sensitive__val_robust_minimax,pyod_ecod_env_sensitive,pyod_ecod,env_sensitive,val_robust_minimax,observed,62317,33554,0.5003129162186883,0.5002980270608571,5.818439465016127,0.0003096051514148712,1.0,0.7824104428682125,0.6969030222517436,1.0,0.821382262996942,0.9124602602169928,1.4349198784773933,0.5987557859060798,0.03874527253264933,0.13905219248494055
uwf,time,within_family_chronological,pyod_ecod_env_sensitive__val_robust_minimax,pyod_ecod_env_sensitive,pyod_ecod,env_sensitive,val_robust_minimax,low_sampling,62317,33554,0.5003129162186883,0.5002980270608571,5.818439465016127,0.00028381869196891785,1.0,0.7561840615127854,0.6797109923154026,0.9695002084946684,0.7991456139058702,0.9142163271642154,1.4263418121165188,0.5987557859060798,0.03874527253264933,0.13905219248494055
uwf,time,within_family_chronological,pyod_ecod_env_sensitive__val_robust_minimax,pyod_ecod_env_sensitive,pyod_ecod,env_sensitive,val_robust_minimax,congested_link,62317,33554,0.5003129162186883,0.5002980270608571,5.818439465016127,0.00027724355459213257,1.0,0.6106574476962509,0.5623764366853199,0.9997617203788646,0.7198370147973407,0.8757496727980751,1.7777446833859534,0.5987557859060798,0.03874527253264933,0.13905219248494055
uwf,time,within_family_chronological,pyod_ecod_env_sensitive__val_robust_minimax,pyod_ecod_env_sensitive,pyod_ecod,env_sensitive,val_robust_minimax,high_background,62317,33554,0.5003129162186883,0.5002980270608571,5.818439465016127,0.00027552247047424316,1.0,0.5940871431125946,0.5520802499588884,0.9999404300947161,0.7113917613154772,0.9130595298402857,1.8112229701554774,0.5987557859060798,0.03874527253264933,0.13905219248494055
uwf,time,within_family_chronological,pyod_ecod_env_sensitive__val_robust_minimax,pyod_ecod_env_sensitive,pyod_ecod,env_sensitive,val_robust_minimax,delayed_collector,62317,33554,0.5003129162186883,0.5002980270608571,5.818439465016127,0.00028622522950172424,1.0,0.7912320438695833,0.7055733019502354,1.0,0.8273737647551689,0.9104179827371908,1.4172871865133734,0.5987557859060798,0.03874527253264933,0.13905219248494055
uwf,time,within_family_chronological,pyod_ecod_env_sensitive__oracle_env_upper_bound,pyod_ecod_env_sensitive,pyod_ecod,env_sensitive,oracle_env_upper_bound,observed,62317,33554,0.5003129162186883,0.5002980270608571,5.818439465016127,0.0003381893038749695,1.0,0.8697323716993502,0.8103379324135173,0.9656281646512183,0.8811937702155418,0.9124602602169928,1.1916363852981473,0.5987557859060798,0.00801975264613861,0.13905219248494055
uwf,time,within_family_chronological,pyod_ecod_env_sensitive__oracle_env_upper_bound,pyod_ecod_env_sensitive,pyod_ecod,env_sensitive,oracle_env_upper_bound,low_sampling,62317,33554,0.5003129162186883,0.5002980270608571,5.818439465016127,0.00029074400663375854,1.0,0.8126899922512965,0.7575029423303257,0.9201763269196402,0.830952957314613,0.9142163271642154,1.2147495085482813,0.5987557859060798,0.00801975264613861,0.13905219248494055
uwf,time,within_family_chronological,pyod_ecod_env_sensitive__oracle_env_upper_bound,pyod_ecod_env_sensitive,pyod_ecod,env_sensitive,oracle_env_upper_bound,congested_link,62317,33554,0.5003129162186883,0.5002980270608571,5.818439465016127,0.00027291104197502136,1.0,0.7985039041544972,0.73234149054505,0.9412640733901233,0.8237624794724083,0.8757496727980751,1.2852802764043605,0.5987557859060798,0.00801975264613861,0.13905219248494055
uwf,time,within_family_chronological,pyod_ecod_env_sensitive__oracle_env_upper_bound,pyod_ecod_env_sensitive,pyod_ecod,env_sensitive,oracle_env_upper_bound,high_background,62317,33554,0.5003129162186883,0.5002980270608571,5.818439465016127,0.00027973949909210205,1.0,0.8278893723550098,0.7579164324526888,0.9638410674927027,0.8485643110003933,0.9130595298402857,1.2716983379996425,0.5987557859060798,0.00801975264613861,0.13905219248494055
uwf,time,within_family_chronological,pyod_ecod_env_sensitive__oracle_env_upper_bound,pyod_ecod_env_sensitive,pyod_ecod,env_sensitive,oracle_env_upper_bound,delayed_collector,62317,33554,0.5003129162186883,0.5002980270608571,5.818439465016127,0.00037325918674468994,1.0,0.8692853311080646,0.8050676506765068,0.9747423601596473,0.881817201983186,0.9104179827371908,1.2107583248942635,0.5987557859060798,0.00801975264613861,0.13905219248494055
uwf,time,within_family_chronological,pyod_copod_env_sensitive,pyod_copod_env_sensitive,pyod_copod,env_sensitive,native_default,observed,62317,33554,0.5003129162186883,0.5002980270608571,6.030065290629864,0.0003305859863758087,1.0,0.7846754485307266,0.96689453125,0.5898016322154048,0.7326747326747327,0.9668002923348602,0.6099958301066302,0.6079692280377719,0.00952936828082353,0.13962780855194457
uwf,time,within_family_chronological,pyod_copod_env_sensitive,pyod_copod_env_sensitive,pyod_copod,env_sensitive,native_default,low_sampling,62317,33554,0.5003129162186883,0.5002980270608571,6.030065290629864,0.00027173757553100586,1.0,0.829319902247124,0.9977497749774977,0.6603324000714839,0.794709108506291,0.9615809781095643,0.6618216477035801,0.6079692280377719,0.00952936828082353,0.13962780855194457
uwf,time,within_family_chronological,pyod_copod_env_sensitive,pyod_copod_env_sensitive,pyod_copod,env_sensitive,native_default,congested_link,62317,33554,0.5003129162186883,0.5002980270608571,6.030065290629864,0.00030534714460372925,1.0,0.7317160398164153,0.9668945663907881,0.4801930064931197,0.6416971819773921,0.9512761199263878,0.49663430035146244,0.6079692280377719,0.00952936828082353,0.13962780855194457
uwf,time,within_family_chronological,pyod_copod_env_sensitive,pyod_copod_env_sensitive,pyod_copod,env_sensitive,native_default,high_background,62317,33554,0.5003129162186883,0.5002980270608571,6.030065290629864,0.0002613067626953125,1.0,0.8387077546641235,0.9653874478356926,0.7028057425388694,0.813430777716492,0.9473317373913717,0.7280038124739382,0.6079692280377719,0.00952936828082353,0.13962780855194457
uwf,time,within_family_chronological,pyod_copod_env_sensitive,pyod_copod_env_sensitive,pyod_copod,env_sensitive,native_default,delayed_collector,62317,33554,0.5003129162186883,0.5002980270608571,6.030065290629864,0.000255584716796875,1.0,0.7740656851642129,0.9359727221064595,0.5886698040150116,0.7227646736149205,0.9444120517318885,0.6289390599868946,0.6079692280377719,0.00952936828082353,0.13962780855194457
uwf,time,within_family_chronological,pyod_copod_env_sensitive__val_observed_f1,pyod_copod_env_sensitive,pyod_copod,env_sensitive,val_observed_f1,observed,62317,33554,0.5003129162186883,0.5002980270608571,6.030065290629864,0.000294610857963562,1.0,0.8545627943017226,0.7771003025366535,0.9945791386191696,0.8724916387959866,0.9668002923348602,1.27985941502353,0.6079692280377719,0.04331922313986825,0.13962780855194457
uwf,time,within_family_chronological,pyod_copod_env_sensitive__val_observed_f1,pyod_copod_env_sensitive,pyod_copod,env_sensitive,val_observed_f1,low_sampling,62317,33554,0.5003129162186883,0.5002980270608571,6.030065290629864,0.00022244825959205627,1.0,0.9430470286702033,0.964294631710362,0.920235896824924,0.9417502362300728,0.9615809781095643,0.9543098826472866,0.6079692280377719,0.04331922313986825,0.13962780855194457
uwf,time,within_family_chronological,pyod_copod_env_sensitive__val_observed_f1,pyod_copod_env_sensitive,pyod_copod,env_sensitive,val_observed_f1,congested_link,62317,33554,0.5003129162186883,0.5002980270608571,6.030065290629864,0.0002787001430988312,1.0,0.7936162603564404,0.7178388407845909,0.9679513909572883,0.8243411206656013,0.9512761199263878,1.3484243760052421,0.6079692280377719,0.04331922313986825,0.13962780855194457
uwf,time,within_family_chronological,pyod_copod_env_sensitive__val_observed_f1,pyod_copod_env_sensitive,pyod_copod,env_sensitive,val_observed_f1,high_background,62317,33554,0.5003129162186883,0.5002980270608571,6.030065290629864,0.00022359192371368408,1.0,0.7227156225785302,0.6500020045704206,0.9658068743670698,0.7770428947999042,0.9473317373913717,1.4858521474950854,0.6079692280377719,0.04331922313986825,0.13962780855194457
uwf,time,within_family_chronological,pyod_copod_env_sensitive__val_observed_f1,pyod_copod_env_sensitive,pyod_copod,env_sensitive,val_observed_f1,delayed_collector,62317,33554,0.5003129162186883,0.5002980270608571,6.030065290629864,0.00023115798830986023,1.0,0.8147463789712106,0.7438298657563316,0.960505152796807,0.8383943427620633,0.9444120517318885,1.2912968368380295,0.6079692280377719,0.04331922313986825,0.13962780855194457
uwf,time,within_family_chronological,pyod_copod_env_sensitive__val_robust_minimax,pyod_copod_env_sensitive,pyod_copod,env_sensitive,val_robust_minimax,observed,62317,33554,0.5003129162186883,0.5002980270608571,6.030065290629864,0.00021367147564888,1.0,0.8228825177326101,0.9584813123625909,0.6752248763924465,0.7922972075629958,0.9668002923348602,0.7044736998868172,0.6079692280377719,0.009588486181088901,0.13962780855194457
uwf,time,within_family_chronological,pyod_copod_env_sensitive__val_robust_minimax,pyod_copod_env_sensitive,pyod_copod,env_sensitive,val_robust_minimax,low_sampling,62317,33554,0.5003129162186883,0.5002980270608571,6.030065290629864,0.0002006739377975464,1.0,0.7512964177147285,0.998229461756374,0.5037826889855245,0.6696227087374798,0.9615809781095643,0.5046762375647823,0.6079692280377719,0.009588486181088901,0.13962780855194457
uwf,time,within_family_chronological,pyod_copod_env_sensitive__val_robust_minimax,pyod_copod_env_sensitive,pyod_copod,env_sensitive,val_robust_minimax,congested_link,62317,33554,0.5003129162186883,0.5002980270608571,6.030065290629864,0.00019207224249839783,1.0,0.7435179114263575,0.959968514562015,0.5085482814082326,0.6648753894080996,0.9512761199263878,0.5297551676892833,0.6079692280377719,0.009588486181088901,0.13962780855194457
uwf,time,within_family_chronological,pyod_copod_env_sensitive__val_robust_minimax,pyod_copod_env_sensitive,pyod_copod,env_sensitive,val_robust_minimax,high_background,62317,33554,0.5003129162186883,0.5002980270608571,6.030065290629864,0.00020018965005874634,1.0,0.8267866722298385,0.9673792692274934,0.6765949842139751,0.7962703309029725,0.9473317373913717,0.6994102579376898,0.6079692280377719,0.009588486181088901,0.13962780855194457
uwf,time,within_family_chronological,pyod_copod_env_sensitive__val_robust_minimax,pyod_copod_env_sensitive,pyod_copod,env_sensitive,val_robust_minimax,delayed_collector,62317,33554,0.5003129162186883,0.5002980270608571,6.030065290629864,0.0002336353063583374,1.0,0.7715324551469274,0.9382146632074565,0.5816405551915173,0.7180995807898801,0.9444120517318885,0.6199440042890332,0.6079692280377719,0.009588486181088901,0.13962780855194457
uwf,time,within_family_chronological,pyod_copod_env_sensitive__oracle_env_upper_bound,pyod_copod_env_sensitive,pyod_copod,env_sensitive,oracle_env_upper_bound,observed,62317,33554,0.5003129162186883,0.5002980270608571,6.030065290629864,0.0003177747130393982,1.0,0.9202181558085474,0.9265417170495768,0.9129087984750104,0.919674738200258,0.9668002923348602,0.9852862333948889,0.6079692280377719,0.007442756346803475,0.13962780855194457
uwf,time,within_family_chronological,pyod_copod_env_sensitive__oracle_env_upper_bound,pyod_copod_env_sensitive,pyod_copod,env_sensitive,oracle_env_upper_bound,low_sampling,62317,33554,0.5003129162186883,0.5002980270608571,6.030065290629864,0.00024069473147392273,1.0,0.9503486916612028,0.9903365977041313,0.9096324536843986,0.9482705086008818,0.9615809781095643,0.9185083695716924,0.6079692280377719,0.007442756346803475,0.13962780855194457
uwf,time,within_family_chronological,pyod_copod_env_sensitive__oracle_env_upper_bound,pyod_copod_env_sensitive,pyod_copod,env_sensitive,oracle_env_upper_bound,congested_link,62317,33554,0.5003129162186883,0.5002980270608571,6.030065290629864,0.00025591999292373657,1.0,0.9130655063479763,0.9072703782006107,0.9202954667302079,0.9137365074671004,0.9512761199263878,1.014356347173408,0.6079692280377719,0.007442756346803475,0.13962780855194457
uwf,time,within_family_chronological,pyod_copod_env_sensitive__oracle_env_upper_bound,pyod_copod_env_sensitive,pyod_copod,env_sensitive,oracle_env_upper_bound,high_background,62317,33554,0.5003129162186883,0.5002980270608571,6.030065290629864,0.0002331770956516266,1.0,0.913303927996662,0.9265953522685356,0.8978376124381963,0.911989834508214,0.9473317373913717,0.9689640793471138,0.6079692280377719,0.007442756346803475,0.13962780855194457
uwf,time,within_family_chronological,pyod_copod_env_sensitive__oracle_env_upper_bound,pyod_copod_env_sensitive,pyod_copod,env_sensitive,oracle_env_upper_bound,delayed_collector,62317,33554,0.5003129162186883,0.5002980270608571,6.030065290629864,0.00023458898067474365,1.0,0.9006377779102342,0.8964460423174397,0.9060582593673676,0.9012265213011791,0.9444120517318885,1.010722582951093,0.6079692280377719,0.007442756346803475,0.13962780855194457
uwf,source_ip,within_family_source_ip,lr_full,lr_full,sklearn_linear,full,native_default,observed,57489,38382,0.47631720850945397,0.5362409462769007,34.996004689484835,0.00042848289012908936,1.0,0.9971340732635089,0.9981991628540835,0.9964532115440676,0.9973254230694417,0.9997175261682786,0.9982508988436498,0.6024405414433334,0.05413695465322682,0.17132651501361185
uwf,source_ip,within_family_source_ip,lr_full,lr_full,sklearn_linear,full,native_default,low_sampling,57489,38382,0.47631720850945397,0.5362409462769007,34.996004689484835,0.0004179812967777252,1.0,0.9592517325829816,0.9989505719382936,0.9249829948498688,0.9605449041372351,0.9996565860427842,0.9259547177145078,0.6024405414433334,0.05413695465322682,0.17132651501361185
uwf,source_ip,within_family_source_ip,lr_full,lr_full,sklearn_linear,full,native_default,congested_link,57489,38382,0.47631720850945397,0.5362409462769007,34.996004689484835,0.0003395006060600281,1.0,0.8514928872909177,0.9931733828207847,0.7280633563307745,0.840201850294365,0.8588001993123695,0.7330677290836654,0.6024405414433334,0.05413695465322682,0.17132651501361185
uwf,source_ip,within_family_source_ip,lr_full,lr_full,sklearn_linear,full,native_default,high_background,57489,38382,0.47631720850945397,0.5362409462769007,34.996004689484835,0.00039190053939819336,1.0,0.9632900838934917,0.975686002084057,0.9553493343698377,0.9654105805818093,0.9973924021644308,0.9791565445534933,0.6024405414433334,0.05413695465322682,0.17132651501361185
uwf,source_ip,within_family_source_ip,lr_full,lr_full,sklearn_linear,full,native_default,delayed_collector,57489,38382,0.47631720850945397,0.5362409462769007,34.996004689484835,0.0003467388451099396,1.0,0.9921056745349383,0.9981820861789417,0.9870760859003013,0.9925980212532063,0.9996997731190884,0.9888737731998833,0.6024405414433334,0.05413695465322682,0.17132651501361185
uwf,source_ip,within_family_source_ip,lr_full__val_observed_f1,lr_full,sklearn_linear,full,val_observed_f1,observed,57489,38382,0.47631720850945397,0.5362409462769007,34.996004689484835,0.00035186856985092163,1.0,0.9986973060288677,0.9979144436899796,0.9996598969973763,0.9987864077669902,0.9997175261682786,1.0017491011563502,0.6024405414433334,0.052854845494548795,0.17132651501361185
uwf,source_ip,within_family_source_ip,lr_full__val_observed_f1,lr_full,sklearn_linear,full,val_observed_f1,low_sampling,57489,38382,0.47631720850945397,0.5362409462769007,34.996004689484835,0.0002495311200618744,1.0,0.9663123339065187,0.9989652853225723,0.9381498396657273,0.9676029164891884,0.9996565860427842,0.9391215625303664,0.6024405414433334,0.052854845494548795,0.17132651501361185
uwf,source_ip,within_family_source_ip,lr_full__val_observed_f1,lr_full,sklearn_linear,full,val_observed_f1,congested_link,57489,38382,0.47631720850945397,0.5362409462769007,34.996004689484835,0.000264536589384079,1.0,0.8656140899379917,0.9906476650973406,0.7565348362646973,0.8579063360881543,0.8588001993123695,0.763676999319794,0.6024405414433334,0.052854845494548795,0.17132651501361185
uwf,source_ip,within_family_source_ip,lr_full__val_observed_f1,lr_full,sklearn_linear,full,val_observed_f1,high_background,57489,38382,0.47631720850945397,0.5362409462769007,34.996004689484835,0.00028042495250701904,1.0,0.9658694179563337,0.9670414889492052,0.9693907297638713,0.9682146843305672,0.9973924021644308,1.0024293071615975,0.6024405414433334,0.052854845494548795,0.17132651501361185
uwf,source_ip,within_family_source_ip,lr_full__val_observed_f1,lr_full,sklearn_linear,full,val_observed_f1,delayed_collector,57489,38382,0.47631720850945397,0.5362409462769007,34.996004689484835,0.00025805458426475525,1.0,0.9984628211140639,0.9974790323362583,0.9996598969973763,0.9985682739207454,0.9996997731190884,1.0021863764454377,0.6024405414433334,0.052854845494548795,0.17132651501361185
uwf,source_ip,within_family_source_ip,lr_full__val_robust_minimax,lr_full,sklearn_linear,full,val_robust_minimax,observed,57489,38382,0.47631720850945397,0.5362409462769007,34.996004689484835,0.00028117746114730835,1.0,0.9788181960293888,0.9623029792806698,0.9996598969973763,0.9806257893858875,0.9997175261682786,1.0388203284423283,0.6024405414433334,0.045283045236610454,0.17132651501361185
uwf,source_ip,within_family_source_ip,lr_full__val_robust_minimax,lr_full,sklearn_linear,full,val_robust_minimax,low_sampling,57489,38382,0.47631720850945397,0.5362409462769007,34.996004689484835,0.0002277269959449768,1.0,0.9827523318222083,0.9985983179815779,0.9691963851909435,0.9836776961388629,0.9996565860427842,0.9705567972014382,0.6024405414433334,0.045283045236610454,0.17132651501361185
uwf,source_ip,within_family_source_ip,lr_full__val_robust_minimax,lr_full,sklearn_linear,full,val_robust_minimax,congested_link,57489,38382,0.47631720850945397,0.5362409462769007,34.996004689484835,0.0002636462450027466,1.0,0.8752279714449481,0.9859085594732632,0.7784471868623069,0.8699807238074553,0.8588001993123695,0.7895734136624235,0.6024405414433334,0.045283045236610454,0.17132651501361185
uwf,source_ip,within_family_source_ip,lr_full__val_robust_minimax,lr_full,sklearn_linear,full,val_robust_minimax,high_background,57489,38382,0.47631720850945397,0.5362409462769007,34.996004689484835,0.0011129975318908691,1.0,0.9701943619404929,0.9592666099612513,0.9862987076085901,0.9725948639325412,0.9973924021644308,1.0281799630745312,0.6024405414433334,0.045283045236610454,0.17132651501361185
uwf,source_ip,within_family_source_ip,lr_full__val_robust_minimax,lr_full,sklearn_linear,full,val_robust_minimax,delayed_collector,57489,38382,0.47631720850945397,0.5362409462769007,34.996004689484835,0.00027364492416381836,1.0,0.9788181960293888,0.9623029792806698,0.9996598969973763,0.9806257893858875,0.9996997731190884,1.0388203284423283,0.6024405414433334,0.045283045236610454,0.17132651501361185
uwf,source_ip,within_family_source_ip,lr_full__oracle_env_upper_bound,lr_full,sklearn_linear,full,oracle_env_upper_bound,observed,57489,38382,0.47631720850945397,0.5362409462769007,34.996004689484835,0.00034084171056747437,1.0,0.9987754676671357,0.9981563242928533,0.9995627247109125,0.9988590294467506,0.9997175261682786,1.0014089981537266,0.6024405414433334,0.04595409974836181,0.17132651501361185
uwf,source_ip,within_family_source_ip,lr_full__oracle_env_upper_bound,lr_full,sklearn_linear,full,oracle_env_upper_bound,low_sampling,57489,38382,0.47631720850945397,0.5362409462769007,34.996004689484835,0.0002795085310935974,1.0,0.9827523318222083,0.9985983179815779,0.9691963851909435,0.9836776961388629,0.9996565860427842,0.9705567972014382,0.6024405414433334,0.04595409974836181,0.17132651501361185
uwf,source_ip,within_family_source_ip,lr_full__oracle_env_upper_bound,lr_full,sklearn_linear,full,oracle_env_upper_bound,congested_link,57489,38382,0.47631720850945397,0.5362409462769007,34.996004689484835,0.00027713552117347717,1.0,0.8752279714449481,0.9859085594732632,0.7784471868623069,0.8699807238074553,0.8588001993123695,0.7895734136624235,0.6024405414433334,0.04595409974836181,0.17132651501361185
uwf,source_ip,within_family_source_ip,lr_full__oracle_env_upper_bound,lr_full,sklearn_linear,full,oracle_env_upper_bound,high_background,57489,38382,0.47631720850945397,0.5362409462769007,34.996004689484835,0.0002636536955833435,1.0,0.9701943619404929,0.9592666099612513,0.9862987076085901,0.9725948639325412,0.9973924021644308,1.0281799630745312,0.6024405414433334,0.04595409974836181,0.17132651501361185
uwf,source_ip,within_family_source_ip,lr_full__oracle_env_upper_bound,lr_full,sklearn_linear,full,oracle_env_upper_bound,delayed_collector,57489,38382,0.47631720850945397,0.5362409462769007,34.996004689484835,0.0002730824053287506,1.0,0.998749413787713,0.9981562348374575,0.9995141385676805,0.9988347251893571,0.9996997731190884,1.0013604120104946,0.6024405414433334,0.04595409974836181,0.17132651501361185
uwf,source_ip,within_family_source_ip,rf_full,rf_full,sklearn_tree,full,native_default,observed,57489,38382,0.47631720850945397,0.5362409462769007,31.5132513679564,0.000435754656791687,1.0,0.9899432025428586,0.9992583803025809,0.9819745408609465,0.9905410703783571,0.9999552106727926,0.9827033330094257,0.6812623025838004,0.002776347048912891,0.5565658414086694
uwf,source_ip,within_family_source_ip,rf_full,rf_full,sklearn_tree,full,native_default,low_sampling,57489,38382,0.47631720850945397,0.5362409462769007,31.5132513679564,0.0003208443522453308,1.0,0.9789224115470794,0.9993938475526595,0.9612768438441357,0.9799648332053791,0.999912340225287,0.961859877562919,0.6812623025838004,0.002776347048912891,0.5565658414086694
uwf,source_ip,within_family_source_ip,rf_full,rf_full,sklearn_tree,full,native_default,congested_link,57489,38382,0.47631720850945397,0.5362409462769007,31.5132513679564,0.000324394553899765,1.0,0.9863998749413788,0.9984593976741875,0.9761442036731124,0.9871757075471698,0.9998411642550107,0.9776503741133029,0.6812623025838004,0.002776347048912891,0.5565658414086694
uwf,source_ip,within_family_source_ip,rf_full,rf_full,sklearn_tree,full,native_default,high_background,57489,38382,0.47631720850945397,0.5362409462769007,31.5132513679564,0.00034372881054878235,1.0,0.9881715387421187,0.9886385705962323,0.9893110484889709,0.9889746952256059,0.9996417809168914,1.0006802060052473,0.6812623025838004,0.002776347048912891,0.5565658414086694
uwf,source_ip,within_family_source_ip,rf_full,rf_full,sklearn_tree,full,native_default,delayed_collector,57489,38382,0.47631720850945397,0.5362409462769007,31.5132513679564,0.00031413882970809937,1.0,0.9867646292532958,0.9984604688120778,0.9768244096783597,0.9875239451839481,0.9999190440212293,0.9783305801185502,0.6812623025838004,0.002776347048912891,0.5565658414086694
uwf,source_ip,within_family_source_ip,rf_full__val_observed_f1,rf_full,sklearn_tree,full,val_observed_f1,observed,57489,38382,0.47631720850945397,0.5362409462769007,31.5132513679564,0.0008839257061481476,1.0,0.9985409827523318,0.9972865587750751,1.0,0.9986414361960213,0.9999552106727926,1.0027208240209893,0.6812623025838004,0.15376233969447703,0.5565658414086694
uwf,source_ip,within_family_source_ip,rf_full__val_observed_f1,rf_full,sklearn_tree,full,val_observed_f1,low_sampling,57489,38382,0.47631720850945397,0.5362409462769007,31.5132513679564,0.0005783848464488983,1.0,0.5677140326194571,0.553666541130898,1.0,0.7127224877069049,0.999912340225287,1.8061412885045185,0.6812623025838004,0.15376233969447703,0.5565658414086694
uwf,source_ip,within_family_source_ip,rf_full__val_observed_f1,rf_full,sklearn_tree,full,val_observed_f1,congested_link,57489,38382,0.47631720850945397,0.5362409462769007,31.5132513679564,0.0003473348915576935,1.0,0.8430514303579804,0.7735849056603774,1.0,0.8723404255319149,0.9998411642550107,1.2926829268292683,0.6812623025838004,0.15376233969447703,0.5565658414086694
uwf,source_ip,within_family_source_ip,rf_full__val_observed_f1,rf_full,sklearn_tree,full,val_observed_f1,high_background,57489,38382,0.47631720850945397,0.5362409462769007,31.5132513679564,0.0003970116376876831,1.0,0.7483195247772393,0.6805766814364129,1.0,0.8099323154415237,0.9996417809168914,1.4693421436206393,0.6812623025838004,0.15376233969447703,0.5565658414086694
uwf,source_ip,within_family_source_ip,rf_full__val_observed_f1,rf_full,sklearn_tree,full,val_observed_f1,delayed_collector,57489,38382,0.47631720850945397,0.5362409462769007,31.5132513679564,0.00039596855640411377,1.0,0.9985149288729092,0.9972382382867387,1.0,0.9986172096746804,0.9999190440212293,1.002769410164221,0.6812623025838004,0.15376233969447703,0.5565658414086694
uwf,source_ip,within_family_source_ip,rf_full__val_robust_minimax,rf_full,sklearn_tree,full,val_robust_minimax,observed,57489,38382,0.47631720850945397,0.5362409462769007,31.5132513679564,0.0002810917794704437,1.0,0.9946068469595123,0.999069220594719,0.9908658050723933,0.9949506037321625,0.9999552106727926,0.9917889417938004,0.6812623025838004,0.002611688746550259,0.5565658414086694
uwf,source_ip,within_family_source_ip,rf_full__val_robust_minimax,rf_full,sklearn_tree,full,val_robust_minimax,low_sampling,57489,38382,0.47631720850945397,0.5362409462769007,31.5132513679564,0.00025874003767967224,1.0,0.9972643426606221,0.9991225076780578,0.9957730055388203,0.9974449446404672,0.999912340225287,0.9966475561169954,0.6812623025838004,0.002611688746550259,0.5565658414086694
uwf,source_ip,within_family_source_ip,rf_full__val_robust_minimax,rf_full,sklearn_tree,full,val_robust_minimax,congested_link,57489,38382,0.47631720850945397,0.5362409462769007,31.5132513679564,0.00024576112627983093,1.0,0.9900474180605492,0.9973899340096524,0.9840151588766883,0.9906574055957739,0.9998411642550107,0.9865902244679817,0.6812623025838004,0.002611688746550259,0.5565658414086694
uwf,source_ip,within_family_source_ip,rf_full__val_robust_minimax,rf_full,sklearn_tree,full,val_robust_minimax,high_background,57489,38382,0.47631720850945397,0.5362409462769007,31.5132513679564,0.0004434548318386078,1.0,0.9873638684800167,0.9824746723003793,0.994169662812166,0.9882875703349513,0.9996417809168914,1.0119036050918278,0.6812623025838004,0.002611688746550259,0.5565658414086694
uwf,source_ip,within_family_source_ip,rf_full__val_robust_minimax,rf_full,sklearn_tree,full,val_robust_minimax,delayed_collector,57489,38382,0.47631720850945397,0.5362409462769007,31.5132513679564,0.00039150938391685486,1.0,0.9909853577197645,0.9983745443798641,0.9847925371683995,0.9915370316016046,0.9999190440212293,0.986395879895054,0.6812623025838004,0.002611688746550259,0.5565658414086694
uwf,source_ip,within_family_source_ip,rf_full__oracle_env_upper_bound,rf_full,sklearn_tree,full,oracle_env_upper_bound,observed,57489,38382,0.47631720850945397,0.5362409462769007,31.5132513679564,0.0006062351167201996,1.0,0.999192329737898,0.998496094697521,1.0,0.9992474814904722,0.9999552106727926,1.0015061704401904,0.6812623025838004,0.0023179127273776374,0.5565658414086694
uwf,source_ip,within_family_source_ip,rf_full__oracle_env_upper_bound,rf_full,sklearn_tree,full,oracle_env_upper_bound,low_sampling,57489,38382,0.47631720850945397,0.5362409462769007,31.5132513679564,0.0007144436240196228,1.0,0.9984367672346413,0.9986877916018663,0.9983966572733456,0.9985422032168716,0.999912340225287,0.9997084831406083,0.6812623025838004,0.0023179127273776374,0.5565658414086694
uwf,source_ip,within_family_source_ip,rf_full__oracle_env_upper_bound,rf_full,sklearn_tree,full,oracle_env_upper_bound,congested_link,57489,38382,0.47631720850945397,0.5362409462769007,31.5132513679564,0.00034866854548454285,1.0,0.9946068469595123,0.9937957442683341,0.996161694684676,0.9949773129837672,0.9998411642550107,1.0023807210183655,0.6812623025838004,0.0023179127273776374,0.5565658414086694
uwf,source_ip,within_family_source_ip,rf_full__oracle_env_upper_bound,rf_full,sklearn_tree,full,oracle_env_upper_bound,high_background,57489,38382,0.47631720850945397,0.5362409462769007,31.5132513679564,0.0003145374357700348,1.0,0.988588400812881,0.9917488526511082,0.9869303274706054,0.989333722969024,0.9996417809168914,0.995141385676805,0.6812623025838004,0.0023179127273776374,0.5565658414086694
uwf,source_ip,within_family_source_ip,rf_full__oracle_env_upper_bound,rf_full,sklearn_tree,full,oracle_env_upper_bound,delayed_collector,57489,38382,0.47631720850945397,0.5362409462769007,31.5132513679564,0.000306691974401474,1.0,0.9990360064613621,0.9982055385809205,1.0,0.9991019635445741,0.9999190440212293,1.0017976872995822,0.6812623025838004,0.0023179127273776374,0.5565658414086694
uwf,source_ip,within_family_source_ip,gb_full,gb_full,sklearn_boosting,full,native_default,observed,57489,38382,0.47631720850945397,0.5362409462769007,151.25351175665855,0.0005103647708892822,1.0,0.9748319524777239,0.998982498982499,0.9540375085025751,0.9759928425866097,0.9998833454889675,0.955009231367214,0.5725282692253179,0.00037929217616024203,0.3413464809870556
uwf,source_ip,within_family_source_ip,gb_full,gb_full,sklearn_boosting,full,native_default,low_sampling,57489,38382,0.47631720850945397,0.5362409462769007,151.25351175665855,0.00034424662590026855,1.0,0.9742848210098484,0.9989814107461167,0.9530171994947041,0.9754581395927095,0.9998938597487278,0.9539889223593431,0.5725282692253179,0.00037929217616024203,0.3413464809870556
uwf,source_ip,within_family_source_ip,gb_full,gb_full,sklearn_boosting,full,native_default,congested_link,57489,38382,0.47631720850945397,0.5362409462769007,151.25351175665855,0.00035291537642478943,1.0,0.9748580063571466,0.9989825507452815,0.9540860946458071,0.9760182907129898,0.9996085389873773,0.955057817510446,0.5725282692253179,0.00037929217616024203,0.3413464809870556
uwf,source_ip,within_family_source_ip,gb_full,gb_full,sklearn_boosting,full,native_default,high_background,57489,38382,0.47631720850945397,0.5362409462769007,151.25351175665855,0.0003783702850341797,1.0,0.9801990516387891,0.9986917580758781,0.9643377708677485,0.9812141585920506,0.9992688208525174,0.9656010105917793,0.5725282692253179,0.00037929217616024203,0.3413464809870556
uwf,source_ip,within_family_source_ip,gb_full,gb_full,sklearn_boosting,full,native_default,delayed_collector,57489,38382,0.47631720850945397,0.5362409462769007,151.25351175665855,0.00045737624168395996,1.0,0.9748319524777239,0.998982498982499,0.9540375085025751,0.9759928425866097,0.9998337971763261,0.955009231367214,0.5725282692253179,0.00037929217616024203,0.3413464809870556
uwf,source_ip,within_family_source_ip,gb_full__val_observed_f1,gb_full,sklearn_boosting,full,val_observed_f1,observed,57489,38382,0.47631720850945397,0.5362409462769007,151.25351175665855,0.0003383830189704895,1.0,0.9742848210098484,0.9989814107461167,0.9530171994947041,0.9754581395927095,0.9998833454889675,0.9539889223593431,0.5725282692253179,1.0734694026602943e-05,0.3413464809870556
uwf,source_ip,within_family_source_ip,gb_full__val_observed_f1,gb_full,sklearn_boosting,full,val_observed_f1,low_sampling,57489,38382,0.47631720850945397,0.5362409462769007,151.25351175665855,0.0002611391246318817,1.0,0.9734250429889011,0.998979695949393,0.9514138567680498,0.9746167628907028,0.9998938597487278,0.9523855796326888,0.5725282692253179,1.0734694026602943e-05,0.3413464809870556
uwf,source_ip,within_family_source_ip,gb_full__val_observed_f1,gb_full,sklearn_boosting,full,val_observed_f1,congested_link,57489,38382,0.47631720850945397,0.5362409462769007,151.25351175665855,0.00026865676045417786,1.0,0.9742848210098484,0.9989814107461167,0.9530171994947041,0.9754581395927095,0.9996085389873773,0.9539889223593431,0.5725282692253179,1.0734694026602943e-05,0.3413464809870556
uwf,source_ip,within_family_source_ip,gb_full__val_observed_f1,gb_full,sklearn_boosting,full,val_observed_f1,high_background,57489,38382,0.47631720850945397,0.5362409462769007,151.25351175665855,0.00022564083337783813,1.0,0.9742848210098484,0.9989814107461167,0.9530171994947041,0.9754581395927095,0.9992688208525174,0.9539889223593431,0.5725282692253179,1.0734694026602943e-05,0.3413464809870556
uwf,source_ip,within_family_source_ip,gb_full__val_observed_f1,gb_full,sklearn_boosting,full,val_observed_f1,delayed_collector,57489,38382,0.47631720850945397,0.5362409462769007,151.25351175665855,0.0002481788396835327,1.0,0.9742848210098484,0.9989814107461167,0.9530171994947041,0.9754581395927095,0.9998337971763261,0.9539889223593431,0.5725282692253179,1.0734694026602943e-05,0.3413464809870556
uwf,source_ip,within_family_source_ip,gb_full__val_robust_minimax,gb_full,sklearn_boosting,full,val_robust_minimax,observed,57489,38382,0.47631720850945397,0.5362409462769007,151.25351175665855,0.00029360875487327576,1.0,0.9742848210098484,0.9989814107461167,0.9530171994947041,0.9754581395927095,0.9998833454889675,0.9539889223593431,0.5725282692253179,1.0734694026602943e-05,0.3413464809870556
uwf,source_ip,within_family_source_ip,gb_full__val_robust_minimax,gb_full,sklearn_boosting,full,val_robust_minimax,low_sampling,57489,38382,0.47631720850945397,0.5362409462769007,151.25351175665855,0.0002947412431240082,1.0,0.9734250429889011,0.998979695949393,0.9514138567680498,0.9746167628907028,0.9998938597487278,0.9523855796326888,0.5725282692253179,1.0734694026602943e-05,0.3413464809870556
uwf,source_ip,within_family_source_ip,gb_full__val_robust_minimax,gb_full,sklearn_boosting,full,val_robust_minimax,congested_link,57489,38382,0.47631720850945397,0.5362409462769007,151.25351175665855,0.00025905296206474304,1.0,0.9742848210098484,0.9989814107461167,0.9530171994947041,0.9754581395927095,0.9996085389873773,0.9539889223593431,0.5725282692253179,1.0734694026602943e-05,0.3413464809870556
uwf,source_ip,within_family_source_ip,gb_full__val_robust_minimax,gb_full,sklearn_boosting,full,val_robust_minimax,high_background,57489,38382,0.47631720850945397,0.5362409462769007,151.25351175665855,0.00023397058248519897,1.0,0.9742848210098484,0.9989814107461167,0.9530171994947041,0.9754581395927095,0.9992688208525174,0.9539889223593431,0.5725282692253179,1.0734694026602943e-05,0.3413464809870556
uwf,source_ip,within_family_source_ip,gb_full__val_robust_minimax,gb_full,sklearn_boosting,full,val_robust_minimax,delayed_collector,57489,38382,0.47631720850945397,0.5362409462769007,151.25351175665855,0.00023324787616729736,1.0,0.9742848210098484,0.9989814107461167,0.9530171994947041,0.9754581395927095,0.9998337971763261,0.9539889223593431,0.5725282692253179,1.0734694026602943e-05,0.3413464809870556
uwf,source_ip,within_family_source_ip,gb_full__oracle_env_upper_bound,gb_full,sklearn_boosting,full,oracle_env_upper_bound,observed,57489,38382,0.47631720850945397,0.5362409462769007,151.25351175665855,0.0005079172551631927,1.0,0.996326403001407,0.998196441628077,0.9949470411038772,0.9965690926344989,0.9998833454889675,0.9967447284034593,0.5725282692253179,7.729054901643543e-06,0.3413464809870556
uwf,source_ip,within_family_source_ip,gb_full__oracle_env_upper_bound,gb_full,sklearn_boosting,full,oracle_env_upper_bound,low_sampling,57489,38382,0.47631720850945397,0.5362409462769007,151.25351175665855,0.00030165165662765503,1.0,0.996326403001407,0.998196441628077,0.9949470411038772,0.9965690926344989,0.9998938597487278,0.9967447284034593,0.5725282692253179,7.729054901643543e-06,0.3413464809870556
uwf,source_ip,within_family_source_ip,gb_full__oracle_env_upper_bound,gb_full,sklearn_boosting,full,oracle_env_upper_bound,congested_link,57489,38382,0.47631720850945397,0.5362409462769007,151.25351175665855,0.000361759215593338,1.0,0.9966390495544787,0.9981974959809032,0.9955300748226605,0.9968620010216741,0.9996085389873773,0.9973277621222427,0.5725282692253179,7.729054901643543e-06,0.3413464809870556
uwf,source_ip,within_family_source_ip,gb_full__oracle_env_upper_bound,gb_full,sklearn_boosting,full,oracle_env_upper_bound,high_background,57489,38382,0.47631720850945397,0.5362409462769007,151.25351175665855,0.0003215894103050232,1.0,0.9967693189515919,0.9981979349308396,0.9957730055388203,0.9969839957192197,0.9992688208525174,0.9975706928384025,0.5725282692253179,7.729054901643543e-06,0.3413464809870556
uwf,source_ip,within_family_source_ip,gb_full__oracle_env_upper_bound,gb_full,sklearn_boosting,full,oracle_env_upper_bound,delayed_collector,57489,38382,0.47631720850945397,0.5362409462769007,151.25351175665855,0.0003718845546245575,1.0,0.996326403001407,0.998196441628077,0.9949470411038772,0.9965690926344989,0.9998337971763261,0.9967447284034593,0.5725282692253179,7.729054901643543e-06,0.3413464809870556
uwf,source_ip,within_family_source_ip,xgb_full,xgb_full,xgboost,full,native_default,observed,57489,38382,0.47631720850945397,0.5362409462769007,43.524451933801174,0.0010578595101833344,1.0,0.9755614611015581,0.9993390950686324,0.955057817510446,0.9766968100963928,0.9999203432911271,0.9556894373724614,0.4522493366378933,0.0010880814530891984,0.18398884706544932
uwf,source_ip,within_family_source_ip,xgb_full,xgb_full,xgboost,full,native_default,low_sampling,57489,38382,0.47631720850945397,0.5362409462769007,43.524451933801174,0.0004819817841053009,1.0,0.9732687197123652,0.9993361250127668,0.9507822369060344,0.9744547355841051,0.9998890134174183,0.9514138567680498,0.4522493366378933,0.0010880814530891984,0.18398884706544932
uwf,source_ip,within_family_source_ip,xgb_full,xgb_full,xgboost,full,native_default,congested_link,57489,38382,0.47631720850945397,0.5362409462769007,43.524451933801174,0.0011699981987476349,1.0,0.9754572455838675,0.9993389606427336,0.9548634729375182,0.9765951103160405,0.999677791983614,0.9554950927995336,0.4522493366378933,0.0010880814530891984,0.18398884706544932
uwf,source_ip,within_family_source_ip,xgb_full,xgb_full,xgboost,full,native_default,high_background,57489,38382,0.47631720850945397,0.5362409462769007,43.524451933801174,0.00043072178959846497,1.0,0.9844197801052577,0.9989513632278039,0.9719657953551647,0.9852738376674547,0.9995642710058642,0.9729861043630357,0.4522493366378933,0.0010880814530891984,0.18398884706544932
uwf,source_ip,within_family_source_ip,xgb_full,xgb_full,xgboost,full,native_default,delayed_collector,57489,38382,0.47631720850945397,0.5362409462769007,43.524451933801174,0.0003976970911026001,1.0,0.9756135688604033,0.9989840495783806,0.9554950927995336,0.9767557365650144,0.9999199420460118,0.9564668156641726,0.4522493366378933,0.0010880814530891984,0.18398884706544932
uwf,source_ip,within_family_source_ip,xgb_full__val_observed_f1,xgb_full,xgboost,full,val_observed_f1,observed,57489,38382,0.47631720850945397,0.5362409462769007,43.524451933801174,0.00038293004035949707,1.0,0.9746235214423428,0.9993378832637262,0.9533087163540959,0.9757807837676546,0.9999203432911271,0.9539403362161112,0.4522493366378933,0.0003820191997476834,0.18398884706544932
uwf,source_ip,within_family_source_ip,xgb_full__val_observed_f1,xgb_full,xgboost,full,val_observed_f1,low_sampling,57489,38382,0.47631720850945397,0.5362409462769007,43.524451933801174,0.0003552436828613281,1.0,0.9732166119535198,0.9993360572012258,0.9506850646195705,0.9744036651561178,0.9998890134174183,0.9513166844815859,0.4522493366378933,0.0003820191997476834,0.18398884706544932
uwf,source_ip,within_family_source_ip,xgb_full__val_observed_f1,xgb_full,xgboost,full,val_observed_f1,congested_link,57489,38382,0.47631720850945397,0.5362409462769007,43.524451933801174,0.0002856999635696411,1.0,0.9742587671304257,0.9993374108053007,0.9526285103488485,0.9754241082533207,0.999677791983614,0.9532601302108639,0.4522493366378933,0.0003820191997476834,0.18398884706544932
uwf,source_ip,within_family_source_ip,xgb_full__val_observed_f1,xgb_full,xgboost,full,val_observed_f1,high_background,57489,38382,0.47631720850945397,0.5362409462769007,43.524451933801174,0.00034198909997940063,1.0,0.9792871658589964,0.999091963880341,0.9622485667087747,0.9803242172998391,0.9995642710058642,0.9631231172869498,0.4522493366378933,0.0003820191997476834,0.18398884706544932
uwf,source_ip,within_family_source_ip,xgb_full__val_observed_f1,xgb_full,xgboost,full,val_observed_f1,delayed_collector,57489,38382,0.47631720850945397,0.5362409462769007,43.524451933801174,0.00032558664679527283,1.0,0.9744150904069616,0.9989816700610998,0.9532601302108639,0.9755855004723784,0.9999199420460118,0.9542318530755028,0.4522493366378933,0.0003820191997476834,0.18398884706544932
uwf,source_ip,within_family_source_ip,xgb_full__val_robust_minimax,xgb_full,xgboost,full,val_robust_minimax,observed,57489,38382,0.47631720850945397,0.5362409462769007,43.524451933801174,0.00029834359884262085,1.0,0.9751445990307956,0.9993385570367356,0.9542804392187348,0.9762898896510588,0.9999203432911271,0.9549120590807502,0.4522493366378933,0.0008993291927675991,0.18398884706544932
uwf,source_ip,within_family_source_ip,xgb_full__val_robust_minimax,xgb_full,xgboost,full,val_robust_minimax,low_sampling,57489,38382,0.47631720850945397,0.5362409462769007,43.524451933801174,0.00029293447732925415,1.0,0.9732687197123652,0.9993361250127668,0.9507822369060344,0.9744547355841051,0.9998890134174183,0.9514138567680498,0.4522493366378933,0.0008993291927675991,0.18398884706544932
uwf,source_ip,within_family_source_ip,xgb_full__val_robust_minimax,xgb_full,xgboost,full,val_robust_minimax,congested_link,57489,38382,0.47631720850945397,0.5362409462769007,43.524451933801174,0.0003376603126525879,1.0,0.9748840602365693,0.9993382203217267,0.9537945777864153,0.9760353999900562,0.999677791983614,0.9544261976484306,0.4522493366378933,0.0008993291927675991,0.18398884706544932
uwf,source_ip,within_family_source_ip,xgb_full__val_robust_minimax,xgb_full,xgboost,full,val_robust_minimax,high_background,57489,38382,0.47631720850945397,0.5362409462769007,43.524451933801174,0.0003370456397533417,1.0,0.983143140013548,0.9990487157662845,0.9694879020503352,0.9840463567994082,0.9995642710058642,0.9704110387717423,0.4522493366378933,0.0008993291927675991,0.18398884706544932
uwf,source_ip,within_family_source_ip,xgb_full__val_robust_minimax,xgb_full,xgboost,full,val_robust_minimax,delayed_collector,57489,38382,0.47631720850945397,0.5362409462769007,43.524451933801174,0.00037648528814315796,1.0,0.9749622218748372,0.9989827577437567,0.9542804392187348,0.9761200705712795,0.9999199420460118,0.9552521620833738,0.4522493366378933,0.0008993291927675991,0.18398884706544932
uwf,source_ip,within_family_source_ip,xgb_full__oracle_env_upper_bound,xgb_full,xgboost,full,oracle_env_upper_bound,observed,57489,38382,0.47631720850945397,0.5362409462769007,43.524451933801174,0.0008388534188270569,1.0,0.9961961336042937,0.9982931824831757,0.9946069381012536,0.9964466510903427,0.9999203432911271,0.9963074531143717,0.4522493366378933,1.5523364283266665e-05,0.18398884706544932
uwf,source_ip,within_family_source_ip,xgb_full__oracle_env_upper_bound,xgb_full,xgboost,full,oracle_env_upper_bound,low_sampling,57489,38382,0.47631720850945397,0.5362409462769007,43.524451933801174,0.0004534907639026642,1.0,0.9964045646396749,0.9984882473422413,0.9948012826741813,0.9966413551401869,0.9998890134174183,0.9963074531143717,0.4522493366378933,1.5523364283266665e-05,0.18398884706544932
uwf,source_ip,within_family_source_ip,xgb_full__oracle_env_upper_bound,xgb_full,xgboost,full,oracle_env_upper_bound,congested_link,57489,38382,0.47631720850945397,0.5362409462769007,43.524451933801174,0.0004664957523345947,1.0,0.9957011098952634,0.9977570822565703,0.9942182489553979,0.9959845221581368,0.999677791983614,0.9964532115440676,0.4522493366378933,1.5523364283266665e-05,0.18398884706544932
uwf,source_ip,within_family_source_ip,xgb_full__oracle_env_upper_bound,xgb_full,xgboost,full,oracle_env_upper_bound,high_background,57489,38382,0.47631720850945397,0.5362409462769007,43.524451933801174,0.00039910152554512024,1.0,0.9963003491219843,0.9981963537096616,0.9948984549606452,0.9965446758808644,0.9995642710058642,0.9966961422602274,0.4522493366378933,1.5523364283266665e-05,0.18398884706544932
uwf,source_ip,within_family_source_ip,xgb_full__oracle_env_upper_bound,xgb_full,xgboost,full,oracle_env_upper_bound,delayed_collector,57489,38382,0.47631720850945397,0.5362409462769007,43.524451933801174,0.0004855133593082428,1.0,0.9962221874837163,0.9978562728380025,0.995092799533573,0.9964726202349965,0.9999199420460118,0.9972305898357788,0.4522493366378933,1.5523364283266665e-05,0.18398884706544932
uwf,source_ip,within_family_source_ip,lgbm_full,lgbm_full,lightgbm,full,native_default,observed,57489,38382,0.47631720850945397,0.5362409462769007,18.838831655681133,0.00039568543434143066,1.0,0.9769162628315357,0.999340837643241,0.9575842969585074,0.9780170702659786,0.9999500750082706,0.9582159168205228,0.3352203033284611,0.004764978966720388,0.09491349627427713
uwf,source_ip,within_family_source_ip,lgbm_full,lgbm_full,lightgbm,full,native_default,low_sampling,57489,38382,0.47631720850945397,0.5362409462769007,18.838831655681133,0.0004970692098140717,1.0,0.973946120577354,0.9993370053039575,0.9520454766300651,0.9751181886041304,0.9998976429169593,0.9526770964920804,0.3352203033284611,0.004764978966720388,0.09491349627427713
uwf,source_ip,within_family_source_ip,lgbm_full,lgbm_full,lightgbm,full,native_default,congested_link,57489,38382,0.47631720850945397,0.5362409462769007,18.838831655681133,0.00033699721097946167,1.0,0.9763951852430827,0.9993401685108111,0.9566125740938685,0.9775096812630325,0.9997904408673882,0.9572441939558838,0.3352203033284611,0.004764978966720388,0.09491349627427713
uwf,source_ip,within_family_source_ip,lgbm_full,lgbm_full,lightgbm,full,native_default,high_background,57489,38382,0.47631720850945397,0.5362409462769007,18.838831655681133,0.00036606937646865845,1.0,0.9965087801573654,0.9985371562317145,0.9949470411038772,0.9967388659041129,0.9998732488516747,0.9964046254008356,0.3352203033284611,0.004764978966720388,0.09491349627427713
uwf,source_ip,within_family_source_ip,lgbm_full,lgbm_full,lightgbm,full,native_default,delayed_collector,57489,38382,0.47631720850945397,0.5362409462769007,18.838831655681133,0.0004901885986328125,1.0,0.9787921421499661,0.9988895618816879,0.9615197745602954,0.9798484923503491,0.9999185991031762,0.9625886697113983,0.3352203033284611,0.004764978966720388,0.09491349627427713
uwf,source_ip,within_family_source_ip,lgbm_full__val_observed_f1,lgbm_full,lightgbm,full,val_observed_f1,observed,57489,38382,0.47631720850945397,0.5362409462769007,18.838831655681133,0.0003499127924442291,1.0,0.9945286853212444,0.9990690837824596,0.9907200466426975,0.9948770491803278,0.9999500750082706,0.9916431833641045,0.3352203033284611,0.00024512974137453323,0.09491349627427713
uwf,source_ip,within_family_source_ip,lgbm_full__val_observed_f1,lgbm_full,lightgbm,full,val_observed_f1,low_sampling,57489,38382,0.47631720850945397,0.5362409462769007,18.838831655681133,0.00027180835604667664,1.0,0.9939554999739462,0.9990680792623111,0.9896511514915945,0.9943373199902368,0.9998976429169593,0.9905742882130016,0.3352203033284611,0.00024512974137453323,0.09491349627427713
uwf,source_ip,within_family_source_ip,lgbm_full__val_observed_f1,lgbm_full,lightgbm,full,val_observed_f1,congested_link,57489,38382,0.47631720850945397,0.5362409462769007,18.838831655681133,0.000247713178396225,1.0,0.9940076077327914,0.9988235294117647,0.9899912544942182,0.994387780000976,0.9997904408673882,0.9911573219317851,0.3352203033284611,0.00024512974137453323,0.09491349627427713
uwf,source_ip,within_family_source_ip,lgbm_full__val_observed_f1,lgbm_full,lightgbm,full,val_observed_f1,high_background,57489,38382,0.47631720850945397,0.5362409462769007,18.838831655681133,0.00026449188590049744,1.0,0.9962742952425616,0.9980991373007749,0.9949470411038772,0.99652059660819,0.9998732488516747,0.9968419006899233,0.3352203033284611,0.00024512974137453323,0.09491349627427713
uwf,source_ip,within_family_source_ip,lgbm_full__val_observed_f1,lgbm_full,lightgbm,full,val_observed_f1,delayed_collector,57489,38382,0.47631720850945397,0.5362409462769007,18.838831655681133,0.0003292858600616455,1.0,0.996170079724871,0.9982930992440868,0.9945583519580216,0.9964222260082265,0.9999185991031762,0.9962588669711399,0.3352203033284611,0.00024512974137453323,0.09491349627427713
uwf,source_ip,within_family_source_ip,lgbm_full__val_robust_minimax,lgbm_full,lightgbm,full,val_robust_minimax,observed,57489,38382,0.47631720850945397,0.5362409462769007,18.838831655681133,0.00025593116879463196,1.0,0.975639622739826,0.9994915340417959,0.955057817510446,0.9767696091828368,0.9999500750082706,0.9555436789427655,0.3352203033284611,0.005605102942927794,0.09491349627427713
uwf,source_ip,within_family_source_ip,lgbm_full__val_robust_minimax,lgbm_full,lightgbm,full,val_robust_minimax,low_sampling,57489,38382,0.47631720850945397,0.5362409462769007,18.838831655681133,0.0002308860421180725,1.0,0.9725131572091085,0.9994884125441245,0.949227480322612,0.9737097859403424,0.9998976429169593,0.9497133417549315,0.3352203033284611,0.005605102942927794,0.09491349627427713
uwf,source_ip,within_family_source_ip,lgbm_full__val_robust_minimax,lgbm_full,lightgbm,full,val_robust_minimax,congested_link,57489,38382,0.47631720850945397,0.5362409462769007,18.838831655681133,0.00027831271290779114,1.0,0.9744150904069616,0.9994903160040775,0.9527742687785443,0.9755733545594747,0.9997904408673882,0.9532601302108639,0.3352203033284611,0.005605102942927794,0.09491349627427713
uwf,source_ip,within_family_source_ip,lgbm_full__val_robust_minimax,lgbm_full,lightgbm,full,val_robust_minimax,high_background,57489,38382,0.47631720850945397,0.5362409462769007,18.838831655681133,0.00023920834064483643,1.0,0.9964566723985201,0.9986829268292683,0.9947041103877174,0.9966895477338007,0.9998732488516747,0.9960159362549801,0.3352203033284611,0.005605102942927794,0.09491349627427713
uwf,source_ip,within_family_source_ip,lgbm_full__val_robust_minimax,lgbm_full,lightgbm,full,val_robust_minimax,delayed_collector,57489,38382,0.47631720850945397,0.5362409462769007,18.838831655681133,0.0002886764705181122,1.0,0.9759001615340525,0.9989846169467431,0.956029540375085,0.9770351796221356,0.9999185991031762,0.957001263239724,0.3352203033284611,0.005605102942927794,0.09491349627427713
uwf,source_ip,within_family_source_ip,lgbm_full__oracle_env_upper_bound,lgbm_full,lightgbm,full,oracle_env_upper_bound,observed,57489,38382,0.47631720850945397,0.5362409462769007,18.838831655681133,0.00040804222226142883,1.0,0.9945286853212444,0.9990690837824596,0.9907200466426975,0.9948770491803278,0.9999500750082706,0.9916431833641045,0.3352203033284611,0.00023170391863750362,0.09491349627427713
uwf,source_ip,within_family_source_ip,lgbm_full__oracle_env_upper_bound,lgbm_full,lightgbm,full,oracle_env_upper_bound,low_sampling,57489,38382,0.47631720850945397,0.5362409462769007,18.838831655681133,0.00033689290285110474,1.0,0.9939554999739462,0.9990680792623111,0.9896511514915945,0.9943373199902368,0.9998976429169593,0.9905742882130016,0.3352203033284611,0.00023170391863750362,0.09491349627427713
uwf,source_ip,within_family_source_ip,lgbm_full__oracle_env_upper_bound,lgbm_full,lightgbm,full,oracle_env_upper_bound,congested_link,57489,38382,0.47631720850945397,0.5362409462769007,18.838831655681133,0.0003316514194011688,1.0,0.9940076077327914,0.9988235294117647,0.9899912544942182,0.994387780000976,0.9997904408673882,0.9911573219317851,0.3352203033284611,0.00023170391863750362,0.09491349627427713
uwf,source_ip,within_family_source_ip,lgbm_full__oracle_env_upper_bound,lgbm_full,lightgbm,full,oracle_env_upper_bound,high_background,57489,38382,0.47631720850945397,0.5362409462769007,18.838831655681133,0.00036211684346199036,1.0,0.9965348340367881,0.9985858487345785,0.9949470411038772,0.996763123950449,0.9998732488516747,0.9963560392576037,0.3352203033284611,0.00023170391863750362,0.09491349627427713
uwf,source_ip,within_family_source_ip,lgbm_full__oracle_env_upper_bound,lgbm_full,lightgbm,full,oracle_env_upper_bound,delayed_collector,57489,38382,0.47631720850945397,0.5362409462769007,18.838831655681133,0.0003214627504348755,1.0,0.996170079724871,0.9982930992440868,0.9945583519580216,0.9964222260082265,0.9999185991031762,0.9962588669711399,0.3352203033284611,0.00023170391863750362,0.09491349627427713
uwf,source_ip,within_family_source_ip,cat_full,cat_full,catboost,full,native_default,observed,57489,38382,0.47631720850945397,0.5362409462769007,28.281103134155273,0.0003132261335849762,1.0,0.9785576572351623,0.9993429365681071,0.9606452239821203,0.9796120593554141,0.9999369144414396,0.9612768438441357,0.4692062448389554,1.1499441443891471e-05,0.4197420380336998
uwf,source_ip,within_family_source_ip,cat_full,cat_full,catboost,full,native_default,low_sampling,57489,38382,0.47631720850945397,0.5362409462769007,28.281103134155273,0.0002495981752872467,1.0,0.9781929029232452,0.9993929890232182,0.9599164318336411,0.9792570196525489,0.999914215432051,0.9604994655524245,0.4692062448389554,1.1499441443891471e-05,0.4197420380336998
uwf,source_ip,within_family_source_ip,cat_full,cat_full,catboost,full,native_default,congested_link,57489,38382,0.47631720850945397,0.5362409462769007,28.281103134155273,0.00023153796792030334,1.0,0.9778802563701735,0.9993926203370957,0.9593333981148576,0.9789533701876596,0.9998927556422706,0.9599164318336411,0.4692062448389554,1.1499441443891471e-05,0.4197420380336998
uwf,source_ip,within_family_source_ip,cat_full,cat_full,catboost,full,native_default,high_background,57489,38382,0.47631720850945397,0.5362409462769007,28.281103134155273,0.00024040043354034424,1.0,0.9783231723203585,0.9992921427849125,0.9602565348362647,0.9793855302279485,0.9998265283617518,0.960936740841512,0.4692062448389554,1.1499441443891471e-05,0.4197420380336998
uwf,source_ip,within_family_source_ip,cat_full,cat_full,catboost,full,native_default,delayed_collector,57489,38382,0.47631720850945397,0.5362409462769007,28.281103134155273,0.00022080913186073303,1.0,0.9781929029232452,0.9989891331817033,0.9603051209794966,0.9792652414100627,0.9999185636189143,0.9612768438441357,0.4692062448389554,1.1499441443891471e-05,0.4197420380336998
uwf,source_ip,within_family_source_ip,cat_full__val_observed_f1,cat_full,catboost,full,val_observed_f1,observed,57489,38382,0.47631720850945397,0.5362409462769007,28.281103134155273,0.00032502785325050354,1.0,0.9984367672346413,0.9981551606952132,0.9989311048488971,0.9985429820301117,0.9999369144414396,1.000777378291711,0.4692062448389554,0.001052307982990366,0.4197420380336998
uwf,source_ip,within_family_source_ip,cat_full__val_observed_f1,cat_full,catboost,full,val_observed_f1,low_sampling,57489,38382,0.47631720850945397,0.5362409462769007,28.281103134155273,0.00023368746042251587,1.0,0.9967693189515919,0.9964088129670969,0.9975706928384025,0.9969894143925415,0.999914215432051,1.0011660674375669,0.4692062448389554,0.001052307982990366,0.4197420380336998
uwf,source_ip,within_family_source_ip,cat_full__val_observed_f1,cat_full,catboost,full,val_observed_f1,congested_link,57489,38382,0.47631720850945397,0.5362409462769007,28.281103134155273,0.00023473426699638367,1.0,0.9951279245479652,0.992609052702768,0.9983480711301137,0.9954702904343192,0.9998927556422706,1.005781751044602,0.4692062448389554,0.001052307982990366,0.4197420380336998
uwf,source_ip,within_family_source_ip,cat_full__val_observed_f1,cat_full,catboost,full,val_observed_f1,high_background,57489,38382,0.47631720850945397,0.5362409462769007,28.281103134155273,0.00022067129611968994,1.0,0.9911156271168777,0.9846750634548154,0.998979690992129,0.9917758001109422,0.9998265283617518,1.014527256826353,0.4692062448389554,0.001052307982990366,0.4197420380336998
uwf,source_ip,within_family_source_ip,cat_full__val_observed_f1,cat_full,catboost,full,val_observed_f1,delayed_collector,57489,38382,0.47631720850945397,0.5362409462769007,28.281103134155273,0.0002254396677017212,1.0,0.9979417435256109,0.9975731689559773,0.9985910018462735,0.9980818259074906,0.9999185636189143,1.0010203090078709,0.4692062448389554,0.001052307982990366,0.4197420380336998
uwf,source_ip,within_family_source_ip,cat_full__val_robust_minimax,cat_full,catboost,full,val_robust_minimax,observed,57489,38382,0.47631720850945397,0.5362409462769007,28.281103134155273,0.0002546645700931549,1.0,0.9799124589651399,0.9989924940809027,0.9635118064328053,0.9809314174065739,0.9999369144414396,0.9644835292974444,0.4692062448389554,0.00263505485010678,0.4197420380336998
uwf,source_ip,within_family_source_ip,cat_full__val_robust_minimax,cat_full,catboost,full,val_robust_minimax,low_sampling,57489,38382,0.47631720850945397,0.5362409462769007,28.281103134155273,0.00024035200476646423,1.0,0.9959877025689126,0.9985357282311597,0.9939753182392381,0.9962503043584124,0.999914215432051,0.9954329025361967,0.4692062448389554,0.00263505485010678,0.4197420380336998
uwf,source_ip,within_family_source_ip,cat_full__val_robust_minimax,cat_full,catboost,full,val_robust_minimax,congested_link,57489,38382,0.47631720850945397,0.5362409462769007,28.281103134155273,0.0002028346061706543,1.0,0.9828044395810536,0.9989481065918654,0.9689534544747838,0.9837221920781335,0.9998927556422706,0.9699737634826547,0.4692062448389554,0.00263505485010678,0.4197420380336998
uwf,source_ip,within_family_source_ip,cat_full__val_robust_minimax,cat_full,catboost,full,val_robust_minimax,high_background,57489,38382,0.47631720850945397,0.5362409462769007,28.281103134155273,0.000217486172914505,1.0,0.9871033296857902,0.9987089726401509,0.9772130988242154,0.9878441099187152,0.9998265283617518,0.978476338548246,0.4692062448389554,0.00263505485010678,0.4197420380336998
uwf,source_ip,within_family_source_ip,cat_full__val_robust_minimax,cat_full,catboost,full,val_robust_minimax,delayed_collector,57489,38382,0.47631720850945397,0.5362409462769007,28.281103134155273,0.00023440271615982056,1.0,0.9799124589651399,0.9989924940809027,0.9635118064328053,0.9809314174065739,0.9999185636189143,0.9644835292974444,0.4692062448389554,0.00263505485010678,0.4197420380336998
uwf,source_ip,within_family_source_ip,cat_full__oracle_env_upper_bound,cat_full,catboost,full,oracle_env_upper_bound,observed,57489,38382,0.47631720850945397,0.5362409462769007,28.281103134155273,0.00042195990681648254,1.0,0.9984367672346413,0.9981551606952132,0.9989311048488971,0.9985429820301117,0.9999369144414396,1.000777378291711,0.4692062448389554,0.00011343370013076049,0.4197420380336998
uwf,source_ip,within_family_source_ip,cat_full__oracle_env_upper_bound,cat_full,catboost,full,oracle_env_upper_bound,low_sampling,57489,38382,0.47631720850945397,0.5362409462769007,28.281103134155273,0.00035614892840385437,1.0,0.9967693189515919,0.9964088129670969,0.9975706928384025,0.9969894143925415,0.999914215432051,1.0011660674375669,0.4692062448389554,0.00011343370013076049,0.4197420380336998
uwf,source_ip,within_family_source_ip,cat_full__oracle_env_upper_bound,cat_full,catboost,full,oracle_env_upper_bound,congested_link,57489,38382,0.47631720850945397,0.5362409462769007,28.281103134155273,0.0003282874822616577,1.0,0.9976290969725392,0.9983462230653242,0.9972305898357788,0.9977880946014924,0.9998927556422706,0.9988825187056651,0.4692062448389554,0.00011343370013076049,0.4197420380336998
uwf,source_ip,within_family_source_ip,cat_full__oracle_env_upper_bound,cat_full,catboost,full,oracle_env_upper_bound,high_background,57489,38382,0.47631720850945397,0.5362409462769007,28.281103134155273,0.0002553686499595642,1.0,0.9972903965400448,0.997087095834547,0.9978622096977942,0.9974745021855269,0.9998265283617518,1.000777378291711,0.4692062448389554,0.00011343370013076049,0.4197420380336998
uwf,source_ip,within_family_source_ip,cat_full__oracle_env_upper_bound,cat_full,catboost,full,oracle_env_upper_bound,delayed_collector,57489,38382,0.47631720850945397,0.5362409462769007,28.281103134155273,0.00026249513030052185,1.0,0.9979417435256109,0.9975731689559773,0.9985910018462735,0.9980818259074906,0.9999185636189143,1.0010203090078709,0.4692062448389554,0.00011343370013076049,0.4197420380336998
uwf,source_ip,within_family_source_ip,iforest_env_sensitive,iforest_env_sensitive,sklearn_anomaly,env_sensitive,native_default,observed,57489,38382,0.47631720850945397,0.5362409462769007,9.624023243784904,0.0003129616379737854,1.0,0.8934396331613778,0.8342250324254216,1.0,0.909621248950369,0.9790494939944252,1.1987173258186765,0.7198724577122315,0.1336851237139324,0.384257820712304
uwf,source_ip,within_family_source_ip,iforest_env_sensitive,iforest_env_sensitive,sklearn_anomaly,env_sensitive,native_default,low_sampling,57489,38382,0.47631720850945397,0.5362409462769007,9.624023243784904,0.0002699233591556549,1.0,0.5363972695534365,0.5363247863247863,1.0,0.6981919332406119,0.981496824431515,1.8645418326693226,0.7198724577122315,0.1336851237139324,0.384257820712304
uwf,source_ip,within_family_source_ip,iforest_env_sensitive,iforest_env_sensitive,sklearn_anomaly,env_sensitive,native_default,congested_link,57489,38382,0.47631720850945397,0.5362409462769007,9.624023243784904,0.00031797587871551514,1.0,0.7082747121046323,0.6476696982093967,0.999951413856768,0.7861494680952654,0.9786204182993977,1.543921873481683,0.7198724577122315,0.1336851237139324,0.384257820712304
uwf,source_ip,within_family_source_ip,iforest_env_sensitive,iforest_env_sensitive,sklearn_anomaly,env_sensitive,native_default,high_background,57489,38382,0.47631720850945397,0.5362409462769007,9.624023243784904,0.00025444477796554565,1.0,0.5388463342191653,0.5376417115093255,1.0,0.6993068768687143,0.964592730748696,1.8599747352055194,0.7198724577122315,0.1336851237139324,0.384257820712304
uwf,source_ip,within_family_source_ip,iforest_env_sensitive,iforest_env_sensitive,sklearn_anomaly,env_sensitive,native_default,delayed_collector,57489,38382,0.47631720850945397,0.5362409462769007,9.624023243784904,0.00026974454522132874,1.0,0.8592048356000208,0.79204186869853,1.0,0.883954646967875,0.9794769974636941,1.2625595180254592,0.7198724577122315,0.1336851237139324,0.384257820712304
uwf,source_ip,within_family_source_ip,iforest_env_sensitive__val_observed_f1,iforest_env_sensitive,sklearn_anomaly,env_sensitive,val_observed_f1,observed,57489,38382,0.47631720850945397,0.5362409462769007,9.624023243784904,0.00031888484954833984,1.0,0.9067531655463499,0.8695179727908897,0.9719657953551647,0.9178921287480787,0.9790494939944252,1.1178213973374793,0.7198724577122315,0.039386467966653044,0.384257820712304
uwf,source_ip,within_family_source_ip,iforest_env_sensitive__val_observed_f1,iforest_env_sensitive,sklearn_anomaly,env_sensitive,val_observed_f1,low_sampling,57489,38382,0.47631720850945397,0.5362409462769007,9.624023243784904,0.00020801275968551636,1.0,0.9488562346933458,0.9970103037744915,0.9073462248566708,0.9500674077277237,0.981496824431515,0.9100670488776601,0.7198724577122315,0.039386467966653044,0.384257820712304
uwf,source_ip,within_family_source_ip,iforest_env_sensitive__val_observed_f1,iforest_env_sensitive,sklearn_anomaly,env_sensitive,val_observed_f1,congested_link,57489,38382,0.47631720850945397,0.5362409462769007,9.624023243784904,0.00022141635417938232,1.0,0.8836173206190402,0.8339065931788985,0.9776989602565348,0.9000961688994252,0.9786204182993977,1.1724322223301915,0.7198724577122315,0.039386467966653044,0.384257820712304
uwf,source_ip,within_family_source_ip,iforest_env_sensitive__val_observed_f1,iforest_env_sensitive,sklearn_anomaly,env_sensitive,val_observed_f1,high_background,57489,38382,0.47631720850945397,0.5362409462769007,9.624023243784904,0.00023056194186210632,1.0,0.8007138762961805,0.7403992713483772,0.9676416286075211,0.8389039826456899,0.964592730748696,1.3069186667962298,0.7198724577122315,0.039386467966653044,0.384257820712304
uwf,source_ip,within_family_source_ip,iforest_env_sensitive__val_observed_f1,iforest_env_sensitive,sklearn_anomaly,env_sensitive,val_observed_f1,delayed_collector,57489,38382,0.47631720850945397,0.5362409462769007,9.624023243784904,0.00020293891429901123,1.0,0.9114428638424261,0.8775321878982291,0.9702652803420464,0.9215717944576478,0.9794769974636941,1.1056748615294918,0.7198724577122315,0.039386467966653044,0.384257820712304
uwf,source_ip,within_family_source_ip,iforest_env_sensitive__val_robust_minimax,iforest_env_sensitive,sklearn_anomaly,env_sensitive,val_robust_minimax,observed,57489,38382,0.47631720850945397,0.5362409462769007,9.624023243784904,0.00021935626864433289,1.0,0.9052159866604137,0.8570766247997977,0.9879992226217083,0.9178929312990882,0.9790494939944252,1.1527548343212515,0.7198724577122315,0.04587806926738554,0.384257820712304
uwf,source_ip,within_family_source_ip,iforest_env_sensitive__val_robust_minimax,iforest_env_sensitive,sklearn_anomaly,env_sensitive,val_robust_minimax,low_sampling,57489,38382,0.47631720850945397,0.5362409462769007,9.624023243784904,0.00021189823746681213,1.0,0.9486217497785421,0.9915997464074388,0.9119133223204742,0.9500885851683118,0.981496824431515,0.9196385190943543,0.7198724577122315,0.04587806926738554,0.384257820712304
uwf,source_ip,within_family_source_ip,iforest_env_sensitive__val_robust_minimax,iforest_env_sensitive,sklearn_anomaly,env_sensitive,val_robust_minimax,congested_link,57489,38382,0.47631720850945397,0.5362409462769007,9.624023243784904,0.00022457540035247803,1.0,0.8559741545516127,0.7931759756952559,0.9894082207754349,0.8804911795226565,0.9786204182993977,1.2474006413370906,0.7198724577122315,0.04587806926738554,0.384257820712304
uwf,source_ip,within_family_source_ip,iforest_env_sensitive__val_robust_minimax,iforest_env_sensitive,sklearn_anomaly,env_sensitive,val_robust_minimax,high_background,57489,38382,0.47631720850945397,0.5362409462769007,9.624023243784904,0.00019698962569236755,1.0,0.7787244020634673,0.7154671514633016,0.9751724808084734,0.8253726740002056,0.964592730748696,1.3629870760859002,0.7198724577122315,0.04587806926738554,0.384257820712304
uwf,source_ip,within_family_source_ip,iforest_env_sensitive__val_robust_minimax,iforest_env_sensitive,sklearn_anomaly,env_sensitive,val_robust_minimax,delayed_collector,57489,38382,0.47631720850945397,0.5362409462769007,9.624023243784904,0.00022987648844718933,1.0,0.9068573810640405,0.8597233385507002,0.9874161889029249,0.9191560570769544,0.9794769974636941,1.148527839860072,0.7198724577122315,0.04587806926738554,0.384257820712304
uwf,source_ip,within_family_source_ip,iforest_env_sensitive__oracle_env_upper_bound,iforest_env_sensitive,sklearn_anomaly,env_sensitive,oracle_env_upper_bound,observed,57489,38382,0.47631720850945397,0.5362409462769007,9.624023243784904,0.00046960264444351196,1.0,0.948178833828357,0.9878259956971192,0.9146341463414634,0.9498221448573375,0.9790494939944252,0.9259061315712759,0.7198724577122315,0.0022501075725651133,0.384257820712304
uwf,source_ip,within_family_source_ip,iforest_env_sensitive__oracle_env_upper_bound,iforest_env_sensitive,sklearn_anomaly,env_sensitive,oracle_env_upper_bound,low_sampling,57489,38382,0.47631720850945397,0.5362409462769007,9.624023243784904,0.00030594319105148315,1.0,0.9492730967641082,0.9951113236622562,0.9098727043047323,0.9505850105327276,0.981496824431515,0.9143426294820717,0.7198724577122315,0.0022501075725651133,0.384257820712304
uwf,source_ip,within_family_source_ip,iforest_env_sensitive__oracle_env_upper_bound,iforest_env_sensitive,sklearn_anomaly,env_sensitive,oracle_env_upper_bound,congested_link,57489,38382,0.47631720850945397,0.5362409462769007,9.624023243784904,0.00025328993797302246,1.0,0.9460684695951227,0.9836956521739131,0.9145855601982315,0.9478825721335414,0.9786204182993977,0.9297444368865999,0.7198724577122315,0.0022501075725651133,0.384257820712304
uwf,source_ip,within_family_source_ip,iforest_env_sensitive__oracle_env_upper_bound,iforest_env_sensitive,sklearn_anomaly,env_sensitive,oracle_env_upper_bound,high_background,57489,38382,0.47631720850945397,0.5362409462769007,9.624023243784904,0.00025241076946258545,1.0,0.9396071074983064,0.9802776901230672,0.9055971237003206,0.9414587332053743,0.964592730748696,0.923816927412302,0.7198724577122315,0.0022501075725651133,0.384257820712304
uwf,source_ip,within_family_source_ip,iforest_env_sensitive__oracle_env_upper_bound,iforest_env_sensitive,sklearn_anomaly,env_sensitive,oracle_env_upper_bound,delayed_collector,57489,38382,0.47631720850945397,0.5362409462769007,9.624023243784904,0.0002493932843208313,1.0,0.9482048877077797,0.987980264539156,0.9145369740549996,0.9498410455669375,0.9794769974636941,0.9256632008551161,0.7198724577122315,0.0022501075725651133,0.384257820712304
uwf,source_ip,within_family_source_ip,pyod_ecod_env_sensitive,pyod_ecod_env_sensitive,pyod_ecod,env_sensitive,native_default,observed,57489,38382,0.47631720850945397,0.5362409462769007,6.207864243537188,0.0003142803907394409,1.0,0.6540044812672607,0.8091447925486875,0.4642891847245166,0.5900222277105458,0.8709954754836504,0.5738023515693325,0.6315296415709831,0.006196909985282484,0.13551218440312796
uwf,source_ip,within_family_source_ip,pyod_ecod_env_sensitive,pyod_ecod_env_sensitive,pyod_ecod,env_sensitive,native_default,low_sampling,57489,38382,0.47631720850945397,0.5362409462769007,6.207864243537188,0.0002868659794330597,1.0,0.7099682142671043,0.928999455238787,0.49713341754931495,0.6476769211292569,0.8684749328255627,0.5351277815567,0.6315296415709831,0.006196909985282484,0.13551218440312796
uwf,source_ip,within_family_source_ip,pyod_ecod_env_sensitive,pyod_ecod_env_sensitive,pyod_ecod,env_sensitive,native_default,congested_link,57489,38382,0.47631720850945397,0.5362409462769007,6.207864243537188,0.0003220885992050171,1.0,0.6799020374133709,0.9115896011113316,0.44636089787192695,0.5992824527071102,0.8229967332642574,0.4896511514915946,0.6315296415709831,0.006196909985282484,0.13551218440312796
uwf,source_ip,within_family_source_ip,pyod_ecod_env_sensitive,pyod_ecod_env_sensitive,pyod_ecod,env_sensitive,native_default,high_background,57489,38382,0.47631720850945397,0.5362409462769007,6.207864243537188,0.00029260292649269104,1.0,0.7019436194049294,0.9149419026870007,0.48969973763482655,0.6379517690993101,0.880191246523907,0.5352249538431639,0.6315296415709831,0.006196909985282484,0.13551218440312796
uwf,source_ip,within_family_source_ip,pyod_ecod_env_sensitive,pyod_ecod_env_sensitive,pyod_ecod,env_sensitive,native_default,delayed_collector,57489,38382,0.47631720850945397,0.5362409462769007,6.207864243537188,0.00026546791195869446,1.0,0.6457714553697046,0.786499343832021,0.46589252745117093,0.5851589674742174,0.8675714762217233,0.5923622582839374,0.6315296415709831,0.006196909985282484,0.13551218440312796
uwf,source_ip,within_family_source_ip,pyod_ecod_env_sensitive__val_observed_f1,pyod_ecod_env_sensitive,pyod_ecod,env_sensitive,val_observed_f1,observed,57489,38382,0.47631720850945397,0.5362409462769007,6.207864243537188,0.00031092017889022827,1.0,0.8494346308165286,0.7878728948699001,0.9842095034496162,0.875164711727475,0.8709954754836504,1.2491983286366728,0.6315296415709831,0.07457590564229688,0.13551218440312796
uwf,source_ip,within_family_source_ip,pyod_ecod_env_sensitive__val_observed_f1,pyod_ecod_env_sensitive,pyod_ecod,env_sensitive,val_observed_f1,low_sampling,57489,38382,0.47631720850945397,0.5362409462769007,6.207864243537188,0.00024331361055374146,1.0,0.7248970871762805,0.8617627950624414,0.5800213779030221,0.6933643095687527,0.8684749328255627,0.6730638421922068,0.6315296415709831,0.07457590564229688,0.13551218440312796
uwf,source_ip,within_family_source_ip,pyod_ecod_env_sensitive__val_observed_f1,pyod_ecod_env_sensitive,pyod_ecod,env_sensitive,val_observed_f1,congested_link,57489,38382,0.47631720850945397,0.5362409462769007,6.207864243537188,0.00023210421204566956,1.0,0.7482153092595487,0.6956069944102049,0.9432027985618502,0.8007011755001031,0.8229967332642574,1.3559420853172675,0.6315296415709831,0.07457590564229688,0.13551218440312796
uwf,source_ip,within_family_source_ip,pyod_ecod_env_sensitive__val_observed_f1,pyod_ecod_env_sensitive,pyod_ecod,env_sensitive,val_observed_f1,high_background,57489,38382,0.47631720850945397,0.5362409462769007,6.207864243537188,0.00025865063071250916,1.0,0.7985514043041009,0.7460366087156315,0.9465552424448547,0.8344183655987665,0.880191246523907,1.2687785443591488,0.6315296415709831,0.07457590564229688,0.13551218440312796
uwf,source_ip,within_family_source_ip,pyod_ecod_env_sensitive__val_observed_f1,pyod_ecod_env_sensitive,pyod_ecod,env_sensitive,val_observed_f1,delayed_collector,57489,38382,0.47631720850945397,0.5362409462769007,6.207864243537188,0.00020812824368476868,1.0,0.8557136157573862,0.7968429360694554,0.9810514041395394,0.8794042071338356,0.8675714762217233,1.2311728694976192,0.6315296415709831,0.07457590564229688,0.13551218440312796
uwf,source_ip,within_family_source_ip,pyod_ecod_env_sensitive__val_robust_minimax,pyod_ecod_env_sensitive,pyod_ecod,env_sensitive,val_robust_minimax,observed,57489,38382,0.47631720850945397,0.5362409462769007,6.207864243537188,0.0002439059317111969,1.0,0.5549736855817832,0.546477975732151,1.0,0.7067387758605889,0.8709954754836504,1.8298999125449422,0.6315296415709831,0.0056245886183167206,0.13551218440312796
uwf,source_ip,within_family_source_ip,pyod_ecod_env_sensitive__val_robust_minimax,pyod_ecod_env_sensitive,pyod_ecod,env_sensitive,val_robust_minimax,low_sampling,57489,38382,0.47631720850945397,0.5362409462769007,6.207864243537188,0.00022974610328674316,1.0,0.5541920691991038,0.5460430318626801,1.0,0.7063749463749464,0.8684749328255627,1.8313574968419006,0.6315296415709831,0.0056245886183167206,0.13551218440312796
uwf,source_ip,within_family_source_ip,pyod_ecod_env_sensitive__val_robust_minimax,pyod_ecod_env_sensitive,pyod_ecod,env_sensitive,val_robust_minimax,congested_link,57489,38382,0.47631720850945397,0.5362409462769007,6.207864243537188,0.0002071186900138855,1.0,0.5371267781772706,0.5367163867737561,1.0,0.6985236721534024,0.8229967332642574,1.8631814206588282,0.6315296415709831,0.0056245886183167206,0.13551218440312796
uwf,source_ip,within_family_source_ip,pyod_ecod_env_sensitive__val_robust_minimax,pyod_ecod_env_sensitive,pyod_ecod,env_sensitive,val_robust_minimax,high_background,57489,38382,0.47631720850945397,0.5362409462769007,6.207864243537188,0.000254165381193161,1.0,0.5373612630920744,0.5368423798221132,1.0,0.6986303694777753,0.880191246523907,1.8627441453697406,0.6315296415709831,0.0056245886183167206,0.13551218440312796
uwf,source_ip,within_family_source_ip,pyod_ecod_env_sensitive__val_robust_minimax,pyod_ecod_env_sensitive,pyod_ecod,env_sensitive,val_robust_minimax,delayed_collector,57489,38382,0.47631720850945397,0.5362409462769007,6.207864243537188,0.0002298317849636078,1.0,0.5645094054504716,0.5518406306137222,1.0,0.7112078646832184,0.8675714762217233,1.8121173841220484,0.6315296415709831,0.0056245886183167206,0.13551218440312796
uwf,source_ip,within_family_source_ip,pyod_ecod_env_sensitive__oracle_env_upper_bound,pyod_ecod_env_sensitive,pyod_ecod,env_sensitive,oracle_env_upper_bound,observed,57489,38382,0.47631720850945397,0.5362409462769007,6.207864243537188,0.00046789273619651794,1.0,0.8494346308165286,0.7878728948699001,0.9842095034496162,0.875164711727475,0.8709954754836504,1.2491983286366728,0.6315296415709831,0.010805918728404841,0.13551218440312796
uwf,source_ip,within_family_source_ip,pyod_ecod_env_sensitive__oracle_env_upper_bound,pyod_ecod_env_sensitive,pyod_ecod,env_sensitive,oracle_env_upper_bound,low_sampling,57489,38382,0.47631720850945397,0.5362409462769007,6.207864243537188,0.00026649609208106995,1.0,0.7661664321817518,0.7193393552288446,0.924740064133709,0.8092089879041687,0.8684749328255627,1.2855407637741716,0.6315296415709831,0.010805918728404841,0.13551218440312796
uwf,source_ip,within_family_source_ip,pyod_ecod_env_sensitive__oracle_env_upper_bound,pyod_ecod_env_sensitive,pyod_ecod,env_sensitive,oracle_env_upper_bound,congested_link,57489,38382,0.47631720850945397,0.5362409462769007,6.207864243537188,0.00033780932426452637,1.0,0.7482153092595487,0.6956069944102049,0.9432027985618502,0.8007011755001031,0.8229967332642574,1.3559420853172675,0.6315296415709831,0.010805918728404841,0.13551218440312796
uwf,source_ip,within_family_source_ip,pyod_ecod_env_sensitive__oracle_env_upper_bound,pyod_ecod_env_sensitive,pyod_ecod,env_sensitive,oracle_env_upper_bound,high_background,57489,38382,0.47631720850945397,0.5362409462769007,6.207864243537188,0.0002964995801448822,1.0,0.7985514043041009,0.7460366087156315,0.9465552424448547,0.8344183655987665,0.880191246523907,1.2687785443591488,0.6315296415709831,0.010805918728404841,0.13551218440312796
uwf,source_ip,within_family_source_ip,pyod_ecod_env_sensitive__oracle_env_upper_bound,pyod_ecod_env_sensitive,pyod_ecod,env_sensitive,oracle_env_upper_bound,delayed_collector,57489,38382,0.47631720850945397,0.5362409462769007,6.207864243537188,0.00025818124413490295,1.0,0.8557136157573862,0.7968429360694554,0.9810514041395394,0.8794042071338356,0.8675714762217233,1.2311728694976192,0.6315296415709831,0.010805918728404841,0.13551218440312796
uwf,source_ip,within_family_source_ip,pyod_copod_env_sensitive,pyod_copod_env_sensitive,pyod_copod,env_sensitive,native_default,observed,57489,38382,0.47631720850945397,0.5362409462769007,6.509010955691338,0.00044594332575798035,1.0,0.8047001198478454,0.9585143658023826,0.6645612671266155,0.7849190864225869,0.9610440206835033,0.6933242639199301,0.588413676441139,0.013823487499688272,0.09823139471845205
uwf,source_ip,within_family_source_ip,pyod_copod_env_sensitive,pyod_copod_env_sensitive,pyod_copod,env_sensitive,native_default,low_sampling,57489,38382,0.47631720850945397,0.5362409462769007,6.509010955691338,0.00039460882544517517,1.0,0.8607680683653796,0.9955124869927159,0.7437080944514625,0.851382168084988,0.9556631544526197,0.7470605383344671,0.588413676441139,0.013823487499688272,0.09823139471845205
uwf,source_ip,within_family_source_ip,pyod_copod_env_sensitive,pyod_copod_env_sensitive,pyod_copod,env_sensitive,native_default,congested_link,57489,38382,0.47631720850945397,0.5362409462769007,6.509010955691338,0.0003956817090511322,1.0,0.7442811734667292,0.960876637274206,0.5453308716354096,0.6957815454235502,0.9467268061216356,0.5675347390924108,0.588413676441139,0.013823487499688272,0.09823139471845205
uwf,source_ip,within_family_source_ip,pyod_copod_env_sensitive,pyod_copod_env_sensitive,pyod_copod,env_sensitive,native_default,high_background,57489,38382,0.47631720850945397,0.5362409462769007,6.509010955691338,0.00038578733801841736,1.0,0.8530821739356991,0.9477974228348817,0.7683412690700612,0.8486865054874285,0.9436934148852657,0.8106597998250898,0.588413676441139,0.013823487499688272,0.09823139471845205
uwf,source_ip,within_family_source_ip,pyod_copod_env_sensitive,pyod_copod_env_sensitive,pyod_copod,env_sensitive,native_default,delayed_collector,57489,38382,0.47631720850945397,0.5362409462769007,6.509010955691338,0.0004129670560359955,1.0,0.7587931843051431,0.934402332361516,0.5917306384219221,0.7245954307472632,0.9406094039845004,0.6332717908852395,0.588413676441139,0.013823487499688272,0.09823139471845205
uwf,source_ip,within_family_source_ip,pyod_copod_env_sensitive__val_observed_f1,pyod_copod_env_sensitive,pyod_copod,env_sensitive,val_observed_f1,observed,57489,38382,0.47631720850945397,0.5362409462769007,6.509010955691338,0.0003326013684272766,1.0,0.8556094002396957,0.7971862156180841,0.9800796812749004,0.8792224207819378,0.9610440206835033,1.229423768341269,0.588413676441139,0.025922558538381026,0.09823139471845205
uwf,source_ip,within_family_source_ip,pyod_copod_env_sensitive__val_observed_f1,pyod_copod_env_sensitive,pyod_copod,env_sensitive,val_observed_f1,low_sampling,57489,38382,0.47631720850945397,0.5362409462769007,6.509010955691338,0.00023708119988441467,1.0,0.9306445729769163,0.9566303129140761,0.9120104946069381,0.9337876828176301,0.9556631544526197,0.9533573024973278,0.588413676441139,0.025922558538381026,0.09823139471845205
uwf,source_ip,within_family_source_ip,pyod_copod_env_sensitive__val_observed_f1,pyod_copod_env_sensitive,pyod_copod,env_sensitive,val_observed_f1,congested_link,57489,38382,0.47631720850945397,0.5362409462769007,6.509010955691338,0.0002470090985298157,1.0,0.8490959303840342,0.8025034770514604,0.9531629579244,0.871368926001599,0.9467268061216356,1.1877368574482559,0.588413676441139,0.025922558538381026,0.09823139471845205
uwf,source_ip,within_family_source_ip,pyod_copod_env_sensitive__val_observed_f1,pyod_copod_env_sensitive,pyod_copod,env_sensitive,val_observed_f1,high_background,57489,38382,0.47631720850945397,0.5362409462769007,6.509010955691338,0.0002544000744819641,1.0,0.7965192017091345,0.7394450693663293,0.9581673306772909,0.8347159908575298,0.9436934148852657,1.2957924399961132,0.588413676441139,0.025922558538381026,0.09823139471845205
uwf,source_ip,within_family_source_ip,pyod_copod_env_sensitive__val_observed_f1,pyod_copod_env_sensitive,pyod_copod,env_sensitive,val_observed_f1,delayed_collector,57489,38382,0.47631720850945397,0.5362409462769007,6.509010955691338,0.00022091716527938843,1.0,0.8366942837788547,0.7899214129466094,0.9474297930230299,0.8615357426879915,0.9406094039845004,1.1993975318239238,0.588413676441139,0.025922558538381026,0.09823139471845205
uwf,source_ip,within_family_source_ip,pyod_copod_env_sensitive__val_robust_minimax,pyod_copod_env_sensitive,pyod_copod,env_sensitive,val_robust_minimax,observed,57489,38382,0.47631720850945397,0.5362409462769007,6.509010955691338,0.0002843588590621948,1.0,0.7527486842790891,0.9686496535406456,0.5569429598678457,0.7072433366238894,0.9610440206835033,0.5749684190068992,0.588413676441139,0.002801521635162548,0.09823139471845205
uwf,source_ip,within_family_source_ip,pyod_copod_env_sensitive__val_robust_minimax,pyod_copod_env_sensitive,pyod_copod,env_sensitive,val_robust_minimax,low_sampling,57489,38382,0.47631720850945397,0.5362409462769007,6.509010955691338,0.0002619735896587372,1.0,0.7129904642801314,0.9976071577195172,0.46589252745117093,0.6351593031728158,0.9556631544526197,0.4670100087455058,0.588413676441139,0.002801521635162548,0.09823139471845205
uwf,source_ip,within_family_source_ip,pyod_copod_env_sensitive__val_robust_minimax,pyod_copod_env_sensitive,pyod_copod,env_sensitive,val_robust_minimax,congested_link,57489,38382,0.47631720850945397,0.5362409462769007,6.509010955691338,0.00024516135454177856,1.0,0.7133031108332031,0.9746283448959365,0.47779613254299874,0.6412363067292645,0.9467268061216356,0.490234185210378,0.588413676441139,0.002801521635162548,0.09823139471845205
uwf,source_ip,within_family_source_ip,pyod_copod_env_sensitive__val_robust_minimax,pyod_copod_env_sensitive,pyod_copod,env_sensitive,val_robust_minimax,high_background,57489,38382,0.47631720850945397,0.5362409462769007,6.509010955691338,0.00022609159350395203,1.0,0.7440206346725028,0.9770288248337029,0.5352249538431639,0.6915905452490818,0.9436934148852657,0.547808764940239,0.588413676441139,0.002801521635162548,0.09823139471845205
uwf,source_ip,within_family_source_ip,pyod_copod_env_sensitive__val_robust_minimax,pyod_copod_env_sensitive,pyod_copod,env_sensitive,val_robust_minimax,delayed_collector,57489,38382,0.47631720850945397,0.5362409462769007,6.509010955691338,0.00022972002625465393,1.0,0.713902350059924,0.9630558502942027,0.48508405402779126,0.6451904746518465,0.9406094039845004,0.5036925468856283,0.588413676441139,0.002801521635162548,0.09823139471845205
uwf,source_ip,within_family_source_ip,pyod_copod_env_sensitive__oracle_env_upper_bound,pyod_copod_env_sensitive,pyod_copod,env_sensitive,oracle_env_upper_bound,observed,57489,38382,0.47631720850945397,0.5362409462769007,6.509010955691338,0.0003488287329673767,1.0,0.9133708509197019,0.9170976942040895,0.9217763093965601,0.9194310499406334,0.9610440206835033,1.0051015450393548,0.588413676441139,0.008286139946771642,0.09823139471845205
uwf,source_ip,within_family_source_ip,pyod_copod_env_sensitive__oracle_env_upper_bound,pyod_copod_env_sensitive,pyod_copod,env_sensitive,oracle_env_upper_bound,low_sampling,57489,38382,0.47631720850945397,0.5362409462769007,6.509010955691338,0.0003219619393348694,1.0,0.9402584544838727,0.9807075645271514,0.9064230881352638,0.942103269789168,0.9556631544526197,0.9242542027013896,0.588413676441139,0.008286139946771642,0.09823139471845205
uwf,source_ip,within_family_source_ip,pyod_copod_env_sensitive__oracle_env_upper_bound,pyod_copod_env_sensitive,pyod_copod,env_sensitive,oracle_env_upper_bound,congested_link,57489,38382,0.47631720850945397,0.5362409462769007,6.509010955691338,0.0003286115825176239,1.0,0.9014642280235527,0.9059147579008409,0.9108444271693713,0.9083729043511968,0.9467268061216356,1.0054416480419783,0.588413676441139,0.008286139946771642,0.09823139471845205
uwf,source_ip,within_family_source_ip,pyod_copod_env_sensitive__oracle_env_upper_bound,pyod_copod_env_sensitive,pyod_copod,env_sensitive,oracle_env_upper_bound,high_background,57489,38382,0.47631720850945397,0.5362409462769007,6.509010955691338,0.00028910115361213684,1.0,0.8935177947996457,0.9057411324838884,0.894519483043436,0.9000953335451857,0.9436934148852657,0.9876105334758527,0.588413676441139,0.008286139946771642,0.09823139471845205
uwf,source_ip,within_family_source_ip,pyod_copod_env_sensitive__oracle_env_upper_bound,pyod_copod_env_sensitive,pyod_copod,env_sensitive,oracle_env_upper_bound,delayed_collector,57489,38382,0.47631720850945397,0.5362409462769007,6.509010955691338,0.00029360875487327576,1.0,0.8883591266739618,0.8859470468431772,0.9088038091536293,0.8972298836790982,0.9406094039845004,1.0257992420561657,0.588413676441139,0.008286139946771642,0.09823139471845205
uwf,heldout_family,credential_access,lr_full,lr_full,sklearn_linear,full,native_default,observed,28424,67447,0.15729665071770335,0.6448618915592984,67.10921492055058,0.00043278560042381287,1.0,0.99832461043486,0.9981855348078734,0.9992182829815607,0.9987016419059437,0.9993616807647122,1.0010346254655815,0.27592727898598235,0.058705352356238825,0.3607141260788077
uwf,heldout_family,credential_access,lr_full,lr_full,sklearn_linear,full,native_default,low_sampling,28424,67447,0.15729665071770335,0.6448618915592984,67.10921492055058,0.00035607069730758667,1.0,0.9599240885435972,0.9992656238525373,0.9385432473444613,0.9679530499733239,0.9673493657033724,0.9392329976548489,0.27592727898598235,0.058705352356238825,0.3607141260788077
uwf,heldout_family,credential_access,lr_full,lr_full,sklearn_linear,full,native_default,congested_link,28424,67447,0.15729665071770335,0.6448618915592984,67.10921492055058,0.00041731446981430054,1.0,0.8207777958990021,0.9585085260453166,0.7547477813031682,0.8445113323557408,0.7992580357475743,0.7874189543385295,0.27592727898598235,0.058705352356238825,0.3607141260788077
uwf,heldout_family,credential_access,lr_full,lr_full,sklearn_linear,full,native_default,high_background,28424,67447,0.15729665071770335,0.6448618915592984,67.10921492055058,0.0003728419542312622,1.0,0.9479591382863581,0.9258328363295562,0.9993562330436382,0.9611905972888702,0.9916879251611304,1.0794132524026303,0.27592727898598235,0.058705352356238825,0.3607141260788077
uwf,heldout_family,credential_access,lr_full,lr_full,sklearn_linear,full,native_default,delayed_collector,28424,67447,0.15729665071770335,0.6448618915592984,67.10921492055058,0.0003472045063972473,1.0,0.9982949575222027,0.9981396844353598,0.9992182829815607,0.9986786924800367,0.9993608236041241,1.0010806088196074,0.27592727898598235,0.058705352356238825,0.3607141260788077
uwf,heldout_family,credential_access,lr_full__val_observed_f1,lr_full,sklearn_linear,full,val_observed_f1,observed,28424,67447,0.15729665071770335,0.6448618915592984,67.10921492055058,0.000507943332195282,1.0,0.9970791881032515,0.9962406876790831,0.9992412746585736,0.9977387251919788,0.9993616807647122,1.0030119096886927,0.27592727898598235,0.0582979010971284,0.3607141260788077
uwf,heldout_family,credential_access,lr_full__val_observed_f1,lr_full,sklearn_linear,full,val_observed_f1,low_sampling,28424,67447,0.15729665071770335,0.6448618915592984,67.10921492055058,0.00030663982033729553,1.0,0.9627855946150311,0.9992690770880032,0.9429806410079551,0.9703092100593815,0.9673493657033724,0.9436703913183427,0.27592727898598235,0.0582979010971284,0.3607141260788077
uwf,heldout_family,credential_access,lr_full__val_observed_f1,lr_full,sklearn_linear,full,val_observed_f1,congested_link,28424,67447,0.15729665071770335,0.6448618915592984,67.10921492055058,0.0003571435809135437,1.0,0.8168784378845612,0.9475983787978959,0.7579436244079644,0.8422262815681566,0.7992580357475743,0.7998574516025199,0.27592727898598235,0.0582979010971284,0.3607141260788077
uwf,heldout_family,credential_access,lr_full__val_observed_f1,lr_full,sklearn_linear,full,val_observed_f1,high_background,28424,67447,0.15729665071770335,0.6448618915592984,67.10921492055058,0.00031534209847450256,1.0,0.9424436965320918,0.9185545224006763,0.9993562330436382,0.9572532869381373,0.9916879251611304,1.0879661562514369,0.27592727898598235,0.0582979010971284,0.3607141260788077
uwf,heldout_family,credential_access,lr_full__val_observed_f1,lr_full,sklearn_linear,full,val_observed_f1,delayed_collector,28424,67447,0.15729665071770335,0.6448618915592984,67.10921492055058,0.052643705159425735,1.0,0.9954334514507688,0.9937122736418511,0.9992412746585736,0.9964691046658259,0.9993608236041241,1.005563985837127,0.27592727898598235,0.0582979010971284,0.3607141260788077
uwf,heldout_family,credential_access,lr_full__val_robust_minimax,lr_full,sklearn_linear,full,val_robust_minimax,observed,28424,67447,0.15729665071770335,0.6448618915592984,67.10921492055058,0.0003553852438926697,1.0,0.9762776698741233,0.9651994314648663,0.9992412746585736,0.981925397076433,0.9993616807647122,1.0352692325378212,0.27592727898598235,0.05301970237876533,0.3607141260788077
uwf,heldout_family,credential_access,lr_full__val_robust_minimax,lr_full,sklearn_linear,full,val_robust_minimax,low_sampling,28424,67447,0.15729665071770335,0.6448618915592984,67.10921492055058,0.00035582855343818665,1.0,0.9674411019022343,0.9985272815065186,0.950912769577413,0.9741385401700544,0.9673493657033724,0.9523152618752012,0.27592727898598235,0.05301970237876533,0.3607141260788077
uwf,heldout_family,credential_access,lr_full__val_robust_minimax,lr_full,sklearn_linear,full,val_robust_minimax,congested_link,28424,67447,0.15729665071770335,0.6448618915592984,67.10921492055058,0.0003903694450855255,1.0,0.8128901211321482,0.9333071352383091,0.764473260679634,0.8404954499494439,0.7992580357475743,0.8191014852623351,0.27592727898598235,0.05301970237876533,0.3607141260788077
uwf,heldout_family,credential_access,lr_full__val_robust_minimax,lr_full,sklearn_linear,full,val_robust_minimax,high_background,28424,67447,0.15729665071770335,0.6448618915592984,67.10921492055058,0.0003622807562351227,1.0,0.9341112280753777,0.9077562442569543,0.9993792247206511,0.9513668497887894,0.9916879251611304,1.1009334620867246,0.27592727898598235,0.05301970237876533,0.3607141260788077
uwf,heldout_family,credential_access,lr_full__val_robust_minimax,lr_full,sklearn_linear,full,val_robust_minimax,delayed_collector,28424,67447,0.15729665071770335,0.6448618915592984,67.10921492055058,0.0003343746066093445,1.0,0.9742612718134239,0.9622929767071119,0.9992412746585736,0.9804191387128065,0.9993608236041241,1.0383961006115785,0.27592727898598235,0.05301970237876533,0.3607141260788077
uwf,heldout_family,credential_access,lr_full__oracle_env_upper_bound,lr_full,sklearn_linear,full,oracle_env_upper_bound,observed,28424,67447,0.15729665071770335,0.6448618915592984,67.10921492055058,0.0007065646350383759,1.0,0.9990066274259789,0.9992642155848337,0.9991952913045478,0.9992297522561361,0.9993616807647122,0.9999310249689612,0.27592727898598235,0.05664011761066739,0.3607141260788077
uwf,heldout_family,credential_access,lr_full__oracle_env_upper_bound,lr_full,sklearn_linear,full,oracle_env_upper_bound,low_sampling,28424,67447,0.15729665071770335,0.6448618915592984,67.10921492055058,0.00037191808223724365,1.0,0.9674411019022343,0.9985272815065186,0.950912769577413,0.9741385401700544,0.9673493657033724,0.9523152618752012,0.27592727898598235,0.05664011761066739,0.3607141260788077
uwf,heldout_family,credential_access,lr_full__oracle_env_upper_bound,lr_full,sklearn_linear,full,oracle_env_upper_bound,congested_link,28424,67447,0.15729665071770335,0.6448618915592984,67.10921492055058,0.0003952197730541229,1.0,0.8209112340059602,0.9589481373265157,0.7545868395640778,0.844581119160051,0.7992580357475743,0.7868901457672323,0.27592727898598235,0.05664011761066739,0.3607141260788077
uwf,heldout_family,credential_access,lr_full__oracle_env_upper_bound,lr_full,sklearn_linear,full,oracle_env_upper_bound,high_background,28424,67447,0.15729665071770335,0.6448618915592984,67.10921492055058,0.0003980882465839386,1.0,0.9582486989784572,0.9397431462423247,0.9993332413666253,0.9686225569941835,0.9916879251611304,1.063411045201637,0.27592727898598235,0.05664011761066739,0.3607141260788077
uwf,heldout_family,credential_access,lr_full__oracle_env_upper_bound,lr_full,sklearn_linear,full,oracle_env_upper_bound,delayed_collector,28424,67447,0.15729665071770335,0.6448618915592984,67.10921492055058,0.00035223737359046936,1.0,0.9989324951443356,0.9991722996275348,0.9991722996275348,0.9991722996275348,0.9993608236041241,1.0,0.27592727898598235,0.05664011761066739,0.3607141260788077
uwf,heldout_family,credential_access,rf_full,rf_full,sklearn_tree,full,native_default,observed,28424,67447,0.15729665071770335,0.6448618915592984,20.71909573301673,0.00037219002842903137,1.0,0.9991548919892657,0.9986911896397327,1.0,0.9993451662932966,0.9982517225937843,1.0013105255897365,0.6215876405843408,0.0022707924733995476,0.5746575250556132
uwf,heldout_family,credential_access,rf_full,rf_full,sklearn_tree,full,native_default,low_sampling,28424,67447,0.15729665071770335,0.6448618915592984,20.71909573301673,0.00030550360679626465,1.0,0.9993476359215384,0.998989388580091,1.0,0.9994944388270981,0.9996767477525033,1.0010116337885686,0.6215876405843408,0.0022707924733995476,0.5746575250556132
uwf,heldout_family,credential_access,rf_full,rf_full,sklearn_tree,full,native_default,congested_link,28424,67447,0.15729665071770335,0.6448618915592984,20.71909573301673,0.00032867491245269775,1.0,0.9960265097039157,0.9938759654494768,1.0,0.9969285779774457,0.9998324543809008,1.006161769439463,0.6215876405843408,0.0022707924733995476,0.5746575250556132
uwf,heldout_family,credential_access,rf_full,rf_full,sklearn_tree,full,native_default,high_background,28424,67447,0.15729665071770335,0.6448618915592984,20.71909573301673,0.0003202073276042938,1.0,0.9876792147908728,0.9812521150592216,1.0,0.9905373552420319,0.9998949483948149,1.0191060835977377,0.6215876405843408,0.0022707924733995476,0.5746575250556132
uwf,heldout_family,credential_access,rf_full,rf_full,sklearn_tree,full,native_default,delayed_collector,28424,67447,0.15729665071770335,0.6448618915592984,20.71909573301673,0.00034762173891067505,1.0,0.9990659332512936,0.9985536193952752,1.0,0.9992762863149188,0.9974935232590794,1.001448475651814,0.6215876405843408,0.0022707924733995476,0.5746575250556132
uwf,heldout_family,credential_access,rf_full__val_observed_f1,rf_full,sklearn_tree,full,val_observed_f1,observed,28424,67447,0.15729665071770335,0.6448618915592984,20.71909573301673,0.00046028196811676025,1.0,0.9987842305810488,0.9981182302184689,1.0,0.9990582290111405,0.9982517225937843,1.0018853175150595,0.6215876405843408,0.08236320663984698,0.5746575250556132
uwf,heldout_family,credential_access,rf_full__val_observed_f1,rf_full,sklearn_tree,full,val_observed_f1,low_sampling,28424,67447,0.15729665071770335,0.6448618915592984,20.71909573301673,0.00032874196767807007,1.0,0.7420641392500779,0.7142927526235404,1.0,0.8333381232935767,0.9996767477525033,1.3999862049937923,0.6215876405843408,0.08236320663984698,0.5746575250556132
uwf,heldout_family,credential_access,rf_full__val_observed_f1,rf_full,sklearn_tree,full,val_observed_f1,congested_link,28424,67447,0.15729665071770335,0.6448618915592984,20.71909573301673,0.0003154873847961426,1.0,0.898157071478346,0.8636101900204515,1.0,0.9268141960642253,0.9998324543809008,1.1579298294017566,0.6215876405843408,0.08236320663984698,0.5746575250556132
uwf,heldout_family,credential_access,rf_full__val_observed_f1,rf_full,sklearn_tree,full,val_observed_f1,high_background,28424,67447,0.15729665071770335,0.6448618915592984,20.71909573301673,0.0003035031259059906,1.0,0.8164484706510297,0.7784300390163582,1.0,0.875412607680541,0.9998949483948149,1.284636961419966,0.6215876405843408,0.08236320663984698,0.5746575250556132
uwf,heldout_family,credential_access,rf_full__val_observed_f1,rf_full,sklearn_tree,full,val_observed_f1,delayed_collector,28424,67447,0.15729665071770335,0.6448618915592984,20.71909573301673,0.00027377158403396606,1.0,0.9987249247557342,0.9980266177145479,1.0,0.9990123343363116,0.9974935232590794,1.0019772842231112,0.6215876405843408,0.08236320663984698,0.5746575250556132
uwf,heldout_family,credential_access,rf_full__val_robust_minimax,rf_full,sklearn_tree,full,val_robust_minimax,observed,28424,67447,0.15729665071770335,0.6448618915592984,20.71909573301673,0.0002999119460582733,1.0,0.999140065532937,0.9986682586333578,1.0,0.999333685637479,0.9982517225937843,1.0013335172667495,0.6215876405843408,0.002283799201752198,0.5746575250556132
uwf,heldout_family,credential_access,rf_full__val_robust_minimax,rf_full,sklearn_tree,full,val_robust_minimax,low_sampling,28424,67447,0.15729665071770335,0.6448618915592984,20.71909573301673,0.0002776533365249634,1.0,0.9993328094652097,0.9989664438779026,1.0,0.999482954741305,0.9996767477525033,1.0010346254655815,0.6215876405843408,0.002283799201752198,0.5746575250556132
uwf,heldout_family,credential_access,rf_full__val_robust_minimax,rf_full,sklearn_tree,full,val_robust_minimax,congested_link,28424,67447,0.15729665071770335,0.6448618915592984,20.71909573301673,0.0002725459635257721,1.0,0.9959078980532863,0.9936943111720357,1.0,0.9968371837183718,0.9998324543809008,1.0063457028555662,0.6215876405843408,0.002283799201752198,0.5746575250556132
uwf,heldout_family,credential_access,rf_full__val_robust_minimax,rf_full,sklearn_tree,full,val_robust_minimax,high_background,28424,67447,0.15729665071770335,0.6448618915592984,20.71909573301673,0.0002438575029373169,1.0,0.9875754295965721,0.981097175854913,1.0,0.9904584063944618,0.9998949483948149,1.0192670253368281,0.6215876405843408,0.002283799201752198,0.5746575250556132
uwf,heldout_family,credential_access,rf_full__val_robust_minimax,rf_full,sklearn_tree,full,val_robust_minimax,delayed_collector,28424,67447,0.15729665071770335,0.6448618915592984,20.71909573301673,0.00027461349964141846,1.0,0.9990511067949649,0.9985306947059094,1.0,0.9992648072416487,0.9974935232590794,1.001471467328827,0.6215876405843408,0.002283799201752198,0.5746575250556132
uwf,heldout_family,credential_access,rf_full__oracle_env_upper_bound,rf_full,sklearn_tree,full,oracle_env_upper_bound,observed,28424,67447,0.15729665071770335,0.6448618915592984,20.71909573301673,0.0004471875727176666,1.0,0.9993328094652097,0.9989664438779026,1.0,0.999482954741305,0.9982517225937843,1.0010346254655815,0.6215876405843408,0.00013461842060166898,0.5746575250556132
uwf,heldout_family,credential_access,rf_full__oracle_env_upper_bound,rf_full,sklearn_tree,full,oracle_env_upper_bound,low_sampling,28424,67447,0.15729665071770335,0.6448618915592984,20.71909573301673,0.000382009893655777,1.0,0.9997182973297553,0.9995633488842415,1.0,0.9997816267656625,0.9996767477525033,1.0004368418632454,0.6215876405843408,0.00013461842060166898,0.5746575250556132
uwf,heldout_family,credential_access,rf_full__oracle_env_upper_bound,rf_full,sklearn_tree,full,oracle_env_upper_bound,congested_link,28424,67447,0.15729665071770335,0.6448618915592984,20.71909573301673,0.00042819976806640625,1.0,0.9995700327664685,0.999333685637479,1.0,0.9996667317880414,0.9998324543809008,1.0006667586333746,0.6215876405843408,0.00013461842060166898,0.5746575250556132
uwf,heldout_family,credential_access,rf_full__oracle_env_upper_bound,rf_full,sklearn_tree,full,oracle_env_upper_bound,high_background,28424,67447,0.15729665071770335,0.6448618915592984,20.71909573301673,0.000365525484085083,1.0,0.999229024270909,0.99924151880114,0.9995631581367544,0.9994023125905152,0.9998949483948149,1.0003218834781809,0.6215876405843408,0.00013461842060166898,0.5746575250556132
uwf,heldout_family,credential_access,rf_full__oracle_env_upper_bound,rf_full,sklearn_tree,full,oracle_env_upper_bound,delayed_collector,28424,67447,0.15729665071770335,0.6448618915592984,20.71909573301673,0.0003459639847278595,1.0,0.9990659332512936,0.9985536193952752,1.0,0.9992762863149188,0.9974935232590794,1.001448475651814,0.6215876405843408,0.00013461842060166898,0.5746575250556132
uwf,heldout_family,credential_access,gb_full,gb_full,sklearn_boosting,full,native_default,observed,28424,67447,0.15729665071770335,0.6448618915592984,62.017092134803534,0.00038992613554000854,1.0,0.999273503639895,0.9989205080502538,0.9999540166459742,0.9994369951627543,0.999949482237666,1.0010346254655815,0.14435434080348006,0.0006774117767250772,0.3400488222866529
uwf,heldout_family,credential_access,gb_full,gb_full,sklearn_boosting,full,native_default,low_sampling,28424,67447,0.15729665071770335,0.6448618915592984,62.017092134803534,0.0003108493983745575,1.0,0.9991697184455943,0.9994021614164176,0.9993102496896124,0.9993562034397131,0.9999676774628758,0.9999080332919483,0.14435434080348006,0.0006774117767250772,0.3400488222866529
uwf,heldout_family,credential_access,gb_full,gb_full,sklearn_boosting,full,native_default,congested_link,28424,67447,0.15729665071770335,0.6448618915592984,62.017092134803534,0.0003524795174598694,1.0,0.9956706747520275,0.9947322614630572,0.9985745160251989,0.996649685621185,0.9992314907415781,1.0038626017381709,0.14435434080348006,0.0006774117767250772,0.3400488222866529
uwf,heldout_family,credential_access,gb_full,gb_full,sklearn_boosting,full,native_default,high_background,28424,67447,0.15729665071770335,0.6448618915592984,62.017092134803534,0.0003692544996738434,1.0,0.9972719320355242,0.9958327609103814,0.9999540166459742,0.9978891336270191,0.999915239008115,1.004138501862326,0.14435434080348006,0.0006774117767250772,0.3400488222866529
uwf,heldout_family,credential_access,gb_full,gb_full,sklearn_boosting,full,native_default,delayed_collector,28424,67447,0.15729665071770335,0.6448618915592984,62.017092134803534,0.0003290213644504547,1.0,0.9990659332512936,0.9985536193952752,1.0,0.9992762863149188,0.9998856655280176,1.001448475651814,0.14435434080348006,0.0006774117767250772,0.3400488222866529
uwf,heldout_family,credential_access,gb_full__val_observed_f1,gb_full,sklearn_boosting,full,val_observed_f1,observed,28424,67447,0.15729665071770335,0.6448618915592984,62.017092134803534,0.001736767590045929,1.0,0.9990659332512936,0.9985536193952752,1.0,0.9992762863149188,0.999949482237666,1.001448475651814,0.14435434080348006,0.016379098371236047,0.3400488222866529
uwf,heldout_family,credential_access,gb_full__val_observed_f1,gb_full,sklearn_boosting,full,val_observed_f1,low_sampling,28424,67447,0.15729665071770335,0.6448618915592984,62.017092134803534,0.000415995717048645,1.0,0.9990659332512936,0.9985536193952752,1.0,0.9992762863149188,0.9999676774628758,1.001448475651814,0.14435434080348006,0.016379098371236047,0.3400488222866529
uwf,heldout_family,credential_access,gb_full__val_observed_f1,gb_full,sklearn_boosting,full,val_observed_f1,congested_link,28424,67447,0.15729665071770335,0.6448618915592984,62.017092134803534,0.0004692487418651581,1.0,0.9364389817189793,0.9102781440321467,1.0,0.9530320460147905,0.9992314907415781,1.0985653193543936,0.14435434080348006,0.016379098371236047,0.3400488222866529
uwf,heldout_family,credential_access,gb_full__val_observed_f1,gb_full,sklearn_boosting,full,val_observed_f1,high_background,28424,67447,0.15729665071770335,0.6448618915592984,62.017092134803534,0.0004580579698085785,1.0,0.9853069817782851,0.9777228279195235,1.0,0.9887359483513111,0.999915239008115,1.022784751919805,0.14435434080348006,0.016379098371236047,0.3400488222866529
uwf,heldout_family,credential_access,gb_full__val_observed_f1,gb_full,sklearn_boosting,full,val_observed_f1,delayed_collector,28424,67447,0.15729665071770335,0.6448618915592984,62.017092134803534,0.00034441426396369934,1.0,0.9990659332512936,0.9985536193952752,1.0,0.9992762863149188,0.9998856655280176,1.001448475651814,0.14435434080348006,0.016379098371236047,0.3400488222866529
uwf,heldout_family,credential_access,gb_full__val_robust_minimax,gb_full,sklearn_boosting,full,val_robust_minimax,observed,28424,67447,0.15729665071770335,0.6448618915592984,62.017092134803534,0.000406414270401001,1.0,0.9992586771835663,0.998897565457051,0.9999540166459742,0.9994255118689248,0.999949482237666,1.0010576171425944,0.14435434080348006,0.0008428024827435214,0.3400488222866529
uwf,heldout_family,credential_access,gb_full__val_robust_minimax,gb_full,sklearn_boosting,full,val_robust_minimax,low_sampling,28424,67447,0.15729665071770335,0.6448618915592984,62.017092134803534,0.00035980716347694397,1.0,0.999184544901923,0.9993562478445799,0.9993792247206511,0.9993677361505477,0.9999676774628758,1.000022991677013,0.14435434080348006,0.0008428024827435214,0.3400488222866529
uwf,heldout_family,credential_access,gb_full__val_robust_minimax,gb_full,sklearn_boosting,full,val_robust_minimax,congested_link,28424,67447,0.15729665071770335,0.6448618915592984,62.017092134803534,0.0003139115869998932,1.0,0.9950924429552093,0.9937315549861591,0.9986894744102635,0.9962043460810733,0.9992314907415781,1.0049891939118039,0.14435434080348006,0.0008428024827435214,0.3400488222866529
uwf,heldout_family,credential_access,gb_full__val_robust_minimax,gb_full,sklearn_boosting,full,val_robust_minimax,high_background,28424,67447,0.15729665071770335,0.6448618915592984,62.017092134803534,0.000363275408744812,1.0,0.9963823446558038,0.9944665477660402,0.9999540166459742,0.9972027330673637,0.999915239008115,1.0055180024831012,0.14435434080348006,0.0008428024827435214,0.3400488222866529
uwf,heldout_family,credential_access,gb_full__val_robust_minimax,gb_full,sklearn_boosting,full,val_robust_minimax,delayed_collector,28424,67447,0.15729665071770335,0.6448618915592984,62.017092134803534,0.0003383457660675049,1.0,0.9990659332512936,0.9985536193952752,1.0,0.9992762863149188,0.9998856655280176,1.001448475651814,0.14435434080348006,0.0008428024827435214,0.3400488222866529
uwf,heldout_family,credential_access,gb_full__oracle_env_upper_bound,gb_full,sklearn_boosting,full,oracle_env_upper_bound,observed,28424,67447,0.15729665071770335,0.6448618915592984,62.017092134803534,0.00046636536717414856,1.0,0.9992883300962238,0.998897616094805,1.0,0.9994485040672825,0.999949482237666,1.0011036004966203,0.14435434080348006,0.00048009793334453536,0.3400488222866529
uwf,heldout_family,credential_access,gb_full__oracle_env_upper_bound,gb_full,sklearn_boosting,full,oracle_env_upper_bound,low_sampling,28424,67447,0.15729665071770335,0.6448618915592984,62.017092134803534,0.00042910128831863403,1.0,0.9993624623778671,0.9990123343363116,1.0,0.9995059231767991,0.9999676774628758,1.0009886421115557,0.14435434080348006,0.00048009793334453536,0.3400488222866529
uwf,heldout_family,credential_access,gb_full__oracle_env_upper_bound,gb_full,sklearn_boosting,full,oracle_env_upper_bound,congested_link,28424,67447,0.15729665071770335,0.6448618915592984,62.017092134803534,0.00038967281579971313,1.0,0.9965602621317479,0.9961238532110092,0.998551524348186,0.997336211449698,0.9992314907415781,1.0024371177633697,0.14435434080348006,0.00048009793334453536,0.3400488222866529
uwf,heldout_family,credential_access,gb_full__oracle_env_upper_bound,gb_full,sklearn_boosting,full,oracle_env_upper_bound,high_background,28424,67447,0.15729665071770335,0.6448618915592984,62.017092134803534,0.00037956610321998596,1.0,0.9993328094652097,0.9990122889629034,0.9999540166459742,0.9994829309770307,0.999915239008115,1.0009426587575299,0.14435434080348006,0.00048009793334453536,0.3400488222866529
uwf,heldout_family,credential_access,gb_full__oracle_env_upper_bound,gb_full,sklearn_boosting,full,oracle_env_upper_bound,delayed_collector,28424,67447,0.15729665071770335,0.6448618915592984,62.017092134803534,0.00042843446135520935,1.0,0.9990659332512936,0.9985536193952752,1.0,0.9992762863149188,0.9998856655280176,1.001448475651814,0.14435434080348006,0.00048009793334453536,0.3400488222866529
uwf,heldout_family,credential_access,xgb_full,xgb_full,xgboost,full,native_default,observed,28424,67447,0.15729665071770335,0.6448618915592984,20.805058915168047,0.00846833735704422,1.0,0.9993328094652097,0.9989664438779026,1.0,0.999482954741305,0.9999761818781197,1.0010346254655815,0.0738509001029232,0.002232775441518253,0.0934801894517582
uwf,heldout_family,credential_access,xgb_full,xgb_full,xgboost,full,native_default,low_sampling,28424,67447,0.15729665071770335,0.6448618915592984,20.805058915168047,0.0005200691521167755,1.0,0.9993921152905244,0.9990582290111405,1.0,0.9995288926679613,0.9999999904013371,1.0009426587575299,0.0738509001029232,0.002232775441518253,0.0934801894517582
uwf,heldout_family,credential_access,xgb_full,xgb_full,xgboost,full,native_default,congested_link,28424,67447,0.15729665071770335,0.6448618915592984,20.805058915168047,0.0005275309085845947,1.0,0.9951814016931814,0.992583126041215,1.0,0.9962777593256446,0.9999980841069045,1.0074722950291994,0.0738509001029232,0.002232775441518253,0.0934801894517582
uwf,heldout_family,credential_access,xgb_full,xgb_full,xgboost,full,native_default,high_background,28424,67447,0.15729665071770335,0.6448618915592984,20.805058915168047,0.0004647485911846161,1.0,0.9882426201313624,0.9820940682367286,1.0,0.9909661544069901,0.9999663307704846,1.0182323998712466,0.0738509001029232,0.002232775441518253,0.0934801894517582
uwf,heldout_family,credential_access,xgb_full,xgb_full,xgboost,full,native_default,delayed_collector,28424,67447,0.15729665071770335,0.6448618915592984,20.805058915168047,0.0005700699985027313,1.0,0.9990511067949649,0.9985306947059094,1.0,0.9992648072416487,0.9998633438376684,1.001471467328827,0.0738509001029232,0.002232775441518253,0.0934801894517582
uwf,heldout_family,credential_access,xgb_full__val_observed_f1,xgb_full,xgboost,full,val_observed_f1,observed,28424,67447,0.15729665071770335,0.6448618915592984,20.805058915168047,0.0005467794835567474,1.0,0.9988435364063635,0.9982098595428257,1.0,0.9991041279029702,0.9999761818781197,1.0017933508070078,0.0738509001029232,0.0036085890509421886,0.0934801894517582
uwf,heldout_family,credential_access,xgb_full__val_observed_f1,xgb_full,xgboost,full,val_observed_f1,low_sampling,28424,67447,0.15729665071770335,0.6448618915592984,20.805058915168047,0.000527992844581604,1.0,0.9932836152831112,0.9896921291555738,1.0,0.9948193639139534,0.9999999904013371,1.0104152296868534,0.0738509001029232,0.0036085890509421886,0.0934801894517582
uwf,heldout_family,credential_access,xgb_full__val_observed_f1,xgb_full,xgboost,full,val_observed_f1,congested_link,28424,67447,0.15729665071770335,0.6448618915592984,20.805058915168047,0.0004974938929080963,1.0,0.9893694308123415,0.9837823166180363,1.0,0.9918248674533949,0.9999980841069045,1.0164850324182646,0.0738509001029232,0.0036085890509421886,0.0934801894517582
uwf,heldout_family,credential_access,xgb_full__val_observed_f1,xgb_full,xgboost,full,val_observed_f1,high_background,28424,67447,0.15729665071770335,0.6448618915592984,20.805058915168047,0.0004938915371894836,1.0,0.9785016383234243,0.9677376290494838,1.0,0.9836043329790362,0.9999663307704846,1.0333379316687359,0.0738509001029232,0.0036085890509421886,0.0934801894517582
uwf,heldout_family,credential_access,xgb_full__val_observed_f1,xgb_full,xgboost,full,val_observed_f1,delayed_collector,28424,67447,0.15729665071770335,0.6448618915592984,20.805058915168047,0.0005430802702903748,1.0,0.9989324951443356,0.9983473350778129,1.0,0.9991729841488629,0.9998633438376684,1.0016554007449303,0.0738509001029232,0.0036085890509421886,0.0934801894517582
uwf,heldout_family,credential_access,xgb_full__val_robust_minimax,xgb_full,xgboost,full,val_robust_minimax,observed,28424,67447,0.15729665071770335,0.6448618915592984,20.805058915168047,0.0004413612186908722,1.0,0.9990659332512936,0.9985536193952752,1.0,0.9992762863149188,0.9999761818781197,1.001448475651814,0.0738509001029232,0.003536496914964385,0.0934801894517582
uwf,heldout_family,credential_access,xgb_full__val_robust_minimax,xgb_full,xgboost,full,val_robust_minimax,low_sampling,28424,67447,0.15729665071770335,0.6448618915592984,20.805058915168047,0.0004500262439250946,1.0,0.9991104126202797,0.998622399779584,1.0,0.9993107251171768,0.9999999904013371,1.0013795006207753,0.0738509001029232,0.003536496914964385,0.0934801894517582
uwf,heldout_family,credential_access,xgb_full__val_robust_minimax,xgb_full,xgboost,full,val_robust_minimax,congested_link,28424,67447,0.15729665071770335,0.6448618915592984,20.805058915168047,0.0005843974649906158,1.0,0.9932243094577965,0.989602056836022,1.0,0.9947738578535079,0.9999980841069045,1.010507196394905,0.0738509001029232,0.003536496914964385,0.0934801894517582
uwf,heldout_family,credential_access,xgb_full__val_robust_minimax,xgb_full,xgboost,full,val_robust_minimax,high_background,28424,67447,0.15729665071770335,0.6448618915592984,20.805058915168047,0.0005203299224376678,1.0,0.9823268640562219,0.9733249787405451,1.0,0.9864821955091858,0.9999663307704846,1.0274060789994022,0.0738509001029232,0.003536496914964385,0.0934801894517582
uwf,heldout_family,credential_access,xgb_full__val_robust_minimax,xgb_full,xgboost,full,val_robust_minimax,delayed_collector,28424,67447,0.15729665071770335,0.6448618915592984,20.805058915168047,0.000500991940498352,1.0,0.9990511067949649,0.9985306947059094,1.0,0.9992648072416487,0.9998633438376684,1.001471467328827,0.0738509001029232,0.003536496914964385,0.0934801894517582
uwf,heldout_family,credential_access,xgb_full__oracle_env_upper_bound,xgb_full,xgboost,full,oracle_env_upper_bound,observed,28424,67447,0.15729665071770335,0.6448618915592984,20.805058915168047,0.0014095976948738098,1.0,0.9999258677183567,0.9998850548288466,1.0,0.9999425241111354,0.9999761818781197,1.0001149583850646,0.0738509001029232,0.00023618494920138716,0.0934801894517582
uwf,heldout_family,credential_access,xgb_full__oracle_env_upper_bound,xgb_full,xgboost,full,oracle_env_upper_bound,low_sampling,28424,67447,0.15729665071770335,0.6448618915592984,20.805058915168047,0.0008804723620414734,1.0,0.9999703470873427,0.9999770083229871,0.9999770083229871,0.9999770083229871,0.9999999904013371,1.0,0.0738509001029232,0.00023618494920138716,0.0934801894517582
uwf,heldout_family,credential_access,xgb_full__oracle_env_upper_bound,xgb_full,xgboost,full,oracle_env_upper_bound,congested_link,28424,67447,0.15729665071770335,0.6448618915592984,20.805058915168047,0.0008561350405216217,1.0,0.9999406941746853,0.9999080417490459,1.0,0.9999540187603457,0.9999980841069045,1.0000919667080517,0.0738509001029232,0.00023618494920138716,0.0934801894517582
uwf,heldout_family,credential_access,xgb_full__oracle_env_upper_bound,xgb_full,xgboost,full,oracle_env_upper_bound,high_background,28424,67447,0.15729665071770335,0.6448618915592984,20.805058915168047,0.0008052214980125427,1.0,0.9991252390766083,0.9995629471166011,0.9990803329194832,0.9993215817493992,0.9999663307704846,0.9995171747827286,0.0738509001029232,0.00023618494920138716,0.0934801894517582
uwf,heldout_family,credential_access,xgb_full__oracle_env_upper_bound,xgb_full,xgboost,full,oracle_env_upper_bound,delayed_collector,28424,67447,0.15729665071770335,0.6448618915592984,20.805058915168047,0.0008413754403591156,1.0,0.9996886444170978,0.9995174077904171,1.0,0.9997586456573458,0.9998633438376684,1.0004828252172713,0.0738509001029232,0.00023618494920138716,0.0934801894517582
uwf,heldout_family,credential_access,lgbm_full,lgbm_full,lightgbm,full,native_default,observed,28424,67447,0.15729665071770335,0.6448618915592984,14.281526830047369,0.00038023293018341064,1.0,0.9992586771835663,0.9988517361749035,1.0,0.9994255382706404,0.9999862182399468,1.0011495838506461,0.13228594045972408,0.002613239094059899,0.16647995161535545
uwf,heldout_family,credential_access,lgbm_full,lgbm_full,lightgbm,full,native_default,low_sampling,28424,67447,0.15729665071770335,0.6448618915592984,14.281526830047369,0.00033182650804519653,1.0,0.9997776031550699,0.9996552437426739,1.0,0.9998275921519948,0.9999999472073547,1.0003448751551938,0.13228594045972408,0.002613239094059899,0.16647995161535545
uwf,heldout_family,credential_access,lgbm_full,lgbm_full,lightgbm,full,native_default,congested_link,28424,67447,0.15729665071770335,0.6448618915592984,14.281526830047369,0.0003111027181148529,1.0,0.9990511067949649,0.9985306947059094,1.0,0.9992648072416487,0.9999685451819933,1.001471467328827,0.13228594045972408,0.002613239094059899,0.16647995161535545
uwf,heldout_family,credential_access,lgbm_full,lgbm_full,lightgbm,full,native_default,high_background,28424,67447,0.15729665071770335,0.6448618915592984,14.281526830047369,0.00032770633697509766,1.0,0.9880498761990897,0.9818058690744921,1.0,0.990819418183475,0.999964825700157,1.0185312916724145,0.13228594045972408,0.002613239094059899,0.16647995161535545
uwf,heldout_family,credential_access,lgbm_full,lgbm_full,lightgbm,full,native_default,delayed_collector,28424,67447,0.15729665071770335,0.6448618915592984,14.281526830047369,0.00033940374851226807,1.0,0.9990659332512936,0.9985536193952752,1.0,0.9992762863149188,0.9999127519945825,1.001448475651814,0.13228594045972408,0.002613239094059899,0.16647995161535545
uwf,heldout_family,credential_access,lgbm_full__val_observed_f1,lgbm_full,lightgbm,full,val_observed_f1,observed,28424,67447,0.15729665071770335,0.6448618915592984,14.281526830047369,0.0004215240478515625,1.0,0.9990511067949649,0.9985306947059094,1.0,0.9992648072416487,0.9999862182399468,1.001471467328827,0.13228594045972408,0.004784792830774058,0.16647995161535545
uwf,heldout_family,credential_access,lgbm_full__val_observed_f1,lgbm_full,lightgbm,full,val_observed_f1,low_sampling,28424,67447,0.15729665071770335,0.6448618915592984,14.281526830047369,0.00031332671642303467,1.0,0.9993624623778671,0.9990123343363116,1.0,0.9995059231767991,0.9999999472073547,1.0009886421115557,0.13228594045972408,0.004784792830774058,0.16647995161535545
uwf,heldout_family,credential_access,lgbm_full__val_observed_f1,lgbm_full,lightgbm,full,val_observed_f1,congested_link,28424,67447,0.15729665071770335,0.6448618915592984,14.281526830047369,0.00029315054416656494,1.0,0.9919047548445447,0.9876021798365122,1.0,0.9937624237439167,0.9999685451819933,1.012553455649055,0.13228594045972408,0.004784792830774058,0.16647995161535545
uwf,heldout_family,credential_access,lgbm_full__val_observed_f1,lgbm_full,lightgbm,full,val_observed_f1,high_background,28424,67447,0.15729665071770335,0.6448618915592984,14.281526830047369,0.00030102208256721497,1.0,0.977923406526606,0.9668986061400974,1.0,0.9831707675441075,0.999964825700157,1.03423460707224,0.13228594045972408,0.004784792830774058,0.16647995161535545
uwf,heldout_family,credential_access,lgbm_full__val_observed_f1,lgbm_full,lightgbm,full,val_observed_f1,delayed_collector,28424,67447,0.15729665071770335,0.6448618915592984,14.281526830047369,0.00034222379326820374,1.0,0.9990511067949649,0.9985306947059094,1.0,0.9992648072416487,0.9999127519945825,1.001471467328827,0.13228594045972408,0.004784792830774058,0.16647995161535545
uwf,heldout_family,credential_access,lgbm_full__val_robust_minimax,lgbm_full,lightgbm,full,val_robust_minimax,observed,28424,67447,0.15729665071770335,0.6448618915592984,14.281526830047369,0.00038552284240722656,1.0,0.999184544901923,0.9987370548118212,1.0,0.9993681283963098,0.9999862182399468,1.0012645422357107,0.13228594045972408,0.003494748952005859,0.16647995161535545
uwf,heldout_family,credential_access,lgbm_full__val_robust_minimax,lgbm_full,lightgbm,full,val_robust_minimax,low_sampling,28424,67447,0.15729665071770335,0.6448618915592984,14.281526830047369,0.0002861917018890381,1.0,0.9996738179607692,0.9994944388270981,1.0,0.9997471554993679,0.9999999472073547,1.0005058168942842,0.13228594045972408,0.003494748952005859,0.16647995161535545
uwf,heldout_family,credential_access,lgbm_full__val_robust_minimax,lgbm_full,lightgbm,full,val_robust_minimax,congested_link,28424,67447,0.15729665071770335,0.6448618915592984,14.281526830047369,0.0003627464175224304,1.0,0.9956410218393702,0.9932858317347218,1.0,0.9966316078916615,0.9999685451819933,1.0067595530417988,0.13228594045972408,0.003494748952005859,0.16647995161535545
uwf,heldout_family,credential_access,lgbm_full__val_robust_minimax,lgbm_full,lightgbm,full,val_robust_minimax,high_background,28424,67447,0.15729665071770335,0.6448618915592984,14.281526830047369,0.0003075934946537018,1.0,0.983453674737201,0.9749831876260928,1.0,0.9873331517297739,0.999964825700157,1.0256587115464202,0.13228594045972408,0.003494748952005859,0.16647995161535545
uwf,heldout_family,credential_access,lgbm_full__val_robust_minimax,lgbm_full,lightgbm,full,val_robust_minimax,delayed_collector,28424,67447,0.15729665071770335,0.6448618915592984,14.281526830047369,0.0002901889383792877,1.0,0.9990659332512936,0.9985536193952752,1.0,0.9992762863149188,0.9999127519945825,1.001448475651814,0.13228594045972408,0.003494748952005859,0.16647995161535545
uwf,heldout_family,credential_access,lgbm_full__oracle_env_upper_bound,lgbm_full,lightgbm,full,oracle_env_upper_bound,observed,28424,67447,0.15729665071770335,0.6448618915592984,14.281526830047369,0.0004905946552753448,1.0,0.9994959004848252,0.9992877165571435,0.9999310249689612,0.9996092672611934,0.9999862182399468,1.0006437669563617,0.13228594045972408,0.0011824930819247946,0.16647995161535545
uwf,heldout_family,credential_access,lgbm_full__oracle_env_upper_bound,lgbm_full,lightgbm,full,oracle_env_upper_bound,low_sampling,28424,67447,0.15729665071770335,0.6448618915592984,14.281526830047369,0.0003583170473575592,1.0,0.9999406941746853,0.9999080417490459,1.0,0.9999540187603457,0.9999999472073547,1.0000919667080517,0.13228594045972408,0.0011824930819247946,0.16647995161535545
uwf,heldout_family,credential_access,lgbm_full__oracle_env_upper_bound,lgbm_full,lightgbm,full,oracle_env_upper_bound,congested_link,28424,67447,0.15729665071770335,0.6448618915592984,14.281526830047369,0.0003345757722854614,1.0,0.9997034708734266,0.9995403778094406,1.0,0.999770136079441,0.9999685451819933,1.0004598335402584,0.13228594045972408,0.0011824930819247946,0.16647995161535545
uwf,heldout_family,credential_access,lgbm_full__oracle_env_upper_bound,lgbm_full,lightgbm,full,oracle_env_upper_bound,high_background,28424,67447,0.15729665071770335,0.6448618915592984,14.281526830047369,0.0003394968807697296,1.0,0.9943955995077617,0.9915408819371608,0.9998390582609096,0.9956726806484111,0.999964825700157,1.0083689704327035,0.13228594045972408,0.0011824930819247946,0.16647995161535545
uwf,heldout_family,credential_access,lgbm_full__oracle_env_upper_bound,lgbm_full,lightgbm,full,oracle_env_upper_bound,delayed_collector,28424,67447,0.15729665071770335,0.6448618915592984,14.281526830047369,0.00040430203080177307,1.0,0.9990659332512936,0.9985536193952752,1.0,0.9992762863149188,0.9999127519945825,1.001448475651814,0.13228594045972408,0.0011824930819247946,0.16647995161535545
uwf,heldout_family,credential_access,cat_full,cat_full,catboost,full,native_default,observed,28424,67447,0.15729665071770335,0.6448618915592984,19.288934223353863,0.0003353804349899292,1.0,0.9993476359215384,0.998989388580091,1.0,0.9994944388270981,0.9998238290225058,1.0010116337885686,0.17289884078334933,0.0006098525440717278,0.10300588290074626
uwf,heldout_family,credential_access,cat_full,cat_full,catboost,full,native_default,low_sampling,28424,67447,0.15729665071770335,0.6448618915592984,19.288934223353863,0.0003043226897716522,1.0,0.9993624623778671,0.9990123343363116,1.0,0.9995059231767991,0.9999936504845556,1.0009886421115557,0.17289884078334933,0.0006098525440717278,0.10300588290074626
uwf,heldout_family,credential_access,cat_full,cat_full,catboost,full,native_default,congested_link,28424,67447,0.15729665071770335,0.6448618915592984,19.288934223353863,0.0003371387720108032,1.0,0.9980429077646151,0.9969742813918305,1.0,0.9984848484848485,0.9999535655088223,1.0030349013657056,0.17289884078334933,0.0006098525440717278,0.10300588290074626
uwf,heldout_family,credential_access,cat_full,cat_full,catboost,full,native_default,high_background,28424,67447,0.15729665071770335,0.6448618915592984,19.288934223353863,0.00034699589014053345,1.0,0.9951220958678666,0.9924925267553568,1.0,0.9962321197475864,0.9998452685957433,1.007564261737251,0.17289884078334933,0.0006098525440717278,0.10300588290074626
uwf,heldout_family,credential_access,cat_full,cat_full,catboost,full,native_default,delayed_collector,28424,67447,0.15729665071770335,0.6448618915592984,19.288934223353863,0.0003822222352027893,1.0,0.9990659332512936,0.9985536193952752,1.0,0.9992762863149188,0.9996350338836925,1.001448475651814,0.17289884078334933,0.0006098525440717278,0.10300588290074626
uwf,heldout_family,credential_access,cat_full__val_observed_f1,cat_full,catboost,full,val_observed_f1,observed,28424,67447,0.15729665071770335,0.6448618915592984,19.288934223353863,0.00044650956988334656,1.0,0.9989324951443356,0.9983473350778129,1.0,0.9991729841488629,0.9998238290225058,1.0016554007449303,0.17289884078334933,0.0041647519650413875,0.10300588290074626
uwf,heldout_family,credential_access,cat_full__val_observed_f1,cat_full,catboost,full,val_observed_f1,low_sampling,28424,67447,0.15729665071770335,0.6448618915592984,19.288934223353863,0.00032869353890419006,1.0,0.9852180230403131,0.9775909734553055,1.0,0.9886685230437007,0.9999936504845556,1.0229227019818825,0.17289884078334933,0.0041647519650413875,0.10300588290074626
uwf,heldout_family,credential_access,cat_full__val_observed_f1,cat_full,catboost,full,val_observed_f1,congested_link,28424,67447,0.15729665071770335,0.6448618915592984,19.288934223353863,0.00029411911964416504,1.0,0.9835722863878305,0.9751580646607776,1.0,0.9874228114783872,0.9999535655088223,1.0254747781303168,0.17289884078334933,0.0041647519650413875,0.10300588290074626
uwf,heldout_family,credential_access,cat_full__val_observed_f1,cat_full,catboost,full,val_observed_f1,high_background,28424,67447,0.15729665071770335,0.6448618915592984,19.288934223353863,0.0003268420696258545,1.0,0.9783385473038089,0.9675008341675009,1.0,0.9834820065800631,0.9998452685957433,1.033590840115878,0.17289884078334933,0.0041647519650413875,0.10300588290074626
uwf,heldout_family,credential_access,cat_full__val_observed_f1,cat_full,catboost,full,val_observed_f1,delayed_collector,28424,67447,0.15729665071770335,0.6448618915592984,19.288934223353863,0.00033908337354660034,1.0,0.9987842305810488,0.9981182302184689,1.0,0.9990582290111405,0.9996350338836925,1.0018853175150595,0.17289884078334933,0.0041647519650413875,0.10300588290074626
uwf,heldout_family,credential_access,cat_full__val_robust_minimax,cat_full,catboost,full,val_robust_minimax,observed,28424,67447,0.15729665071770335,0.6448618915592984,19.288934223353863,0.0003710314631462097,1.0,0.9993772888341957,0.9990352811466373,1.0,0.9995174077904171,0.9998238290225058,1.0009656504345428,0.17289884078334933,1.1118068258550631e-05,0.10300588290074626
uwf,heldout_family,credential_access,cat_full__val_robust_minimax,cat_full,catboost,full,val_robust_minimax,low_sampling,28424,67447,0.15729665071770335,0.6448618915592984,19.288934223353863,0.00030511990189552307,1.0,0.9995107269411538,0.9992418498862775,1.0,0.999620781190747,0.9999936504845556,1.0007587253414265,0.17289884078334933,1.1118068258550631e-05,0.10300588290074626
uwf,heldout_family,credential_access,cat_full__val_robust_minimax,cat_full,catboost,full,val_robust_minimax,congested_link,28424,67447,0.15729665071770335,0.6448618915592984,19.288934223353863,0.00032674893736839294,1.0,0.9994069417468531,0.9990811779298939,1.0,0.9995403778094406,0.9999535655088223,1.000919667080517,0.17289884078334933,1.1118068258550631e-05,0.10300588290074626
uwf,heldout_family,credential_access,cat_full__val_robust_minimax,cat_full,catboost,full,val_robust_minimax,high_background,28424,67447,0.15729665071770335,0.6448618915592984,19.288934223353863,0.00031579285860061646,1.0,0.9993476359215384,0.998989388580091,1.0,0.9994944388270981,0.9998452685957433,1.0010116337885686,0.17289884078334933,1.1118068258550631e-05,0.10300588290074626
uwf,heldout_family,credential_access,cat_full__val_robust_minimax,cat_full,catboost,full,val_robust_minimax,delayed_collector,28424,67447,0.15729665071770335,0.6448618915592984,19.288934223353863,0.0003179013729095459,1.0,0.999140065532937,0.9986682586333578,1.0,0.999333685637479,0.9996350338836925,1.0013335172667495,0.17289884078334933,1.1118068258550631e-05,0.10300588290074626
uwf,heldout_family,credential_access,cat_full__oracle_env_upper_bound,cat_full,catboost,full,oracle_env_upper_bound,observed,28424,67447,0.15729665071770335,0.6448618915592984,19.288934223353863,0.00042913854122161865,1.0,0.9996145121354545,0.9994025735294118,1.0,0.9997011975084469,0.9998238290225058,1.0005977836023359,0.17289884078334933,3.2372092145268e-05,0.10300588290074626
uwf,heldout_family,credential_access,cat_full__oracle_env_upper_bound,cat_full,catboost,full,oracle_env_upper_bound,low_sampling,28424,67447,0.15729665071770335,0.6448618915592984,19.288934223353863,0.0004301778972148895,1.0,0.9997924296113986,0.9996782200974533,1.0,0.9998390841589848,0.9999936504845556,1.0003218834781809,0.17289884078334933,3.2372092145268e-05,0.10300588290074626
uwf,heldout_family,credential_access,cat_full__oracle_env_upper_bound,cat_full,catboost,full,oracle_env_upper_bound,congested_link,28424,67447,0.15729665071770335,0.6448618915592984,19.288934223353863,0.0003791823983192444,1.0,0.9997924296113986,0.9996782200974533,1.0,0.9998390841589848,0.9999535655088223,1.0003218834781809,0.17289884078334933,3.2372092145268e-05,0.10300588290074626
uwf,heldout_family,credential_access,cat_full__oracle_env_upper_bound,cat_full,catboost,full,oracle_env_upper_bound,high_background,28424,67447,0.15729665071770335,0.6448618915592984,19.288934223353863,0.00036783143877983093,1.0,0.9995255533974825,0.9992877492877493,0.9999770083229871,0.9996322599921855,0.9998452685957433,1.0006897503103875,0.17289884078334933,3.2372092145268e-05,0.10300588290074626
uwf,heldout_family,credential_access,cat_full__oracle_env_upper_bound,cat_full,catboost,full,oracle_env_upper_bound,delayed_collector,28424,67447,0.15729665071770335,0.6448618915592984,19.288934223353863,0.00042003020644187927,1.0,0.9996589915044405,0.9995633087407203,0.9999080332919483,0.9997356412997253,0.9996350338836925,1.0003448751551938,0.17289884078334933,3.2372092145268e-05,0.10300588290074626
uwf,heldout_family,credential_access,iforest_env_sensitive,iforest_env_sensitive,sklearn_anomaly,env_sensitive,native_default,observed,28424,67447,0.15729665071770335,0.6448618915592984,19.394524447619915,0.0005150213837623596,1.0,0.8845463845686242,0.8481503870829352,1.0,0.917836982326563,0.9873865627870198,1.1790361888996184,0.6480469724668096,0.055005266245133536,0.3965281549654165
uwf,heldout_family,credential_access,iforest_env_sensitive,iforest_env_sensitive,sklearn_anomaly,env_sensitive,native_default,low_sampling,28424,67447,0.15729665071770335,0.6448618915592984,19.394524447619915,0.00044655054807662964,1.0,0.7077112399365427,0.6881091001139096,1.0,0.8152424509381268,0.9992088743722807,1.453257920632731,0.6480469724668096,0.055005266245133536,0.3965281549654165
uwf,heldout_family,credential_access,iforest_env_sensitive,iforest_env_sensitive,sklearn_anomaly,env_sensitive,native_default,congested_link,28424,67447,0.15729665071770335,0.6448618915592984,19.394524447619915,0.00044519826769828796,1.0,0.791777247320118,0.7559178282178735,1.0,0.8609945363845118,0.99172498799788,1.322895111969467,0.6480469724668096,0.055005266245133536,0.3965281549654165
uwf,heldout_family,credential_access,iforest_env_sensitive,iforest_env_sensitive,sklearn_anomaly,env_sensitive,native_default,high_background,28424,67447,0.15729665071770335,0.6448618915592984,19.394524447619915,0.00045817717909812927,1.0,0.647649265349089,0.6466643869221963,1.0,0.7854234196816339,0.9906236307087569,1.5463972042120753,0.6480469724668096,0.055005266245133536,0.3965281549654165
uwf,heldout_family,credential_access,iforest_env_sensitive,iforest_env_sensitive,sklearn_anomaly,env_sensitive,native_default,delayed_collector,28424,67447,0.15729665071770335,0.6448618915592984,19.394524447619915,0.00043197348713874817,1.0,0.841905496167361,0.8031094779991507,1.0,0.8908050096773202,0.9864326040037047,1.24516025198878,0.6480469724668096,0.055005266245133536,0.3965281549654165
uwf,heldout_family,credential_access,iforest_env_sensitive__val_observed_f1,iforest_env_sensitive,sklearn_anomaly,env_sensitive,val_observed_f1,observed,28424,67447,0.15729665071770335,0.6448618915592984,19.394524447619915,0.0007071197032928467,1.0,0.9488042462970925,0.9264489743753594,1.0,0.9618204133081235,0.9873865627870198,1.0793902607256174,0.6480469724668096,0.02945428885900403,0.3965281549654165
uwf,heldout_family,credential_access,iforest_env_sensitive__val_observed_f1,iforest_env_sensitive,sklearn_anomaly,env_sensitive,val_observed_f1,low_sampling,28424,67447,0.15729665071770335,0.6448618915592984,19.394524447619915,0.0004253312945365906,1.0,0.9953444927127967,0.9988216810683425,0.9939531889456017,0.9963814879690237,0.9992088743722807,0.9951257644732607,0.6480469724668096,0.02945428885900403,0.3965281549654165
uwf,heldout_family,credential_access,iforest_env_sensitive__val_observed_f1,iforest_env_sensitive,sklearn_anomaly,env_sensitive,val_observed_f1,congested_link,28424,67447,0.15729665071770335,0.6448618915592984,19.394524447619915,0.0006067007780075073,1.0,0.8676293978976085,0.8296898248826828,1.0,0.9069185537345177,0.99172498799788,1.2052696923713615,0.6480469724668096,0.02945428885900403,0.3965281549654165
uwf,heldout_family,credential_access,iforest_env_sensitive__val_observed_f1,iforest_env_sensitive,sklearn_anomaly,env_sensitive,val_observed_f1,high_background,28424,67447,0.15729665071770335,0.6448618915592984,19.394524447619915,0.0003914684057235718,1.0,0.8605423517725028,0.8222049982986124,0.9999770083229871,0.9024192879077102,0.9906236307087569,1.2162137306295122,0.6480469724668096,0.02945428885900403,0.3965281549654165
uwf,heldout_family,credential_access,iforest_env_sensitive__val_observed_f1,iforest_env_sensitive,sklearn_anomaly,env_sensitive,val_observed_f1,delayed_collector,28424,67447,0.15729665071770335,0.6448618915592984,19.394524447619915,0.00040720030665397644,1.0,0.939537711091672,0.9142773059783066,1.0,0.9552192915028661,0.9864326040037047,1.093760058858693,0.6480469724668096,0.02945428885900403,0.3965281549654165
uwf,heldout_family,credential_access,iforest_env_sensitive__val_robust_minimax,iforest_env_sensitive,sklearn_anomaly,env_sensitive,val_robust_minimax,observed,28424,67447,0.15729665071770335,0.6448618915592984,19.394524447619915,0.0003112778067588806,1.0,0.7943718771776358,0.758223942262434,1.0,0.8624884737797079,0.9873865627870198,1.3188715684922059,0.6480469724668096,0.0506016009270479,0.3965281549654165
uwf,heldout_family,credential_access,iforest_env_sensitive__val_robust_minimax,iforest_env_sensitive,sklearn_anomaly,env_sensitive,val_robust_minimax,low_sampling,28424,67447,0.15729665071770335,0.6448618915592984,19.394524447619915,0.0002573765814304352,1.0,0.6523492520052783,0.6497266290221385,1.0,0.7876779311094209,0.9992088743722807,1.5391088425989792,0.6480469724668096,0.0506016009270479,0.3965281549654165
uwf,heldout_family,credential_access,iforest_env_sensitive__val_robust_minimax,iforest_env_sensitive,sklearn_anomaly,env_sensitive,val_robust_minimax,congested_link,28424,67447,0.15729665071770335,0.6448618915592984,19.394524447619915,0.00030512362718582153,1.0,0.6469079425326553,0.6461840169962412,1.0,0.7850689963268143,0.99172498799788,1.5475467880627214,0.6480469724668096,0.0506016009270479,0.3965281549654165
uwf,heldout_family,credential_access,iforest_env_sensitive__val_robust_minimax,iforest_env_sensitive,sklearn_anomaly,env_sensitive,val_robust_minimax,high_background,28424,67447,0.15729665071770335,0.6448618915592984,19.394524447619915,0.00025837868452072144,1.0,0.6736845226622385,0.6640001221318108,1.0,0.7980770112938889,0.9906236307087569,1.5060238193773854,0.6480469724668096,0.0506016009270479,0.3965281549654165
uwf,heldout_family,credential_access,iforest_env_sensitive__val_robust_minimax,iforest_env_sensitive,sklearn_anomaly,env_sensitive,val_robust_minimax,delayed_collector,28424,67447,0.15729665071770335,0.6448618915592984,19.394524447619915,0.0002811253070831299,1.0,0.8126232449182321,0.7748521342549705,1.0,0.8731455644108967,0.9864326040037047,1.2905688140892997,0.6480469724668096,0.0506016009270479,0.3965281549654165
uwf,heldout_family,credential_access,iforest_env_sensitive__oracle_env_upper_bound,iforest_env_sensitive,sklearn_anomaly,env_sensitive,oracle_env_upper_bound,observed,28424,67447,0.15729665071770335,0.6448618915592984,19.394524447619915,0.0004944987595081329,1.0,0.9948848725666078,0.9921302949428591,1.0,0.9960496032427605,0.9873865627870198,1.0079321285694578,0.6480469724668096,0.0026962828197977995,0.3965281549654165
uwf,heldout_family,credential_access,iforest_env_sensitive__oracle_env_upper_bound,iforest_env_sensitive,sklearn_anomaly,env_sensitive,oracle_env_upper_bound,low_sampling,28424,67447,0.15729665071770335,0.6448618915592984,19.394524447619915,0.0005218237638473511,1.0,0.9953889720817828,0.9991215700779028,0.9937232721754725,0.9964151095639344,0.9992088743722807,0.9945969559019635,0.6480469724668096,0.0026962828197977995,0.3965281549654165
uwf,heldout_family,credential_access,iforest_env_sensitive__oracle_env_upper_bound,iforest_env_sensitive,sklearn_anomaly,env_sensitive,oracle_env_upper_bound,congested_link,28424,67447,0.15729665071770335,0.6448618915592984,19.394524447619915,0.00036871805787086487,1.0,0.9924978130976915,0.9892338507761642,0.9992412746585736,0.994212380473075,0.99172498799788,1.0101163378856854,0.6480469724668096,0.0026962828197977995,0.3965281549654165
uwf,heldout_family,credential_access,iforest_env_sensitive__oracle_env_upper_bound,iforest_env_sensitive,sklearn_anomaly,env_sensitive,oracle_env_upper_bound,high_background,28424,67447,0.15729665071770335,0.6448618915592984,19.394524447619915,0.000371348112821579,1.0,0.9861372633326908,0.9898257486821812,0.9886651032326298,0.9892450855216997,0.9906236307087569,0.998827424472341,0.6480469724668096,0.0026962828197977995,0.3965281549654165
uwf,heldout_family,credential_access,iforest_env_sensitive__oracle_env_upper_bound,iforest_env_sensitive,sklearn_anomaly,env_sensitive,oracle_env_upper_bound,delayed_collector,28424,67447,0.15729665071770335,0.6448618915592984,19.394524447619915,0.00041655823588371277,1.0,0.9948700461102792,0.9921076642335767,1.0,0.9960381981816933,0.9864326040037047,1.0079551202464707,0.6480469724668096,0.0026962828197977995,0.3965281549654165
uwf,heldout_family,credential_access,pyod_ecod_env_sensitive,pyod_ecod_env_sensitive,pyod_ecod,env_sensitive,native_default,observed,28424,67447,0.15729665071770335,0.6448618915592984,9.70038091763854,0.00041481107473373413,1.0,0.44866339496197016,0.7395200486026732,0.22389295075182783,0.34372242419964,0.6282151069011428,0.30275440290614797,0.30214970001928915,0.008253267295194478,0.07149557269042561
uwf,heldout_family,credential_access,pyod_ecod_env_sensitive,pyod_ecod_env_sensitive,pyod_ecod,env_sensitive,native_default,low_sampling,28424,67447,0.15729665071770335,0.6448618915592984,9.70038091763854,0.0003212951123714447,1.0,0.5651400358800243,0.8534990516122591,0.3931346852439417,0.5383138143810603,0.5307145739305912,0.46061525727686575,0.30214970001928915,0.008253267295194478,0.07149557269042561
uwf,heldout_family,credential_access,pyod_ecod_env_sensitive,pyod_ecod_env_sensitive,pyod_ecod,env_sensitive,native_default,congested_link,28424,67447,0.15729665071770335,0.6448618915592984,9.70038091763854,0.00033236294984817505,1.0,0.49501089744540155,0.8430545454545455,0.266519519933784,0.4050031444343512,0.5220344830003084,0.3161355589276682,0.30214970001928915,0.008253267295194478,0.07149557269042561
uwf,heldout_family,credential_access,pyod_ecod_env_sensitive,pyod_ecod_env_sensitive,pyod_ecod,env_sensitive,native_default,high_background,28424,67447,0.15729665071770335,0.6448618915592984,9.70038091763854,0.00032158568501472473,1.0,0.5074206413925008,0.8415242402074882,0.29093668092150643,0.4323862568553416,0.5804587013203887,0.3457258472432979,0.30214970001928915,0.008253267295194478,0.07149557269042561
uwf,heldout_family,credential_access,pyod_ecod_env_sensitive,pyod_ecod_env_sensitive,pyod_ecod,env_sensitive,native_default,delayed_collector,28424,67447,0.15729665071770335,0.6448618915592984,9.70038091763854,0.0004283785820007324,1.0,0.4267498925081916,0.6875291194284827,0.20356830827240538,0.3141275810686156,0.5824662136524004,0.29608681657240077,0.30214970001928915,0.008253267295194478,0.07149557269042561
uwf,heldout_family,credential_access,pyod_ecod_env_sensitive__val_observed_f1,pyod_ecod_env_sensitive,pyod_ecod,env_sensitive,val_observed_f1,observed,28424,67447,0.15729665071770335,0.6448618915592984,9.70038091763854,0.0006487257778644562,1.0,0.5736059424436966,0.7228726139698097,0.549409113900768,0.6243158156000574,0.6282151069011428,0.7600358670161401,0.30214970001928915,0.009059680119653843,0.07149557269042561
uwf,heldout_family,credential_access,pyod_ecod_env_sensitive__val_observed_f1,pyod_ecod_env_sensitive,pyod_ecod,env_sensitive,val_observed_f1,low_sampling,28424,67447,0.15729665071770335,0.6448618915592984,9.70038091763854,0.00034548714756965637,1.0,0.5331000637537622,0.6938406382222796,0.49390720559157586,0.5770465381774226,0.5307145739305912,0.711845311997057,0.30214970001928915,0.009059680119653843,0.07149557269042561
uwf,heldout_family,credential_access,pyod_ecod_env_sensitive__val_observed_f1,pyod_ecod_env_sensitive,pyod_ecod,env_sensitive,val_observed_f1,congested_link,28424,67447,0.15729665071770335,0.6448618915592984,9.70038091763854,0.00031358376145362854,1.0,0.4964787166219402,0.6365407201581255,0.5108980549041247,0.5668405545706159,0.5220344830003084,0.8026164528440705,0.30214970001928915,0.009059680119653843,0.07149557269042561
uwf,heldout_family,credential_access,pyod_ecod_env_sensitive__val_observed_f1,pyod_ecod_env_sensitive,pyod_ecod,env_sensitive,val_observed_f1,high_background,28424,67447,0.15729665071770335,0.6448618915592984,9.70038091763854,0.0003224872052669525,1.0,0.5347013210372589,0.648582995951417,0.6077389984825493,0.627497062279671,0.5804587013203887,0.9370257966616085,0.30214970001928915,0.009059680119653843,0.07149557269042561
uwf,heldout_family,credential_access,pyod_ecod_env_sensitive__val_observed_f1,pyod_ecod_env_sensitive,pyod_ecod,env_sensitive,val_observed_f1,delayed_collector,28424,67447,0.15729665071770335,0.6448618915592984,9.70038091763854,0.0003291405737400055,1.0,0.5498687858614912,0.7200442299959791,0.4940681473306663,0.5860263437781232,0.5824662136524004,0.6861636087736239,0.30214970001928915,0.009059680119653843,0.07149557269042561
uwf,heldout_family,credential_access,pyod_ecod_env_sensitive__val_robust_minimax,pyod_ecod_env_sensitive,pyod_ecod,env_sensitive,val_robust_minimax,observed,28424,67447,0.15729665071770335,0.6448618915592984,9.70038091763854,0.0003044605255126953,1.0,0.6820169911189526,0.691476611488423,0.9152756702073849,0.7877900361153714,0.6282151069011428,1.3236538373108935,0.30214970001928915,0.03694410034372457,0.07149557269042561
uwf,heldout_family,credential_access,pyod_ecod_env_sensitive__val_robust_minimax,pyod_ecod_env_sensitive,pyod_ecod,env_sensitive,val_robust_minimax,low_sampling,28424,67447,0.15729665071770335,0.6448618915592984,9.70038091763854,0.00027250126004219055,1.0,0.5006004714813113,0.5933651814773224,0.7167885225548352,0.6492632894257302,0.5307145739305912,1.2080057019358992,0.30214970001928915,0.03694410034372457,0.07149557269042561
uwf,heldout_family,credential_access,pyod_ecod_env_sensitive__val_robust_minimax,pyod_ecod_env_sensitive,pyod_ecod,env_sensitive,val_robust_minimax,congested_link,28424,67447,0.15729665071770335,0.6448618915592984,9.70038091763854,0.0003069639205932617,1.0,0.5513217785817012,0.6183796163756083,0.7945923575665609,0.6954981787446419,0.5220344830003084,1.2849588448981468,0.30214970001928915,0.03694410034372457,0.07149557269042561
uwf,heldout_family,credential_access,pyod_ecod_env_sensitive__val_robust_minimax,pyod_ecod_env_sensitive,pyod_ecod,env_sensitive,val_robust_minimax,high_background,28424,67447,0.15729665071770335,0.6448618915592984,9.70038091763854,0.000353056937456131,1.0,0.6506886888964668,0.6537737595655394,0.9742723134225411,0.7824762256486012,0.5804587013203887,1.4902285372695085,0.30214970001928915,0.03694410034372457,0.07149557269042561
uwf,heldout_family,credential_access,pyod_ecod_env_sensitive__val_robust_minimax,pyod_ecod_env_sensitive,pyod_ecod,env_sensitive,val_robust_minimax,delayed_collector,28424,67447,0.15729665071770335,0.6448618915592984,9.70038091763854,0.0003237016499042511,1.0,0.6035998635966018,0.6684356531178386,0.7645192440336598,0.7132561132561133,0.5824662136524004,1.143743964684784,0.30214970001928915,0.03694410034372457,0.07149557269042561
uwf,heldout_family,credential_access,pyod_ecod_env_sensitive__oracle_env_upper_bound,pyod_ecod_env_sensitive,pyod_ecod,env_sensitive,oracle_env_upper_bound,observed,28424,67447,0.15729665071770335,0.6448618915592984,9.70038091763854,0.0004257597029209137,1.0,0.6923955105490237,0.6803456750971221,0.9864808939164023,0.8053003500408225,0.6282151069011428,1.4499701108198833,0.30214970001928915,0.015780506174239088,0.07149557269042561
uwf,heldout_family,credential_access,pyod_ecod_env_sensitive__oracle_env_upper_bound,pyod_ecod_env_sensitive,pyod_ecod,env_sensitive,oracle_env_upper_bound,low_sampling,28424,67447,0.15729665071770335,0.6448618915592984,9.70038091763854,0.0003385394811630249,1.0,0.643201328450487,0.6442711814064008,0.9974249321745529,0.7828636909112235,0.5307145739305912,1.5481445716650573,0.30214970001928915,0.015780506174239088,0.07149557269042561
uwf,heldout_family,credential_access,pyod_ecod_env_sensitive__oracle_env_upper_bound,pyod_ecod_env_sensitive,pyod_ecod,env_sensitive,oracle_env_upper_bound,congested_link,28424,67447,0.15729665071770335,0.6448618915592984,9.70038091763854,0.00037388876080513,1.0,0.6469524219016413,0.6462171639129918,0.9999770083229871,0.7850863734002419,0.5220344830003084,1.5474318296776566,0.30214970001928915,0.015780506174239088,0.07149557269042561
uwf,heldout_family,credential_access,pyod_ecod_env_sensitive__oracle_env_upper_bound,pyod_ecod_env_sensitive,pyod_ecod,env_sensitive,oracle_env_upper_bound,high_background,28424,67447,0.15729665071770335,0.6448618915592984,9.70038091763854,0.00035903602838516235,1.0,0.652586475306537,0.6501961488934807,0.9983905826090955,0.7875226695683715,0.5804587013203887,1.5355221409849635,0.30214970001928915,0.015780506174239088,0.07149557269042561
uwf,heldout_family,credential_access,pyod_ecod_env_sensitive__oracle_env_upper_bound,pyod_ecod_env_sensitive,pyod_ecod,env_sensitive,oracle_env_upper_bound,delayed_collector,28424,67447,0.15729665071770335,0.6448618915592984,9.70038091763854,0.0003304034471511841,1.0,0.6812015360208756,0.670724133647994,0.9932404469582011,0.80072658523475,0.5824662136524004,1.4808479330482365,0.30214970001928915,0.015780506174239088,0.07149557269042561
uwf,heldout_family,credential_access,pyod_copod_env_sensitive,pyod_copod_env_sensitive,pyod_copod,env_sensitive,native_default,observed,28424,67447,0.15729665071770335,0.6448618915592984,8.471490666270256,0.0003183893859386444,1.0,0.5590463623289398,0.9504159297831926,0.3336092334574884,0.49386497847211586,0.8369849113493707,0.3510139329562698,0.3170435039660544,0.008409395035750307,0.08179689731129411
uwf,heldout_family,credential_access,pyod_copod_env_sensitive,pyod_copod_env_sensitive,pyod_copod,env_sensitive,native_default,low_sampling,28424,67447,0.15729665071770335,0.6448618915592984,8.471490666270256,0.0003395266830921173,1.0,0.6624015893961185,0.9960268070847296,0.478387823607854,0.6463407057654076,0.8939604447667879,0.48029613279992645,0.3170435039660544,0.008409395035750307,0.08179689731129411
uwf,heldout_family,credential_access,pyod_copod_env_sensitive,pyod_copod_env_sensitive,pyod_copod,env_sensitive,native_default,congested_link,28424,67447,0.15729665071770335,0.6448618915592984,8.471490666270256,0.00039434805512428284,1.0,0.5972541402879298,0.9786610388087701,0.38382305605370853,0.5513938433082309,0.755345670490795,0.39219202648641194,0.3170435039660544,0.008409395035750307,0.08179689731129411
uwf,heldout_family,credential_access,pyod_copod_env_sensitive,pyod_copod_env_sensitive,pyod_copod,env_sensitive,native_default,high_background,28424,67447,0.15729665071770335,0.6448618915592984,8.471490666270256,0.00034099072217941284,1.0,0.6156537725918129,0.9714515696270459,0.4162183289649147,0.5827552350754076,0.8247135517613103,0.42844990113578885,0.3170435039660544,0.008409395035750307,0.08179689731129411
uwf,heldout_family,credential_access,pyod_copod_env_sensitive,pyod_copod_env_sensitive,pyod_copod,env_sensitive,native_default,delayed_collector,28424,67447,0.15729665071770335,0.6448618915592984,8.471490666270256,0.0003724321722984314,1.0,0.5180660370364879,0.9087257308636465,0.2808663263898469,0.429105853838453,0.7549835455786773,0.30907711408470134,0.3170435039660544,0.008409395035750307,0.08179689731129411
uwf,heldout_family,credential_access,pyod_copod_env_sensitive__val_observed_f1,pyod_copod_env_sensitive,pyod_copod,env_sensitive,val_observed_f1,observed,28424,67447,0.15729665071770335,0.6448618915592984,8.471490666270256,0.00040477141737937927,1.0,0.7053241804676265,0.8234504669825532,0.6912447693934796,0.7515780263733517,0.8369849113493707,0.8394491194187704,0.3170435039660544,0.020207313013182494,0.08179689731129411
uwf,heldout_family,credential_access,pyod_copod_env_sensitive__val_observed_f1,pyod_copod_env_sensitive,pyod_copod,env_sensitive,val_observed_f1,low_sampling,28424,67447,0.15729665071770335,0.6448618915592984,8.471490666270256,0.0003353506326675415,1.0,0.7360890773496227,0.9423593416431375,0.6292362164896308,0.7546046101246278,0.8939604447667879,0.6677242838092611,0.3170435039660544,0.020207313013182494,0.08179689731129411
uwf,heldout_family,credential_access,pyod_copod_env_sensitive__val_observed_f1,pyod_copod_env_sensitive,pyod_copod,env_sensitive,val_observed_f1,congested_link,28424,67447,0.15729665071770335,0.6448618915592984,8.471490666270256,0.00031528249382972717,1.0,0.655981733805803,0.8230125123372282,0.5943348507840162,0.6902260256598534,0.755345670490795,0.7221455832988458,0.3170435039660544,0.020207313013182494,0.08179689731129411
uwf,heldout_family,credential_access,pyod_copod_env_sensitive__val_observed_f1,pyod_copod_env_sensitive,pyod_copod,env_sensitive,val_observed_f1,high_background,28424,67447,0.15729665071770335,0.6448618915592984,8.471490666270256,0.0003230646252632141,1.0,0.7361483831749374,0.7978718471810089,0.7913045477537132,0.7945746277271153,0.8247135517613103,0.9917689796293742,0.3170435039660544,0.020207313013182494,0.08179689731129411
uwf,heldout_family,credential_access,pyod_copod_env_sensitive__val_observed_f1,pyod_copod_env_sensitive,pyod_copod,env_sensitive,val_observed_f1,delayed_collector,28424,67447,0.15729665071770335,0.6448618915592984,8.471490666270256,0.0003183409571647644,1.0,0.6194493454119531,0.790049136051544,0.5582149261967168,0.6542000673627484,0.7549835455786773,0.7065572262840851,0.3170435039660544,0.020207313013182494,0.08179689731129411
uwf,heldout_family,credential_access,pyod_copod_env_sensitive__val_robust_minimax,pyod_copod_env_sensitive,pyod_copod,env_sensitive,val_robust_minimax,observed,28424,67447,0.15729665071770335,0.6448618915592984,8.471490666270256,0.0003444291651248932,1.0,0.6630539534745801,0.6568106312292359,1.0,0.7928614397433327,0.8369849113493707,1.52250885179565,0.3170435039660544,0.003768043011149013,0.08179689731129411
uwf,heldout_family,credential_access,pyod_copod_env_sensitive__val_robust_minimax,pyod_copod_env_sensitive,pyod_copod,env_sensitive,val_robust_minimax,low_sampling,28424,67447,0.15729665071770335,0.6448618915592984,8.471490666270256,0.00031330063939094543,1.0,0.6553590226399988,0.6517029023509492,1.0,0.7891284823963786,0.8939604447667879,1.5344415321653562,0.3170435039660544,0.003768043011149013,0.08179689731129411
uwf,heldout_family,credential_access,pyod_copod_env_sensitive__val_robust_minimax,pyod_copod_env_sensitive,pyod_copod,env_sensitive,val_robust_minimax,congested_link,28424,67447,0.15729665071770335,0.6448618915592984,8.471490666270256,0.00032905489206314087,1.0,0.6469375954453126,0.6462032180902432,1.0,0.7850831671194304,0.755345670490795,1.5475008047086956,0.3170435039660544,0.003768043011149013,0.08179689731129411
uwf,heldout_family,credential_access,pyod_copod_env_sensitive__val_robust_minimax,pyod_copod_env_sensitive,pyod_copod,env_sensitive,val_robust_minimax,high_background,28424,67447,0.15729665071770335,0.6448618915592984,8.471490666270256,0.0003610290586948395,1.0,0.6455439085504173,0.6453019984866694,1.0,0.7844176924117409,0.8247135517613103,1.54966202234791,0.3170435039660544,0.003768043011149013,0.08179689731129411
uwf,heldout_family,credential_access,pyod_copod_env_sensitive__val_robust_minimax,pyod_copod_env_sensitive,pyod_copod,env_sensitive,val_robust_minimax,delayed_collector,28424,67447,0.15729665071770335,0.6448618915592984,8.471490666270256,0.00034332647919654846,1.0,0.6644031610004892,0.6577144671777889,1.0,0.7935196081114365,0.7549835455786773,1.5204166091874742,0.3170435039660544,0.003768043011149013,0.08179689731129411
uwf,heldout_family,credential_access,pyod_copod_env_sensitive__oracle_env_upper_bound,pyod_copod_env_sensitive,pyod_copod,env_sensitive,oracle_env_upper_bound,observed,28424,67447,0.15729665071770335,0.6448618915592984,8.471490666270256,0.00044665485620498657,1.0,0.8166856939522885,0.7909780901817094,0.9728008460937141,0.8725176829645516,0.8369849113493707,1.2298707867751875,0.3170435039660544,0.025848111540378454,0.08179689731129411
uwf,heldout_family,credential_access,pyod_copod_env_sensitive__oracle_env_upper_bound,pyod_copod_env_sensitive,pyod_copod,env_sensitive,oracle_env_upper_bound,low_sampling,28424,67447,0.15729665071770335,0.6448618915592984,8.471490666270256,0.00033885613083839417,1.0,0.8058327279197,0.7843911383878452,0.9638340920586748,0.8649033402793538,0.8939604447667879,1.2287671862785672,0.3170435039660544,0.025848111540378454,0.08179689731129411
uwf,heldout_family,credential_access,pyod_copod_env_sensitive__oracle_env_upper_bound,pyod_copod_env_sensitive,pyod_copod,env_sensitive,oracle_env_upper_bound,congested_link,28424,67447,0.15729665071770335,0.6448618915592984,8.471490666270256,0.0002961866557598114,1.0,0.6674574110041959,0.6615191154595225,0.9917919713063871,0.7936671481007884,0.755345670490795,1.4992642663355866,0.3170435039660544,0.025848111540378454,0.08179689731129411
uwf,heldout_family,credential_access,pyod_copod_env_sensitive__oracle_env_upper_bound,pyod_copod_env_sensitive,pyod_copod,env_sensitive,oracle_env_upper_bound,high_background,28424,67447,0.15729665071770335,0.6448618915592984,8.471490666270256,0.00028106197714805603,1.0,0.751434459649799,0.7379676287815388,0.9528900538005242,0.8317696051377251,0.8247135517613103,1.2912355727226743,0.3170435039660544,0.025848111540378454,0.08179689731129411
uwf,heldout_family,credential_access,pyod_copod_env_sensitive__oracle_env_upper_bound,pyod_copod_env_sensitive,pyod_copod,env_sensitive,oracle_env_upper_bound,delayed_collector,28424,67447,0.15729665071770335,0.6448618915592984,8.471490666270256,0.000267568975687027,1.0,0.7436209171645884,0.7241786447638604,0.9730307628638433,0.830360821708164,0.7549835455786773,1.343633604635122,0.3170435039660544,0.025848111540378454,0.08179689731129411
uwf,heldout_family,defense_evasion,lr_full,lr_full,sklearn_linear,full,native_default,observed,95219,652,0.5003098121173295,0.5,76.0839214771986,0.00029549747705459595,1.0,1.0,1.0,1.0,1.0,1.0,1.0,0.46972360190304274,0.02982610053024953,0.5019433804597739
uwf,heldout_family,defense_evasion,lr_full,lr_full,sklearn_linear,full,native_default,low_sampling,95219,652,0.5003098121173295,0.5,76.0839214771986,0.0003339909017086029,1.0,0.9079754601226994,1.0,0.8159509202453987,0.8986486486486487,0.988765102186759,0.8159509202453987,0.46972360190304274,0.02982610053024953,0.5019433804597739
uwf,heldout_family,defense_evasion,lr_full,lr_full,sklearn_linear,full,native_default,congested_link,95219,652,0.5003098121173295,0.5,76.0839214771986,0.00029942765831947327,1.0,0.995398773006135,1.0,0.99079754601227,0.9953775038520801,0.9998400391433626,0.99079754601227,0.46972360190304274,0.02982610053024953,0.5019433804597739
uwf,heldout_family,defense_evasion,lr_full,lr_full,sklearn_linear,full,native_default,high_background,95219,652,0.5003098121173295,0.5,76.0839214771986,0.0002506338059902191,1.0,0.9969325153374233,0.9939024390243902,1.0,0.9969418960244648,0.9976476344612142,1.0061349693251533,0.46972360190304274,0.02982610053024953,0.5019433804597739
uwf,heldout_family,defense_evasion,lr_full,lr_full,sklearn_linear,full,native_default,delayed_collector,95219,652,0.5003098121173295,0.5,76.0839214771986,0.00023959949612617493,1.0,1.0,1.0,1.0,1.0,1.0,1.0,0.46972360190304274,0.02982610053024953,0.5019433804597739
uwf,heldout_family,defense_evasion,lr_full__val_observed_f1,lr_full,sklearn_linear,full,val_observed_f1,observed,95219,652,0.5003098121173295,0.5,76.0839214771986,0.0002297721803188324,1.0,0.5812883435582822,1.0,0.16257668711656442,0.2796833773087071,1.0,0.16257668711656442,0.46972360190304274,0.028139419489645233,0.5019433804597739
uwf,heldout_family,defense_evasion,lr_full__val_observed_f1,lr_full,sklearn_linear,full,val_observed_f1,low_sampling,95219,652,0.5003098121173295,0.5,76.0839214771986,0.000166330486536026,1.0,0.5015337423312883,1.0,0.003067484662576687,0.0061162079510703364,0.988765102186759,0.003067484662576687,0.46972360190304274,0.028139419489645233,0.5019433804597739
uwf,heldout_family,defense_evasion,lr_full__val_observed_f1,lr_full,sklearn_linear,full,val_observed_f1,congested_link,95219,652,0.5003098121173295,0.5,76.0839214771986,0.00014667585492134094,1.0,0.5843558282208589,1.0,0.1687116564417178,0.2887139107611549,0.9998400391433626,0.1687116564417178,0.46972360190304274,0.028139419489645233,0.5019433804597739
uwf,heldout_family,defense_evasion,lr_full__val_observed_f1,lr_full,sklearn_linear,full,val_observed_f1,high_background,95219,652,0.5003098121173295,0.5,76.0839214771986,0.00015228614211082458,1.0,0.6794478527607362,0.9915966386554622,0.3619631901840491,0.5303370786516854,0.9976476344612142,0.36503067484662577,0.46972360190304274,0.028139419489645233,0.5019433804597739
uwf,heldout_family,defense_evasion,lr_full__val_observed_f1,lr_full,sklearn_linear,full,val_observed_f1,delayed_collector,95219,652,0.5003098121173295,0.5,76.0839214771986,0.0001585930585861206,1.0,0.5812883435582822,1.0,0.16257668711656442,0.2796833773087071,1.0,0.16257668711656442,0.46972360190304274,0.028139419489645233,0.5019433804597739
uwf,heldout_family,defense_evasion,lr_full__val_robust_minimax,lr_full,sklearn_linear,full,val_robust_minimax,observed,95219,652,0.5003098121173295,0.5,76.0839214771986,0.00015552714467048645,1.0,0.5812883435582822,1.0,0.16257668711656442,0.2796833773087071,1.0,0.16257668711656442,0.46972360190304274,0.028139419489645233,0.5019433804597739
uwf,heldout_family,defense_evasion,lr_full__val_robust_minimax,lr_full,sklearn_linear,full,val_robust_minimax,low_sampling,95219,652,0.5003098121173295,0.5,76.0839214771986,0.00014188513159751892,1.0,0.5015337423312883,1.0,0.003067484662576687,0.0061162079510703364,0.988765102186759,0.003067484662576687,0.46972360190304274,0.028139419489645233,0.5019433804597739
uwf,heldout_family,defense_evasion,lr_full__val_robust_minimax,lr_full,sklearn_linear,full,val_robust_minimax,congested_link,95219,652,0.5003098121173295,0.5,76.0839214771986,0.00015564635396003723,1.0,0.5843558282208589,1.0,0.1687116564417178,0.2887139107611549,0.9998400391433626,0.1687116564417178,0.46972360190304274,0.028139419489645233,0.5019433804597739
uwf,heldout_family,defense_evasion,lr_full__val_robust_minimax,lr_full,sklearn_linear,full,val_robust_minimax,high_background,95219,652,0.5003098121173295,0.5,76.0839214771986,0.00023483484983444214,1.0,0.6794478527607362,0.9915966386554622,0.3619631901840491,0.5303370786516854,0.9976476344612142,0.36503067484662577,0.46972360190304274,0.028139419489645233,0.5019433804597739
uwf,heldout_family,defense_evasion,lr_full__val_robust_minimax,lr_full,sklearn_linear,full,val_robust_minimax,delayed_collector,95219,652,0.5003098121173295,0.5,76.0839214771986,0.00014617294073104858,1.0,0.5812883435582822,1.0,0.16257668711656442,0.2796833773087071,1.0,0.16257668711656442,0.46972360190304274,0.028139419489645233,0.5019433804597739
uwf,heldout_family,defense_evasion,lr_full__oracle_env_upper_bound,lr_full,sklearn_linear,full,oracle_env_upper_bound,observed,95219,652,0.5003098121173295,0.5,76.0839214771986,0.00029464438557624817,1.0,1.0,1.0,1.0,1.0,1.0,1.0,0.46972360190304274,0.02844784272630886,0.5019433804597739
uwf,heldout_family,defense_evasion,lr_full__oracle_env_upper_bound,lr_full,sklearn_linear,full,oracle_env_upper_bound,low_sampling,95219,652,0.5003098121173295,0.5,76.0839214771986,0.00022206827998161316,1.0,0.906441717791411,0.9491525423728814,0.8588957055214724,0.9017713365539453,0.988765102186759,0.9049079754601227,0.46972360190304274,0.02844784272630886,0.5019433804597739
uwf,heldout_family,defense_evasion,lr_full__oracle_env_upper_bound,lr_full,sklearn_linear,full,oracle_env_upper_bound,congested_link,95219,652,0.5003098121173295,0.5,76.0839214771986,0.00020226836204528809,1.0,0.995398773006135,0.9938837920489296,0.9969325153374233,0.9954058192955589,0.9998400391433626,1.0030674846625767,0.46972360190304274,0.02844784272630886,0.5019433804597739
uwf,heldout_family,defense_evasion,lr_full__oracle_env_upper_bound,lr_full,sklearn_linear,full,oracle_env_upper_bound,high_background,95219,652,0.5003098121173295,0.5,76.0839214771986,0.00019925832748413086,1.0,0.9984662576687117,0.9969418960244648,1.0,0.998468606431853,0.9976476344612142,1.0030674846625767,0.46972360190304274,0.02844784272630886,0.5019433804597739
uwf,heldout_family,defense_evasion,lr_full__oracle_env_upper_bound,lr_full,sklearn_linear,full,oracle_env_upper_bound,delayed_collector,95219,652,0.5003098121173295,0.5,76.0839214771986,0.00017563626170158386,1.0,1.0,1.0,1.0,1.0,1.0,1.0,0.46972360190304274,0.02844784272630886,0.5019433804597739
uwf,heldout_family,defense_evasion,rf_full,rf_full,sklearn_tree,full,native_default,observed,95219,652,0.5003098121173295,0.5,35.18697724863887,0.0002569742500782013,1.0,1.0,1.0,1.0,1.0,1.0,1.0,0.6572584600809642,0.06059210661868152,0.6252153105201355
uwf,heldout_family,defense_evasion,rf_full,rf_full,sklearn_tree,full,native_default,low_sampling,95219,652,0.5003098121173295,0.5,35.18697724863887,0.00022940337657928467,1.0,0.8266871165644172,1.0,0.6533742331288344,0.7903525046382189,1.0,0.6533742331288344,0.6572584600809642,0.06059210661868152,0.6252153105201355
uwf,heldout_family,defense_evasion,rf_full,rf_full,sklearn_tree,full,native_default,congested_link,95219,652,0.5003098121173295,0.5,35.18697724863887,0.00023321062326431274,1.0,0.9938650306748467,0.9969135802469136,0.99079754601227,0.9938461538461538,0.9998776769919832,0.9938650306748467,0.6572584600809642,0.06059210661868152,0.6252153105201355
uwf,heldout_family,defense_evasion,rf_full,rf_full,sklearn_tree,full,native_default,high_background,95219,652,0.5003098121173295,0.5,35.18697724863887,0.0002326183021068573,1.0,0.9785276073619632,0.9670658682634731,0.99079754601227,0.9787878787878788,0.9945613308743272,1.0245398773006136,0.6572584600809642,0.06059210661868152,0.6252153105201355
uwf,heldout_family,defense_evasion,rf_full,rf_full,sklearn_tree,full,native_default,delayed_collector,95219,652,0.5003098121173295,0.5,35.18697724863887,0.05247614532709122,1.0,1.0,1.0,1.0,1.0,1.0,1.0,0.6572584600809642,0.06059210661868152,0.6252153105201355
uwf,heldout_family,defense_evasion,rf_full__val_observed_f1,rf_full,sklearn_tree,full,val_observed_f1,observed,95219,652,0.5003098121173295,0.5,35.18697724863887,0.000263802707195282,1.0,1.0,1.0,1.0,1.0,1.0,1.0,0.6572584600809642,0.11853394990423323,0.6252153105201355
uwf,heldout_family,defense_evasion,rf_full__val_observed_f1,rf_full,sklearn_tree,full,val_observed_f1,low_sampling,95219,652,0.5003098121173295,0.5,35.18697724863887,0.00015778467059135437,1.0,0.6380368098159509,1.0,0.27607361963190186,0.4326923076923077,1.0,0.27607361963190186,0.6572584600809642,0.11853394990423323,0.6252153105201355
uwf,heldout_family,defense_evasion,rf_full__val_observed_f1,rf_full,sklearn_tree,full,val_observed_f1,congested_link,95219,652,0.5003098121173295,0.5,35.18697724863887,0.00014735758304595947,1.0,0.9555214723926381,1.0,0.911042944785276,0.9534510433386838,0.9998776769919832,0.911042944785276,0.6572584600809642,0.11853394990423323,0.6252153105201355
uwf,heldout_family,defense_evasion,rf_full__val_observed_f1,rf_full,sklearn_tree,full,val_observed_f1,high_background,95219,652,0.5003098121173295,0.5,35.18697724863887,0.00015348196029663086,1.0,0.9156441717791411,0.9688581314878892,0.8588957055214724,0.9105691056910569,0.9945613308743272,0.8865030674846626,0.6572584600809642,0.11853394990423323,0.6252153105201355
uwf,heldout_family,defense_evasion,rf_full__val_observed_f1,rf_full,sklearn_tree,full,val_observed_f1,delayed_collector,95219,652,0.5003098121173295,0.5,35.18697724863887,0.00014687702059745789,1.0,1.0,1.0,1.0,1.0,1.0,1.0,0.6572584600809642,0.11853394990423323,0.6252153105201355
uwf,heldout_family,defense_evasion,rf_full__val_robust_minimax,rf_full,sklearn_tree,full,val_robust_minimax,observed,95219,652,0.5003098121173295,0.5,35.18697724863887,0.00015568360686302185,1.0,1.0,1.0,1.0,1.0,1.0,1.0,0.6572584600809642,0.127967425869065,0.6252153105201355
uwf,heldout_family,defense_evasion,rf_full__val_robust_minimax,rf_full,sklearn_tree,full,val_robust_minimax,low_sampling,95219,652,0.5003098121173295,0.5,35.18697724863887,0.00014679506421089172,1.0,0.598159509202454,1.0,0.19631901840490798,0.3282051282051282,1.0,0.19631901840490798,0.6572584600809642,0.127967425869065,0.6252153105201355
uwf,heldout_family,defense_evasion,rf_full__val_robust_minimax,rf_full,sklearn_tree,full,val_robust_minimax,congested_link,95219,652,0.5003098121173295,0.5,35.18697724863887,0.0001711323857307434,1.0,0.8895705521472392,1.0,0.7791411042944786,0.8758620689655172,0.9998776769919832,0.7791411042944786,0.6572584600809642,0.127967425869065,0.6252153105201355
uwf,heldout_family,defense_evasion,rf_full__val_robust_minimax,rf_full,sklearn_tree,full,val_robust_minimax,high_background,95219,652,0.5003098121173295,0.5,35.18697724863887,0.00013826042413711548,1.0,0.8941717791411042,0.9849056603773585,0.8006134969325154,0.883248730964467,0.9945613308743272,0.8128834355828221,0.6572584600809642,0.127967425869065,0.6252153105201355
uwf,heldout_family,defense_evasion,rf_full__val_robust_minimax,rf_full,sklearn_tree,full,val_robust_minimax,delayed_collector,95219,652,0.5003098121173295,0.5,35.18697724863887,0.00013754144310951233,1.0,1.0,1.0,1.0,1.0,1.0,1.0,0.6572584600809642,0.127967425869065,0.6252153105201355
uwf,heldout_family,defense_evasion,rf_full__oracle_env_upper_bound,rf_full,sklearn_tree,full,oracle_env_upper_bound,observed,95219,652,0.5003098121173295,0.5,35.18697724863887,0.0003627687692642212,1.0,1.0,1.0,1.0,1.0,1.0,1.0,0.6572584600809642,0.004912939873668707,0.6252153105201355
uwf,heldout_family,defense_evasion,rf_full__oracle_env_upper_bound,rf_full,sklearn_tree,full,oracle_env_upper_bound,low_sampling,95219,652,0.5003098121173295,0.5,35.18697724863887,0.00020857155323028564,1.0,1.0,1.0,1.0,1.0,1.0,1.0,0.6572584600809642,0.004912939873668707,0.6252153105201355
uwf,heldout_family,defense_evasion,rf_full__oracle_env_upper_bound,rf_full,sklearn_tree,full,oracle_env_upper_bound,congested_link,95219,652,0.5003098121173295,0.5,35.18697724863887,0.00021969527006149292,1.0,0.9984662576687117,0.9969418960244648,1.0,0.998468606431853,0.9998776769919832,1.0030674846625767,0.6572584600809642,0.004912939873668707,0.6252153105201355
uwf,heldout_family,defense_evasion,rf_full__oracle_env_upper_bound,rf_full,sklearn_tree,full,oracle_env_upper_bound,high_background,95219,652,0.5003098121173295,0.5,35.18697724863887,0.00019496306777000427,1.0,0.9831288343558282,0.9673590504451038,1.0,0.9834087481146304,0.9945613308743272,1.0337423312883436,0.6572584600809642,0.004912939873668707,0.6252153105201355
uwf,heldout_family,defense_evasion,rf_full__oracle_env_upper_bound,rf_full,sklearn_tree,full,oracle_env_upper_bound,delayed_collector,95219,652,0.5003098121173295,0.5,35.18697724863887,0.00016340240836143494,1.0,1.0,1.0,1.0,1.0,1.0,1.0,0.6572584600809642,0.004912939873668707,0.6252153105201355
uwf,heldout_family,defense_evasion,gb_full,gb_full,sklearn_boosting,full,native_default,observed,95219,652,0.5003098121173295,0.5,178.88383450731635,0.000286053866147995,1.0,1.0,1.0,1.0,1.0,1.0,1.0,0.41282716851436435,0.0,0.5082760435198921
uwf,heldout_family,defense_evasion,gb_full,gb_full,sklearn_boosting,full,native_default,low_sampling,95219,652,0.5003098121173295,0.5,178.88383450731635,0.0002532005310058594,1.0,1.0,1.0,1.0,1.0,0.9999999999999999,1.0,0.41282716851436435,0.0,0.5082760435198921
uwf,heldout_family,defense_evasion,gb_full,gb_full,sklearn_boosting,full,native_default,congested_link,95219,652,0.5003098121173295,0.5,178.88383450731635,0.00020381063222885132,1.0,1.0,1.0,1.0,1.0,1.0,1.0,0.41282716851436435,0.0,0.5082760435198921
uwf,heldout_family,defense_evasion,gb_full,gb_full,sklearn_boosting,full,native_default,high_background,95219,652,0.5003098121173295,0.5,178.88383450731635,0.00021307170391082764,1.0,1.0,1.0,1.0,1.0,1.0,1.0,0.41282716851436435,0.0,0.5082760435198921
uwf,heldout_family,defense_evasion,gb_full,gb_full,sklearn_boosting,full,native_default,delayed_collector,95219,652,0.5003098121173295,0.5,178.88383450731635,0.0002067089080810547,1.0,1.0,1.0,1.0,1.0,1.0,1.0,0.41282716851436435,0.0,0.5082760435198921
uwf,heldout_family,defense_evasion,gb_full__val_observed_f1,gb_full,sklearn_boosting,full,val_observed_f1,observed,95219,652,0.5003098121173295,0.5,178.88383450731635,0.00022748857736587524,1.0,1.0,1.0,1.0,1.0,1.0,1.0,0.41282716851436435,0.0,0.5082760435198921
uwf,heldout_family,defense_evasion,gb_full__val_observed_f1,gb_full,sklearn_boosting,full,val_observed_f1,low_sampling,95219,652,0.5003098121173295,0.5,178.88383450731635,0.00014403462409973145,1.0,1.0,1.0,1.0,1.0,0.9999999999999999,1.0,0.41282716851436435,0.0,0.5082760435198921
uwf,heldout_family,defense_evasion,gb_full__val_observed_f1,gb_full,sklearn_boosting,full,val_observed_f1,congested_link,95219,652,0.5003098121173295,0.5,178.88383450731635,0.00013352185487747192,1.0,1.0,1.0,1.0,1.0,1.0,1.0,0.41282716851436435,0.0,0.5082760435198921
uwf,heldout_family,defense_evasion,gb_full__val_observed_f1,gb_full,sklearn_boosting,full,val_observed_f1,high_background,95219,652,0.5003098121173295,0.5,178.88383450731635,0.00013727322220802307,1.0,1.0,1.0,1.0,1.0,1.0,1.0,0.41282716851436435,0.0,0.5082760435198921
uwf,heldout_family,defense_evasion,gb_full__val_observed_f1,gb_full,sklearn_boosting,full,val_observed_f1,delayed_collector,95219,652,0.5003098121173295,0.5,178.88383450731635,0.0001312047243118286,1.0,1.0,1.0,1.0,1.0,1.0,1.0,0.41282716851436435,0.0,0.5082760435198921
uwf,heldout_family,defense_evasion,gb_full__val_robust_minimax,gb_full,sklearn_boosting,full,val_robust_minimax,observed,95219,652,0.5003098121173295,0.5,178.88383450731635,0.00015107542276382446,1.0,1.0,1.0,1.0,1.0,1.0,1.0,0.41282716851436435,0.014129086223263088,0.5082760435198921
uwf,heldout_family,defense_evasion,gb_full__val_robust_minimax,gb_full,sklearn_boosting,full,val_robust_minimax,low_sampling,95219,652,0.5003098121173295,0.5,178.88383450731635,0.00013026967644691467,1.0,0.9570552147239264,1.0,0.9141104294478528,0.9551282051282052,0.9999999999999999,0.9141104294478528,0.41282716851436435,0.014129086223263088,0.5082760435198921
uwf,heldout_family,defense_evasion,gb_full__val_robust_minimax,gb_full,sklearn_boosting,full,val_robust_minimax,congested_link,95219,652,0.5003098121173295,0.5,178.88383450731635,0.0001515597105026245,1.0,1.0,1.0,1.0,1.0,1.0,1.0,0.41282716851436435,0.014129086223263088,0.5082760435198921
uwf,heldout_family,defense_evasion,gb_full__val_robust_minimax,gb_full,sklearn_boosting,full,val_robust_minimax,high_background,95219,652,0.5003098121173295,0.5,178.88383450731635,0.00014578551054000854,1.0,1.0,1.0,1.0,1.0,1.0,1.0,0.41282716851436435,0.014129086223263088,0.5082760435198921
uwf,heldout_family,defense_evasion,gb_full__val_robust_minimax,gb_full,sklearn_boosting,full,val_robust_minimax,delayed_collector,95219,652,0.5003098121173295,0.5,178.88383450731635,0.00013122335076332092,1.0,1.0,1.0,1.0,1.0,1.0,1.0,0.41282716851436435,0.014129086223263088,0.5082760435198921
uwf,heldout_family,defense_evasion,gb_full__oracle_env_upper_bound,gb_full,sklearn_boosting,full,oracle_env_upper_bound,observed,95219,652,0.5003098121173295,0.5,178.88383450731635,0.0003019683063030243,1.0,1.0,1.0,1.0,1.0,1.0,1.0,0.41282716851436435,0.0,0.5082760435198921
uwf,heldout_family,defense_evasion,gb_full__oracle_env_upper_bound,gb_full,sklearn_boosting,full,oracle_env_upper_bound,low_sampling,95219,652,0.5003098121173295,0.5,178.88383450731635,0.0001884177327156067,1.0,1.0,1.0,1.0,1.0,0.9999999999999999,1.0,0.41282716851436435,0.0,0.5082760435198921
uwf,heldout_family,defense_evasion,gb_full__oracle_env_upper_bound,gb_full,sklearn_boosting,full,oracle_env_upper_bound,congested_link,95219,652,0.5003098121173295,0.5,178.88383450731635,0.00017182156443595886,1.0,1.0,1.0,1.0,1.0,1.0,1.0,0.41282716851436435,0.0,0.5082760435198921
uwf,heldout_family,defense_evasion,gb_full__oracle_env_upper_bound,gb_full,sklearn_boosting,full,oracle_env_upper_bound,high_background,95219,652,0.5003098121173295,0.5,178.88383450731635,0.00016931816935539246,1.0,1.0,1.0,1.0,1.0,1.0,1.0,0.41282716851436435,0.0,0.5082760435198921
uwf,heldout_family,defense_evasion,gb_full__oracle_env_upper_bound,gb_full,sklearn_boosting,full,oracle_env_upper_bound,delayed_collector,95219,652,0.5003098121173295,0.5,178.88383450731635,0.00017260387539863586,1.0,1.0,1.0,1.0,1.0,1.0,1.0,0.41282716851436435,0.0,0.5082760435198921
uwf,heldout_family,defense_evasion,xgb_full,xgb_full,xgboost,full,native_default,observed,95219,652,0.5003098121173295,0.5,44.90781884267926,0.00032712891697883606,1.0,1.0,1.0,1.0,1.0,1.0,1.0,0.37182329382061596,0.0009888944425645958,0.34093530926091214
uwf,heldout_family,defense_evasion,xgb_full,xgb_full,xgboost,full,native_default,low_sampling,95219,652,0.5003098121173295,0.5,44.90781884267926,0.00020490586757659912,1.0,1.0,1.0,1.0,1.0,1.0,1.0,0.37182329382061596,0.0009888944425645958,0.34093530926091214
uwf,heldout_family,defense_evasion,xgb_full,xgb_full,xgboost,full,native_default,congested_link,95219,652,0.5003098121173295,0.5,44.90781884267926,0.0002063661813735962,1.0,1.0,1.0,1.0,1.0,0.9999999999999999,1.0,0.37182329382061596,0.0009888944425645958,0.34093530926091214
uwf,heldout_family,defense_evasion,xgb_full,xgb_full,xgboost,full,native_default,high_background,95219,652,0.5003098121173295,0.5,44.90781884267926,0.00021499022841453552,1.0,0.9969325153374233,0.9939024390243902,1.0,0.9969418960244648,1.0,1.0061349693251533,0.37182329382061596,0.0009888944425645958,0.34093530926091214
uwf,heldout_family,defense_evasion,xgb_full,xgb_full,xgboost,full,native_default,delayed_collector,95219,652,0.5003098121173295,0.5,44.90781884267926,0.00021857395768165588,1.0,1.0,1.0,1.0,1.0,1.0,1.0,0.37182329382061596,0.0009888944425645958,0.34093530926091214
uwf,heldout_family,defense_evasion,xgb_full__val_observed_f1,xgb_full,xgboost,full,val_observed_f1,observed,95219,652,0.5003098121173295,0.5,44.90781884267926,0.00013665854930877686,1.0,1.0,1.0,1.0,1.0,1.0,1.0,0.37182329382061596,0.08914403546766927,0.34093530926091214
uwf,heldout_family,defense_evasion,xgb_full__val_observed_f1,xgb_full,xgboost,full,val_observed_f1,low_sampling,95219,652,0.5003098121173295,0.5,44.90781884267926,0.00014922022819519043,1.0,0.7561349693251533,1.0,0.5122699386503068,0.6774847870182555,1.0,0.5122699386503068,0.37182329382061596,0.08914403546766927,0.34093530926091214
uwf,heldout_family,defense_evasion,xgb_full__val_observed_f1,xgb_full,xgboost,full,val_observed_f1,congested_link,95219,652,0.5003098121173295,0.5,44.90781884267926,0.00014068931341171265,1.0,0.9984662576687117,1.0,0.9969325153374233,0.9984639016897081,0.9999999999999999,0.9969325153374233,0.37182329382061596,0.08914403546766927,0.34093530926091214
uwf,heldout_family,defense_evasion,xgb_full__val_observed_f1,xgb_full,xgboost,full,val_observed_f1,high_background,95219,652,0.5003098121173295,0.5,44.90781884267926,0.00011996552348136902,1.0,1.0,1.0,1.0,1.0,1.0,1.0,0.37182329382061596,0.08914403546766927,0.34093530926091214
uwf,heldout_family,defense_evasion,xgb_full__val_observed_f1,xgb_full,xgboost,full,val_observed_f1,delayed_collector,95219,652,0.5003098121173295,0.5,44.90781884267926,0.00013285130262374878,1.0,1.0,1.0,1.0,1.0,1.0,1.0,0.37182329382061596,0.08914403546766927,0.34093530926091214
uwf,heldout_family,defense_evasion,xgb_full__val_robust_minimax,xgb_full,xgboost,full,val_robust_minimax,observed,95219,652,0.5003098121173295,0.5,44.90781884267926,0.00013050809502601624,1.0,1.0,1.0,1.0,1.0,1.0,1.0,0.37182329382061596,0.08914403546766927,0.34093530926091214
uwf,heldout_family,defense_evasion,xgb_full__val_robust_minimax,xgb_full,xgboost,full,val_robust_minimax,low_sampling,95219,652,0.5003098121173295,0.5,44.90781884267926,0.0001235082745552063,1.0,0.7561349693251533,1.0,0.5122699386503068,0.6774847870182555,1.0,0.5122699386503068,0.37182329382061596,0.08914403546766927,0.34093530926091214
uwf,heldout_family,defense_evasion,xgb_full__val_robust_minimax,xgb_full,xgboost,full,val_robust_minimax,congested_link,95219,652,0.5003098121173295,0.5,44.90781884267926,0.0001207590103149414,1.0,0.9984662576687117,1.0,0.9969325153374233,0.9984639016897081,0.9999999999999999,0.9969325153374233,0.37182329382061596,0.08914403546766927,0.34093530926091214
uwf,heldout_family,defense_evasion,xgb_full__val_robust_minimax,xgb_full,xgboost,full,val_robust_minimax,high_background,95219,652,0.5003098121173295,0.5,44.90781884267926,0.0001294463872909546,1.0,1.0,1.0,1.0,1.0,1.0,1.0,0.37182329382061596,0.08914403546766927,0.34093530926091214
uwf,heldout_family,defense_evasion,xgb_full__val_robust_minimax,xgb_full,xgboost,full,val_robust_minimax,delayed_collector,95219,652,0.5003098121173295,0.5,44.90781884267926,0.00012224912643432617,1.0,1.0,1.0,1.0,1.0,1.0,1.0,0.37182329382061596,0.08914403546766927,0.34093530926091214
uwf,heldout_family,defense_evasion,xgb_full__oracle_env_upper_bound,xgb_full,xgboost,full,oracle_env_upper_bound,observed,95219,652,0.5003098121173295,0.5,44.90781884267926,0.0002639666199684143,1.0,1.0,1.0,1.0,1.0,1.0,1.0,0.37182329382061596,0.0,0.34093530926091214
uwf,heldout_family,defense_evasion,xgb_full__oracle_env_upper_bound,xgb_full,xgboost,full,oracle_env_upper_bound,low_sampling,95219,652,0.5003098121173295,0.5,44.90781884267926,0.00019165873527526855,1.0,1.0,1.0,1.0,1.0,1.0,1.0,0.37182329382061596,0.0,0.34093530926091214
uwf,heldout_family,defense_evasion,xgb_full__oracle_env_upper_bound,xgb_full,xgboost,full,oracle_env_upper_bound,congested_link,95219,652,0.5003098121173295,0.5,44.90781884267926,0.00020071491599082947,1.0,1.0,1.0,1.0,1.0,0.9999999999999999,1.0,0.37182329382061596,0.0,0.34093530926091214
uwf,heldout_family,defense_evasion,xgb_full__oracle_env_upper_bound,xgb_full,xgboost,full,oracle_env_upper_bound,high_background,95219,652,0.5003098121173295,0.5,44.90781884267926,0.00019300729036331177,1.0,1.0,1.0,1.0,1.0,1.0,1.0,0.37182329382061596,0.0,0.34093530926091214
uwf,heldout_family,defense_evasion,xgb_full__oracle_env_upper_bound,xgb_full,xgboost,full,oracle_env_upper_bound,delayed_collector,95219,652,0.5003098121173295,0.5,44.90781884267926,0.000186920166015625,1.0,1.0,1.0,1.0,1.0,1.0,1.0,0.37182329382061596,0.0,0.34093530926091214
uwf,heldout_family,defense_evasion,lgbm_full,lgbm_full,lightgbm,full,native_default,observed,95219,652,0.5003098121173295,0.5,17.817210264503956,0.00025929510593414307,1.0,1.0,1.0,1.0,1.0,1.0,1.0,0.37377102024735825,0.01815926832759854,0.3942941847778041
uwf,heldout_family,defense_evasion,lgbm_full,lgbm_full,lightgbm,full,native_default,low_sampling,95219,652,0.5003098121173295,0.5,17.817210264503956,0.000265270471572876,1.0,0.9493865030674846,1.0,0.8987730061349694,0.9466882067851373,1.0,0.8987730061349694,0.37377102024735825,0.01815926832759854,0.3942941847778041
uwf,heldout_family,defense_evasion,lgbm_full,lgbm_full,lightgbm,full,native_default,congested_link,95219,652,0.5003098121173295,0.5,17.817210264503956,0.000242576003074646,1.0,0.9969325153374233,0.9939024390243902,1.0,0.9969418960244648,1.0,1.0061349693251533,0.37377102024735825,0.01815926832759854,0.3942941847778041
uwf,heldout_family,defense_evasion,lgbm_full,lgbm_full,lightgbm,full,native_default,high_background,95219,652,0.5003098121173295,0.5,17.817210264503956,0.00023043900728225708,1.0,0.995398773006135,0.9908814589665653,1.0,0.9954198473282443,0.9984003914336256,1.00920245398773,0.37377102024735825,0.01815926832759854,0.3942941847778041
uwf,heldout_family,defense_evasion,lgbm_full,lgbm_full,lightgbm,full,native_default,delayed_collector,95219,652,0.5003098121173295,0.5,17.817210264503956,0.0002177804708480835,1.0,1.0,1.0,1.0,1.0,1.0,1.0,0.37377102024735825,0.01815926832759854,0.3942941847778041
uwf,heldout_family,defense_evasion,lgbm_full__val_observed_f1,lgbm_full,lightgbm,full,val_observed_f1,observed,95219,652,0.5003098121173295,0.5,17.817210264503956,0.00024335458874702454,1.0,1.0,1.0,1.0,1.0,1.0,1.0,0.37377102024735825,0.17524200457350975,0.3942941847778041
uwf,heldout_family,defense_evasion,lgbm_full__val_observed_f1,lgbm_full,lightgbm,full,val_observed_f1,low_sampling,95219,652,0.5003098121173295,0.5,17.817210264503956,0.00017881393432617188,1.0,0.593558282208589,1.0,0.18711656441717792,0.3152454780361757,1.0,0.18711656441717792,0.37377102024735825,0.17524200457350975,0.3942941847778041
uwf,heldout_family,defense_evasion,lgbm_full__val_observed_f1,lgbm_full,lightgbm,full,val_observed_f1,congested_link,95219,652,0.5003098121173295,0.5,17.817210264503956,0.00019051134586334229,1.0,1.0,1.0,1.0,1.0,1.0,1.0,0.37377102024735825,0.17524200457350975,0.3942941847778041
uwf,heldout_family,defense_evasion,lgbm_full__val_observed_f1,lgbm_full,lightgbm,full,val_observed_f1,high_background,95219,652,0.5003098121173295,0.5,17.817210264503956,0.00016614049673080444,1.0,0.995398773006135,0.9908814589665653,1.0,0.9954198473282443,0.9984003914336256,1.00920245398773,0.37377102024735825,0.17524200457350975,0.3942941847778041
uwf,heldout_family,defense_evasion,lgbm_full__val_observed_f1,lgbm_full,lightgbm,full,val_observed_f1,delayed_collector,95219,652,0.5003098121173295,0.5,17.817210264503956,0.00016576796770095825,1.0,1.0,1.0,1.0,1.0,1.0,1.0,0.37377102024735825,0.17524200457350975,0.3942941847778041
uwf,heldout_family,defense_evasion,lgbm_full__val_robust_minimax,lgbm_full,lightgbm,full,val_robust_minimax,observed,95219,652,0.5003098121173295,0.5,17.817210264503956,0.00018645823001861572,1.0,1.0,1.0,1.0,1.0,1.0,1.0,0.37377102024735825,0.16486671885798648,0.3942941847778041
uwf,heldout_family,defense_evasion,lgbm_full__val_robust_minimax,lgbm_full,lightgbm,full,val_robust_minimax,low_sampling,95219,652,0.5003098121173295,0.5,17.817210264503956,0.00016530603170394897,1.0,0.5828220858895705,1.0,0.1656441717791411,0.28421052631578947,1.0,0.1656441717791411,0.37377102024735825,0.16486671885798648,0.3942941847778041
uwf,heldout_family,defense_evasion,lgbm_full__val_robust_minimax,lgbm_full,lightgbm,full,val_robust_minimax,congested_link,95219,652,0.5003098121173295,0.5,17.817210264503956,0.0001635327935218811,1.0,0.7975460122699386,1.0,0.5950920245398773,0.7461538461538462,1.0,0.5950920245398773,0.37377102024735825,0.16486671885798648,0.3942941847778041
uwf,heldout_family,defense_evasion,lgbm_full__val_robust_minimax,lgbm_full,lightgbm,full,val_robust_minimax,high_background,95219,652,0.5003098121173295,0.5,17.817210264503956,0.00014339759945869446,1.0,0.99079754601227,0.99079754601227,0.99079754601227,0.99079754601227,0.9984003914336256,1.0,0.37377102024735825,0.16486671885798648,0.3942941847778041
uwf,heldout_family,defense_evasion,lgbm_full__val_robust_minimax,lgbm_full,lightgbm,full,val_robust_minimax,delayed_collector,95219,652,0.5003098121173295,0.5,17.817210264503956,0.0001468844711780548,1.0,1.0,1.0,1.0,1.0,1.0,1.0,0.37377102024735825,0.16486671885798648,0.3942941847778041
uwf,heldout_family,defense_evasion,lgbm_full__oracle_env_upper_bound,lgbm_full,lightgbm,full,oracle_env_upper_bound,observed,95219,652,0.5003098121173295,0.5,17.817210264503956,0.00029227137565612793,1.0,1.0,1.0,1.0,1.0,1.0,1.0,0.37377102024735825,0.0014844777685016214,0.3942941847778041
uwf,heldout_family,defense_evasion,lgbm_full__oracle_env_upper_bound,lgbm_full,lightgbm,full,oracle_env_upper_bound,low_sampling,95219,652,0.5003098121173295,0.5,17.817210264503956,0.0002089366316795349,1.0,1.0,1.0,1.0,1.0,1.0,1.0,0.37377102024735825,0.0014844777685016214,0.3942941847778041
uwf,heldout_family,defense_evasion,lgbm_full__oracle_env_upper_bound,lgbm_full,lightgbm,full,oracle_env_upper_bound,congested_link,95219,652,0.5003098121173295,0.5,17.817210264503956,0.00019621476531028748,1.0,1.0,1.0,1.0,1.0,1.0,1.0,0.37377102024735825,0.0014844777685016214,0.3942941847778041
uwf,heldout_family,defense_evasion,lgbm_full__oracle_env_upper_bound,lgbm_full,lightgbm,full,oracle_env_upper_bound,high_background,95219,652,0.5003098121173295,0.5,17.817210264503956,0.00019349157810211182,1.0,0.995398773006135,0.9908814589665653,1.0,0.9954198473282443,0.9984003914336256,1.00920245398773,0.37377102024735825,0.0014844777685016214,0.3942941847778041
uwf,heldout_family,defense_evasion,lgbm_full__oracle_env_upper_bound,lgbm_full,lightgbm,full,oracle_env_upper_bound,delayed_collector,95219,652,0.5003098121173295,0.5,17.817210264503956,0.00019108876585960388,1.0,1.0,1.0,1.0,1.0,1.0,1.0,0.37377102024735825,0.0014844777685016214,0.3942941847778041
uwf,heldout_family,defense_evasion,cat_full,cat_full,catboost,full,native_default,observed,95219,652,0.5003098121173295,0.5,38.57576019689441,0.0008521005511283875,1.0,1.0,1.0,1.0,1.0,1.0,1.0,0.3922803494761606,0.0004940694522100938,0.36414815948844953
uwf,heldout_family,defense_evasion,cat_full,cat_full,catboost,full,native_default,low_sampling,95219,652,0.5003098121173295,0.5,38.57576019689441,0.0003480985760688782,1.0,1.0,1.0,1.0,1.0,1.0,1.0,0.3922803494761606,0.0004940694522100938,0.36414815948844953
uwf,heldout_family,defense_evasion,cat_full,cat_full,catboost,full,native_default,congested_link,95219,652,0.5003098121173295,0.5,38.57576019689441,0.0003877095878124237,1.0,1.0,1.0,1.0,1.0,1.0,1.0,0.3922803494761606,0.0004940694522100938,0.36414815948844953
uwf,heldout_family,defense_evasion,cat_full,cat_full,catboost,full,native_default,high_background,95219,652,0.5003098121173295,0.5,38.57576019689441,0.0003379136323928833,1.0,0.9984662576687117,0.9969418960244648,1.0,0.998468606431853,1.0,1.0030674846625767,0.3922803494761606,0.0004940694522100938,0.36414815948844953
uwf,heldout_family,defense_evasion,cat_full,cat_full,catboost,full,native_default,delayed_collector,95219,652,0.5003098121173295,0.5,38.57576019689441,0.0003602616488933563,1.0,1.0,1.0,1.0,1.0,1.0,1.0,0.3922803494761606,0.0004940694522100938,0.36414815948844953
uwf,heldout_family,defense_evasion,cat_full__val_observed_f1,cat_full,catboost,full,val_observed_f1,observed,95219,652,0.5003098121173295,0.5,38.57576019689441,0.00031274184584617615,1.0,1.0,1.0,1.0,1.0,1.0,1.0,0.3922803494761606,0.13925473602713645,0.36414815948844953
uwf,heldout_family,defense_evasion,cat_full__val_observed_f1,cat_full,catboost,full,val_observed_f1,low_sampling,95219,652,0.5003098121173295,0.5,38.57576019689441,0.00022396817803382874,1.0,0.5996932515337423,1.0,0.19938650306748465,0.33248081841432225,1.0,0.19938650306748465,0.3922803494761606,0.13925473602713645,0.36414815948844953
uwf,heldout_family,defense_evasion,cat_full__val_observed_f1,cat_full,catboost,full,val_observed_f1,congested_link,95219,652,0.5003098121173295,0.5,38.57576019689441,0.0002252422273159027,1.0,0.941717791411043,1.0,0.8834355828220859,0.9381107491856677,1.0,0.8834355828220859,0.3922803494761606,0.13925473602713645,0.36414815948844953
uwf,heldout_family,defense_evasion,cat_full__val_observed_f1,cat_full,catboost,full,val_observed_f1,high_background,95219,652,0.5003098121173295,0.5,38.57576019689441,0.00023343414068222046,1.0,0.9785276073619632,1.0,0.9570552147239264,0.9780564263322884,1.0,0.9570552147239264,0.3922803494761606,0.13925473602713645,0.36414815948844953
uwf,heldout_family,defense_evasion,cat_full__val_observed_f1,cat_full,catboost,full,val_observed_f1,delayed_collector,95219,652,0.5003098121173295,0.5,38.57576019689441,0.00022011622786521912,1.0,0.9984662576687117,1.0,0.9969325153374233,0.9984639016897081,1.0,0.9969325153374233,0.3922803494761606,0.13925473602713645,0.36414815948844953
uwf,heldout_family,defense_evasion,cat_full__val_robust_minimax,cat_full,catboost,full,val_robust_minimax,observed,95219,652,0.5003098121173295,0.5,38.57576019689441,0.00021681934595108032,1.0,1.0,1.0,1.0,1.0,1.0,1.0,0.3922803494761606,0.13410028344860422,0.36414815948844953
uwf,heldout_family,defense_evasion,cat_full__val_robust_minimax,cat_full,catboost,full,val_robust_minimax,low_sampling,95219,652,0.5003098121173295,0.5,38.57576019689441,0.00015863031148910522,1.0,0.6411042944785276,1.0,0.2822085889570552,0.44019138755980863,1.0,0.2822085889570552,0.3922803494761606,0.13410028344860422,0.36414815948844953
uwf,heldout_family,defense_evasion,cat_full__val_robust_minimax,cat_full,catboost,full,val_robust_minimax,congested_link,95219,652,0.5003098121173295,0.5,38.57576019689441,0.00018606707453727722,1.0,0.9708588957055214,1.0,0.941717791411043,0.9699842022116903,1.0,0.941717791411043,0.3922803494761606,0.13410028344860422,0.36414815948844953
uwf,heldout_family,defense_evasion,cat_full__val_robust_minimax,cat_full,catboost,full,val_robust_minimax,high_background,95219,652,0.5003098121173295,0.5,38.57576019689441,0.00017125532031059265,1.0,1.0,1.0,1.0,1.0,1.0,1.0,0.3922803494761606,0.13410028344860422,0.36414815948844953
uwf,heldout_family,defense_evasion,cat_full__val_robust_minimax,cat_full,catboost,full,val_robust_minimax,delayed_collector,95219,652,0.5003098121173295,0.5,38.57576019689441,0.00016660615801811218,1.0,1.0,1.0,1.0,1.0,1.0,1.0,0.3922803494761606,0.13410028344860422,0.36414815948844953
uwf,heldout_family,defense_evasion,cat_full__oracle_env_upper_bound,cat_full,catboost,full,oracle_env_upper_bound,observed,95219,652,0.5003098121173295,0.5,38.57576019689441,0.0003305003046989441,1.0,1.0,1.0,1.0,1.0,1.0,1.0,0.3922803494761606,0.0,0.36414815948844953
uwf,heldout_family,defense_evasion,cat_full__oracle_env_upper_bound,cat_full,catboost,full,oracle_env_upper_bound,low_sampling,95219,652,0.5003098121173295,0.5,38.57576019689441,0.00023965537548065186,1.0,1.0,1.0,1.0,1.0,1.0,1.0,0.3922803494761606,0.0,0.36414815948844953
uwf,heldout_family,defense_evasion,cat_full__oracle_env_upper_bound,cat_full,catboost,full,oracle_env_upper_bound,congested_link,95219,652,0.5003098121173295,0.5,38.57576019689441,0.00020484253764152527,1.0,1.0,1.0,1.0,1.0,1.0,1.0,0.3922803494761606,0.0,0.36414815948844953
uwf,heldout_family,defense_evasion,cat_full__oracle_env_upper_bound,cat_full,catboost,full,oracle_env_upper_bound,high_background,95219,652,0.5003098121173295,0.5,38.57576019689441,0.00018990784883499146,1.0,1.0,1.0,1.0,1.0,1.0,1.0,0.3922803494761606,0.0,0.36414815948844953
uwf,heldout_family,defense_evasion,cat_full__oracle_env_upper_bound,cat_full,catboost,full,oracle_env_upper_bound,delayed_collector,95219,652,0.5003098121173295,0.5,38.57576019689441,0.00019877776503562927,1.0,1.0,1.0,1.0,1.0,1.0,1.0,0.3922803494761606,0.0,0.36414815948844953
uwf,heldout_family,defense_evasion,iforest_env_sensitive,iforest_env_sensitive,sklearn_anomaly,env_sensitive,native_default,observed,95219,652,0.5003098121173295,0.5,4.742538455873728,0.0002854093909263611,1.0,0.8266871165644172,0.7425968109339408,1.0,0.8522875816993464,0.8749200195716813,1.3466257668711656,0.665785504017125,0.06719823587205073,0.36399898879437526
uwf,heldout_family,defense_evasion,iforest_env_sensitive,iforest_env_sensitive,sklearn_anomaly,env_sensitive,native_default,low_sampling,95219,652,0.5003098121173295,0.5,4.742538455873728,0.0002863667905330658,1.0,0.6365030674846626,0.5798922800718133,0.99079754601227,0.7315968289920725,0.7620064737099628,1.7085889570552146,0.665785504017125,0.06719823587205073,0.36399898879437526
uwf,heldout_family,defense_evasion,iforest_env_sensitive,iforest_env_sensitive,sklearn_anomaly,env_sensitive,native_default,congested_link,95219,652,0.5003098121173295,0.5,4.742538455873728,0.00024240091443061829,1.0,0.700920245398773,0.6257197696737045,1.0,0.7697756788665879,0.7215175580563816,1.598159509202454,0.665785504017125,0.06719823587205073,0.36399898879437526
uwf,heldout_family,defense_evasion,iforest_env_sensitive,iforest_env_sensitive,sklearn_anomaly,env_sensitive,native_default,high_background,95219,652,0.5003098121173295,0.5,4.742538455873728,0.0002510733902454376,1.0,0.5030674846625767,0.5015384615384615,1.0,0.6680327868852459,0.6826564793556401,1.9938650306748467,0.665785504017125,0.06719823587205073,0.36399898879437526
uwf,heldout_family,defense_evasion,iforest_env_sensitive,iforest_env_sensitive,sklearn_anomaly,env_sensitive,native_default,delayed_collector,95219,652,0.5003098121173295,0.5,4.742538455873728,0.00024821609258651733,1.0,0.75920245398773,0.6749482401656315,1.0,0.8059332509270705,0.8711844630960894,1.48159509202454,0.665785504017125,0.06719823587205073,0.36399898879437526
uwf,heldout_family,defense_evasion,iforest_env_sensitive__val_observed_f1,iforest_env_sensitive,sklearn_anomaly,env_sensitive,val_observed_f1,observed,95219,652,0.5003098121173295,0.5,4.742538455873728,0.0002500563859939575,1.0,0.5797546012269938,0.8823529411764706,0.18404907975460122,0.30456852791878175,0.8749200195716813,0.2085889570552147,0.665785504017125,0.004400111087600824,0.36399898879437526
uwf,heldout_family,defense_evasion,iforest_env_sensitive__val_observed_f1,iforest_env_sensitive,sklearn_anomaly,env_sensitive,val_observed_f1,low_sampling,95219,652,0.5003098121173295,0.5,4.742538455873728,0.00014746934175491333,1.0,0.5720858895705522,1.0,0.1441717791411043,0.2520107238605898,0.7620064737099628,0.1441717791411043,0.665785504017125,0.004400111087600824,0.36399898879437526
uwf,heldout_family,defense_evasion,iforest_env_sensitive__val_observed_f1,iforest_env_sensitive,sklearn_anomaly,env_sensitive,val_observed_f1,congested_link,95219,652,0.5003098121173295,0.5,4.742538455873728,0.00016127526760101318,1.0,0.5751533742331288,0.8656716417910447,0.17791411042944785,0.2951653944020356,0.7215175580563816,0.20552147239263804,0.665785504017125,0.004400111087600824,0.36399898879437526
uwf,heldout_family,defense_evasion,iforest_env_sensitive__val_observed_f1,iforest_env_sensitive,sklearn_anomaly,env_sensitive,val_observed_f1,high_background,95219,652,0.5003098121173295,0.5,4.742538455873728,0.0001455061137676239,1.0,0.5644171779141104,0.7692307692307693,0.18404907975460122,0.297029702970297,0.6826564793556401,0.2392638036809816,0.665785504017125,0.004400111087600824,0.36399898879437526
uwf,heldout_family,defense_evasion,iforest_env_sensitive__val_observed_f1,iforest_env_sensitive,sklearn_anomaly,env_sensitive,val_observed_f1,delayed_collector,95219,652,0.5003098121173295,0.5,4.742538455873728,0.00014440715312957764,1.0,0.5812883435582822,0.8955223880597015,0.18404907975460122,0.3053435114503817,0.8711844630960894,0.20552147239263804,0.665785504017125,0.004400111087600824,0.36399898879437526
uwf,heldout_family,defense_evasion,iforest_env_sensitive__val_robust_minimax,iforest_env_sensitive,sklearn_anomaly,env_sensitive,val_robust_minimax,observed,95219,652,0.5003098121173295,0.5,4.742538455873728,0.00015709176659584045,1.0,0.5797546012269938,0.8823529411764706,0.18404907975460122,0.30456852791878175,0.8749200195716813,0.2085889570552147,0.665785504017125,0.003484900346730664,0.36399898879437526
uwf,heldout_family,defense_evasion,iforest_env_sensitive__val_robust_minimax,iforest_env_sensitive,sklearn_anomaly,env_sensitive,val_robust_minimax,low_sampling,95219,652,0.5003098121173295,0.5,4.742538455873728,0.0001485086977481842,1.0,0.5720858895705522,1.0,0.1441717791411043,0.2520107238605898,0.7620064737099628,0.1441717791411043,0.665785504017125,0.003484900346730664,0.36399898879437526
uwf,heldout_family,defense_evasion,iforest_env_sensitive__val_robust_minimax,iforest_env_sensitive,sklearn_anomaly,env_sensitive,val_robust_minimax,congested_link,95219,652,0.5003098121173295,0.5,4.742538455873728,0.00014238432049751282,1.0,0.5751533742331288,0.8656716417910447,0.17791411042944785,0.2951653944020356,0.7215175580563816,0.20552147239263804,0.665785504017125,0.003484900346730664,0.36399898879437526
uwf,heldout_family,defense_evasion,iforest_env_sensitive__val_robust_minimax,iforest_env_sensitive,sklearn_anomaly,env_sensitive,val_robust_minimax,high_background,95219,652,0.5003098121173295,0.5,4.742538455873728,0.00014462321996688843,1.0,0.5644171779141104,0.8,0.17177914110429449,0.2828282828282828,0.6826564793556401,0.2147239263803681,0.665785504017125,0.003484900346730664,0.36399898879437526
uwf,heldout_family,defense_evasion,iforest_env_sensitive__val_robust_minimax,iforest_env_sensitive,sklearn_anomaly,env_sensitive,val_robust_minimax,delayed_collector,95219,652,0.5003098121173295,0.5,4.742538455873728,0.0001425333321094513,1.0,0.5812883435582822,0.8955223880597015,0.18404907975460122,0.3053435114503817,0.8711844630960894,0.20552147239263804,0.665785504017125,0.003484900346730664,0.36399898879437526
uwf,heldout_family,defense_evasion,iforest_env_sensitive__oracle_env_upper_bound,iforest_env_sensitive,sklearn_anomaly,env_sensitive,oracle_env_upper_bound,observed,95219,652,0.5003098121173295,0.5,4.742538455873728,0.0003121569752693176,1.0,0.8941717791411042,0.8303341902313625,0.99079754601227,0.9034965034965035,0.8749200195716813,1.1932515337423313,0.665785504017125,0.05034422648175173,0.36399898879437526
uwf,heldout_family,defense_evasion,iforest_env_sensitive__oracle_env_upper_bound,iforest_env_sensitive,sklearn_anomaly,env_sensitive,oracle_env_upper_bound,low_sampling,95219,652,0.5003098121173295,0.5,4.742538455873728,0.00018977373838424683,1.0,0.6533742331288344,0.5950570342205324,0.9601226993865031,0.7347417840375586,0.7620064737099628,1.6134969325153374,0.665785504017125,0.05034422648175173,0.36399898879437526
uwf,heldout_family,defense_evasion,iforest_env_sensitive__oracle_env_upper_bound,iforest_env_sensitive,sklearn_anomaly,env_sensitive,oracle_env_upper_bound,congested_link,95219,652,0.5003098121173295,0.5,4.742538455873728,0.00019726157188415527,1.0,0.7423312883435583,0.6680851063829787,0.9631901840490797,0.7889447236180904,0.7215175580563816,1.4417177914110428,0.665785504017125,0.05034422648175173,0.36399898879437526
uwf,heldout_family,defense_evasion,iforest_env_sensitive__oracle_env_upper_bound,iforest_env_sensitive,sklearn_anomaly,env_sensitive,oracle_env_upper_bound,high_background,95219,652,0.5003098121173295,0.5,4.742538455873728,0.0001743994653224945,1.0,0.6411042944785276,0.585820895522388,0.9631901840490797,0.728538283062645,0.6826564793556401,1.6441717791411044,0.665785504017125,0.05034422648175173,0.36399898879437526
uwf,heldout_family,defense_evasion,iforest_env_sensitive__oracle_env_upper_bound,iforest_env_sensitive,sklearn_anomaly,env_sensitive,oracle_env_upper_bound,delayed_collector,95219,652,0.5003098121173295,0.5,4.742538455873728,0.0002015531063079834,1.0,0.8987730061349694,0.8316326530612245,1.0,0.9080779944289693,0.8711844630960894,1.2024539877300613,0.665785504017125,0.05034422648175173,0.36399898879437526
uwf,heldout_family,defense_evasion,pyod_ecod_env_sensitive,pyod_ecod_env_sensitive,pyod_ecod,env_sensitive,native_default,observed,95219,652,0.5003098121173295,0.5,6.701241530478001,0.0003880634903907776,1.0,0.5460122699386503,0.6293103448275862,0.22392638036809817,0.33031674208144796,0.793434077308141,0.3558282208588957,0.5518591279685563,0.28880067479226734,0.27402218462026207
uwf,heldout_family,defense_evasion,pyod_ecod_env_sensitive,pyod_ecod_env_sensitive,pyod_ecod,env_sensitive,native_default,low_sampling,95219,652,0.5003098121173295,0.5,6.701241530478001,0.0002563968300819397,1.0,0.5,0.5,1.0,0.6666666666666666,0.4083047912981294,2.0,0.5518591279685563,0.28880067479226734,0.27402218462026207
uwf,heldout_family,defense_evasion,pyod_ecod_env_sensitive,pyod_ecod_env_sensitive,pyod_ecod,env_sensitive,native_default,congested_link,95219,652,0.5003098121173295,0.5,6.701241530478001,0.0002308376133441925,1.0,0.549079754601227,0.5380952380952381,0.6932515337423313,0.6058981233243967,0.618860325943769,1.2883435582822085,0.5518591279685563,0.28880067479226734,0.27402218462026207
uwf,heldout_family,defense_evasion,pyod_ecod_env_sensitive,pyod_ecod_env_sensitive,pyod_ecod,env_sensitive,native_default,high_background,95219,652,0.5003098121173295,0.5,6.701241530478001,0.00023532286286354065,1.0,0.5214723926380368,0.511400651465798,0.9631901840490797,0.6680851063829787,0.5811472016259551,1.883435582822086,0.5518591279685563,0.28880067479226734,0.27402218462026207
uwf,heldout_family,defense_evasion,pyod_ecod_env_sensitive,pyod_ecod_env_sensitive,pyod_ecod,env_sensitive,native_default,delayed_collector,95219,652,0.5003098121173295,0.5,6.701241530478001,0.00023363158106803894,1.0,0.5444785276073619,0.5838150289017341,0.3098159509202454,0.40480961923847697,0.7339662764876359,0.5306748466257669,0.5518591279685563,0.28880067479226734,0.27402218462026207
uwf,heldout_family,defense_evasion,pyod_ecod_env_sensitive__val_observed_f1,pyod_ecod_env_sensitive,pyod_ecod,env_sensitive,val_observed_f1,observed,95219,652,0.5003098121173295,0.5,6.701241530478001,0.0002419017255306244,1.0,0.5659509202453987,0.7415730337078652,0.20245398773006135,0.3180722891566265,0.793434077308141,0.27300613496932513,0.5518591279685563,0.08525105279594443,0.27402218462026207
uwf,heldout_family,defense_evasion,pyod_ecod_env_sensitive__val_observed_f1,pyod_ecod_env_sensitive,pyod_ecod,env_sensitive,val_observed_f1,low_sampling,95219,652,0.5003098121173295,0.5,6.701241530478001,0.00014723464846611023,1.0,0.5552147239263804,0.7903225806451613,0.15030674846625766,0.25257731958762886,0.4083047912981294,0.1901840490797546,0.5518591279685563,0.08525105279594443,0.27402218462026207
uwf,heldout_family,defense_evasion,pyod_ecod_env_sensitive__val_observed_f1,pyod_ecod_env_sensitive,pyod_ecod,env_sensitive,val_observed_f1,congested_link,95219,652,0.5003098121173295,0.5,6.701241530478001,0.0001468472182750702,1.0,0.558282208588957,0.6217948717948718,0.29754601226993865,0.4024896265560166,0.618860325943769,0.4785276073619632,0.5518591279685563,0.08525105279594443,0.27402218462026207
uwf,heldout_family,defense_evasion,pyod_ecod_env_sensitive__val_observed_f1,pyod_ecod_env_sensitive,pyod_ecod,env_sensitive,val_observed_f1,high_background,95219,652,0.5003098121173295,0.5,6.701241530478001,0.0001410059630870819,1.0,0.5659509202453987,0.5564304461942258,0.6503067484662577,0.5997171145685997,0.5811472016259551,1.1687116564417177,0.5518591279685563,0.08525105279594443,0.27402218462026207
uwf,heldout_family,defense_evasion,pyod_ecod_env_sensitive__val_observed_f1,pyod_ecod_env_sensitive,pyod_ecod,env_sensitive,val_observed_f1,delayed_collector,95219,652,0.5003098121173295,0.5,6.701241530478001,0.0001506991684436798,1.0,0.5628834355828221,0.7303370786516854,0.19938650306748465,0.3132530120481928,0.7339662764876359,0.27300613496932513,0.5518591279685563,0.08525105279594443,0.27402218462026207
uwf,heldout_family,defense_evasion,pyod_ecod_env_sensitive__val_robust_minimax,pyod_ecod_env_sensitive,pyod_ecod,env_sensitive,val_robust_minimax,observed,95219,652,0.5003098121173295,0.5,6.701241530478001,0.00018053874373435974,1.0,0.5567484662576687,0.6831683168316832,0.2116564417177914,0.3231850117096019,0.793434077308141,0.3098159509202454,0.5518591279685563,0.10209873000279904,0.27402218462026207
uwf,heldout_family,defense_evasion,pyod_ecod_env_sensitive__val_robust_minimax,pyod_ecod_env_sensitive,pyod_ecod,env_sensitive,val_robust_minimax,low_sampling,95219,652,0.5003098121173295,0.5,6.701241530478001,0.0001865178346633911,1.0,0.5337423312883436,0.627906976744186,0.1656441717791411,0.2621359223300971,0.4083047912981294,0.26380368098159507,0.5518591279685563,0.10209873000279904,0.27402218462026207
uwf,heldout_family,defense_evasion,pyod_ecod_env_sensitive__val_robust_minimax,pyod_ecod_env_sensitive,pyod_ecod,env_sensitive,val_robust_minimax,congested_link,95219,652,0.5003098121173295,0.5,6.701241530478001,0.00017951056361198425,1.0,0.5628834355828221,0.6062176165803109,0.3588957055214724,0.4508670520231214,0.618860325943769,0.5920245398773006,0.5518591279685563,0.10209873000279904,0.27402218462026207
uwf,heldout_family,defense_evasion,pyod_ecod_env_sensitive__val_robust_minimax,pyod_ecod_env_sensitive,pyod_ecod,env_sensitive,val_robust_minimax,high_background,95219,652,0.5003098121173295,0.5,6.701241530478001,0.0001546218991279602,1.0,0.5644171779141104,0.5475113122171946,0.7423312883435583,0.6302083333333334,0.5811472016259551,1.3558282208588956,0.5518591279685563,0.10209873000279904,0.27402218462026207
uwf,heldout_family,defense_evasion,pyod_ecod_env_sensitive__val_robust_minimax,pyod_ecod_env_sensitive,pyod_ecod,env_sensitive,val_robust_minimax,delayed_collector,95219,652,0.5003098121173295,0.5,6.701241530478001,0.00015207380056381226,1.0,0.553680981595092,0.6842105263157895,0.19938650306748465,0.3087885985748218,0.7339662764876359,0.29141104294478526,0.5518591279685563,0.10209873000279904,0.27402218462026207
uwf,heldout_family,defense_evasion,pyod_ecod_env_sensitive__oracle_env_upper_bound,pyod_ecod_env_sensitive,pyod_ecod,env_sensitive,oracle_env_upper_bound,observed,95219,652,0.5003098121173295,0.5,6.701241530478001,0.00030972063541412354,1.0,0.7944785276073619,0.7096069868995634,0.9969325153374233,0.8290816326530612,0.793434077308141,1.4049079754601228,0.5518591279685563,0.08227818059360589,0.27402218462026207
uwf,heldout_family,defense_evasion,pyod_ecod_env_sensitive__oracle_env_upper_bound,pyod_ecod_env_sensitive,pyod_ecod,env_sensitive,oracle_env_upper_bound,low_sampling,95219,652,0.5003098121173295,0.5,6.701241530478001,0.00021206960082054138,1.0,0.5138036809815951,0.5071315372424723,0.9815950920245399,0.6687565308254964,0.4083047912981294,1.9355828220858895,0.5518591279685563,0.08227818059360589,0.27402218462026207
uwf,heldout_family,defense_evasion,pyod_ecod_env_sensitive__oracle_env_upper_bound,pyod_ecod_env_sensitive,pyod_ecod,env_sensitive,oracle_env_upper_bound,congested_link,95219,652,0.5003098121173295,0.5,6.701241530478001,0.00022799521684646606,1.0,0.558282208588957,0.5309446254071661,1.0,0.6936170212765957,0.618860325943769,1.883435582822086,0.5518591279685563,0.08227818059360589,0.27402218462026207
uwf,heldout_family,defense_evasion,pyod_ecod_env_sensitive__oracle_env_upper_bound,pyod_ecod_env_sensitive,pyod_ecod,env_sensitive,oracle_env_upper_bound,high_background,95219,652,0.5003098121173295,0.5,6.701241530478001,0.00018673017621040344,1.0,0.5230061349693251,0.5117739403453689,1.0,0.6770508826583593,0.5811472016259551,1.9539877300613497,0.5518591279685563,0.08227818059360589,0.27402218462026207
uwf,heldout_family,defense_evasion,pyod_ecod_env_sensitive__oracle_env_upper_bound,pyod_ecod_env_sensitive,pyod_ecod,env_sensitive,oracle_env_upper_bound,delayed_collector,95219,652,0.5003098121173295,0.5,6.701241530478001,0.0001911371946334839,1.0,0.7653374233128835,0.6805845511482255,1.0,0.8099378881987578,0.7339662764876359,1.469325153374233,0.5518591279685563,0.08227818059360589,0.27402218462026207
uwf,heldout_family,defense_evasion,pyod_copod_env_sensitive,pyod_copod_env_sensitive,pyod_copod,env_sensitive,native_default,observed,95219,652,0.5003098121173295,0.5,6.099693447351456,0.00037899985909461975,1.0,0.5398773006134969,0.6203703703703703,0.20552147239263804,0.3087557603686636,0.7410798298769242,0.3312883435582822,0.6841983713718607,0.24887629195065558,0.4074538155255615
uwf,heldout_family,defense_evasion,pyod_copod_env_sensitive,pyod_copod_env_sensitive,pyod_copod,env_sensitive,native_default,low_sampling,95219,652,0.5003098121173295,0.5,6.099693447351456,0.00026052817702293396,1.0,0.44171779141104295,0.46812080536912754,0.8558282208588958,0.6052060737527115,0.38639015393880094,1.8282208588957056,0.6841983713718607,0.24887629195065558,0.4074538155255615
uwf,heldout_family,defense_evasion,pyod_copod_env_sensitive,pyod_copod_env_sensitive,pyod_copod,env_sensitive,native_default,congested_link,95219,652,0.5003098121173295,0.5,6.099693447351456,0.00023404136300086975,1.0,0.5644171779141104,0.5729166666666666,0.5061349693251533,0.5374592833876222,0.6236591516428921,0.8834355828220859,0.6841983713718607,0.24887629195065558,0.4074538155255615
uwf,heldout_family,defense_evasion,pyod_copod_env_sensitive,pyod_copod_env_sensitive,pyod_copod,env_sensitive,native_default,high_background,95219,652,0.5003098121173295,0.5,6.099693447351456,0.0002624876797199249,1.0,0.5245398773006135,0.5132013201320133,0.9539877300613497,0.6673819742489271,0.522930859272084,1.8588957055214723,0.6841983713718607,0.24887629195065558,0.4074538155255615
uwf,heldout_family,defense_evasion,pyod_copod_env_sensitive,pyod_copod_env_sensitive,pyod_copod,env_sensitive,native_default,delayed_collector,95219,652,0.5003098121173295,0.5,6.099693447351456,0.00027032196521759033,1.0,0.4401840490797546,0.38461538461538464,0.19938650306748465,0.26262626262626265,0.6029301065151116,0.5184049079754601,0.6841983713718607,0.24887629195065558,0.4074538155255615
uwf,heldout_family,defense_evasion,pyod_copod_env_sensitive__val_observed_f1,pyod_copod_env_sensitive,pyod_copod,env_sensitive,val_observed_f1,observed,95219,652,0.5003098121173295,0.5,6.099693447351456,0.05246461182832718,1.0,0.5812883435582822,0.8354430379746836,0.20245398773006135,0.32592592592592595,0.7410798298769242,0.24233128834355827,0.6841983713718607,0.05560726459566228,0.4074538155255615
uwf,heldout_family,defense_evasion,pyod_copod_env_sensitive__val_observed_f1,pyod_copod_env_sensitive,pyod_copod,env_sensitive,val_observed_f1,low_sampling,95219,652,0.5003098121173295,0.5,6.099693447351456,0.00015235692262649536,1.0,0.5766871165644172,1.0,0.15337423312883436,0.26595744680851063,0.38639015393880094,0.15337423312883436,0.6841983713718607,0.05560726459566228,0.4074538155255615
uwf,heldout_family,defense_evasion,pyod_copod_env_sensitive__val_observed_f1,pyod_copod_env_sensitive,pyod_copod,env_sensitive,val_observed_f1,congested_link,95219,652,0.5003098121173295,0.5,6.099693447351456,0.0001459270715713501,1.0,0.5444785276073619,0.6330275229357798,0.2116564417177914,0.31724137931034485,0.6236591516428921,0.3343558282208589,0.6841983713718607,0.05560726459566228,0.4074538155255615
uwf,heldout_family,defense_evasion,pyod_copod_env_sensitive__val_observed_f1,pyod_copod_env_sensitive,pyod_copod,env_sensitive,val_observed_f1,high_background,95219,652,0.5003098121173295,0.5,6.099693447351456,0.0001435503363609314,1.0,0.5199386503067485,0.5238095238095238,0.4386503067484663,0.4774624373956594,0.522930859272084,0.8374233128834356,0.6841983713718607,0.05560726459566228,0.4074538155255615
uwf,heldout_family,defense_evasion,pyod_copod_env_sensitive__val_observed_f1,pyod_copod_env_sensitive,pyod_copod,env_sensitive,val_observed_f1,delayed_collector,95219,652,0.5003098121173295,0.5,6.099693447351456,0.0001411139965057373,1.0,0.5628834355828221,0.7303370786516854,0.19938650306748465,0.3132530120481928,0.6029301065151116,0.27300613496932513,0.6841983713718607,0.05560726459566228,0.4074538155255615
uwf,heldout_family,defense_evasion,pyod_copod_env_sensitive__val_robust_minimax,pyod_copod_env_sensitive,pyod_copod,env_sensitive,val_robust_minimax,observed,95219,652,0.5003098121173295,0.5,6.099693447351456,0.00015300512313842773,1.0,0.5828220858895705,0.8552631578947368,0.19938650306748465,0.32338308457711445,0.7410798298769242,0.2331288343558282,0.6841983713718607,0.0490490237257354,0.4074538155255615
uwf,heldout_family,defense_evasion,pyod_copod_env_sensitive__val_robust_minimax,pyod_copod_env_sensitive,pyod_copod,env_sensitive,val_robust_minimax,low_sampling,95219,652,0.5003098121173295,0.5,6.099693447351456,0.00016721710562705994,1.0,0.5736196319018405,1.0,0.147239263803681,0.25668449197860965,0.38639015393880094,0.147239263803681,0.6841983713718607,0.0490490237257354,0.4074538155255615
uwf,heldout_family,defense_evasion,pyod_copod_env_sensitive__val_robust_minimax,pyod_copod_env_sensitive,pyod_copod,env_sensitive,val_robust_minimax,congested_link,95219,652,0.5003098121173295,0.5,6.099693447351456,0.00014278292655944824,1.0,0.5552147239263804,0.68,0.2085889570552147,0.3192488262910798,0.6236591516428921,0.3067484662576687,0.6841983713718607,0.0490490237257354,0.4074538155255615
uwf,heldout_family,defense_evasion,pyod_copod_env_sensitive__val_robust_minimax,pyod_copod_env_sensitive,pyod_copod,env_sensitive,val_robust_minimax,high_background,95219,652,0.5003098121173295,0.5,6.099693447351456,0.00017076358199119568,1.0,0.50920245398773,0.5121951219512195,0.38650306748466257,0.4405594405594406,0.522930859272084,0.754601226993865,0.6841983713718607,0.0490490237257354,0.4074538155255615
uwf,heldout_family,defense_evasion,pyod_copod_env_sensitive__val_robust_minimax,pyod_copod_env_sensitive,pyod_copod,env_sensitive,val_robust_minimax,delayed_collector,95219,652,0.5003098121173295,0.5,6.099693447351456,0.00014854595065116882,1.0,0.5705521472392638,0.7738095238095238,0.19938650306748465,0.3170731707317073,0.6029301065151116,0.25766871165644173,0.6841983713718607,0.0490490237257354,0.4074538155255615
uwf,heldout_family,defense_evasion,pyod_copod_env_sensitive__oracle_env_upper_bound,pyod_copod_env_sensitive,pyod_copod,env_sensitive,oracle_env_upper_bound,observed,95219,652,0.5003098121173295,0.5,6.099693447351456,0.0003048144280910492,1.0,0.7944785276073619,0.7086956521739131,1.0,0.8295165394402035,0.7410798298769242,1.4110429447852761,0.6841983713718607,0.09399337818023569,0.4074538155255615
uwf,heldout_family,defense_evasion,pyod_copod_env_sensitive__oracle_env_upper_bound,pyod_copod_env_sensitive,pyod_copod,env_sensitive,oracle_env_upper_bound,low_sampling,95219,652,0.5003098121173295,0.5,6.099693447351456,0.00019257143139839172,1.0,0.495398773006135,0.49768875192604006,0.99079754601227,0.6625641025641026,0.38639015393880094,1.99079754601227,0.6841983713718607,0.09399337818023569,0.4074538155255615
uwf,heldout_family,defense_evasion,pyod_copod_env_sensitive__oracle_env_upper_bound,pyod_copod_env_sensitive,pyod_copod,env_sensitive,oracle_env_upper_bound,congested_link,95219,652,0.5003098121173295,0.5,6.099693447351456,0.00019143521785736084,1.0,0.5429447852760736,0.5224358974358975,1.0,0.6863157894736842,0.6236591516428921,1.9141104294478528,0.6841983713718607,0.09399337818023569,0.4074538155255615
uwf,heldout_family,defense_evasion,pyod_copod_env_sensitive__oracle_env_upper_bound,pyod_copod_env_sensitive,pyod_copod,env_sensitive,oracle_env_upper_bound,high_background,95219,652,0.5003098121173295,0.5,6.099693447351456,0.00016830489039421082,1.0,0.5122699386503068,0.5062111801242236,1.0,0.6721649484536083,0.522930859272084,1.9754601226993864,0.6841983713718607,0.09399337818023569,0.4074538155255615
uwf,heldout_family,defense_evasion,pyod_copod_env_sensitive__oracle_env_upper_bound,pyod_copod_env_sensitive,pyod_copod,env_sensitive,oracle_env_upper_bound,delayed_collector,95219,652,0.5003098121173295,0.5,6.099693447351456,0.00017463043332099915,1.0,0.7177914110429447,0.6414342629482072,0.9877300613496932,0.7777777777777778,0.6029301065151116,1.539877300613497,0.6841983713718607,0.09399337818023569,0.4074538155255615
uwf,heldout_family,exfiltration,lr_full,lr_full,sklearn_linear,full,native_default,observed,95798,73,0.5004488611453266,0.3150684931506849,78.68773887306452,0.00035825371742248535,1.0,1.0,1.0,1.0,1.0,1.0,1.0,0.3065747499419952,0.024824753135443748,0.30624825125325583
uwf,heldout_family,exfiltration,lr_full,lr_full,sklearn_linear,full,native_default,low_sampling,95798,73,0.5004488611453266,0.3150684931506849,78.68773887306452,0.0003156699240207672,1.0,0.9178082191780822,1.0,0.7391304347826086,0.85,1.0,0.7391304347826086,0.3065747499419952,0.024824753135443748,0.30624825125325583
uwf,heldout_family,exfiltration,lr_full,lr_full,sklearn_linear,full,native_default,congested_link,95798,73,0.5004488611453266,0.3150684931506849,78.68773887306452,0.00036790966987609863,1.0,0.9863013698630136,1.0,0.9565217391304348,0.9777777777777777,1.0,0.9565217391304348,0.3065747499419952,0.024824753135443748,0.30624825125325583
uwf,heldout_family,exfiltration,lr_full,lr_full,sklearn_linear,full,native_default,high_background,95798,73,0.5004488611453266,0.3150684931506849,78.68773887306452,0.0003370717167854309,1.0,1.0,1.0,1.0,1.0,1.0,1.0,0.3065747499419952,0.024824753135443748,0.30624825125325583
uwf,heldout_family,exfiltration,lr_full,lr_full,sklearn_linear,full,native_default,delayed_collector,95798,73,0.5004488611453266,0.3150684931506849,78.68773887306452,0.000317942351102829,1.0,1.0,1.0,1.0,1.0,1.0,1.0,0.3065747499419952,0.024824753135443748,0.30624825125325583
uwf,heldout_family,exfiltration,lr_full__val_observed_f1,lr_full,sklearn_linear,full,val_observed_f1,observed,95798,73,0.5004488611453266,0.3150684931506849,78.68773887306452,0.00027802586555480957,1.0,1.0,1.0,1.0,1.0,1.0,1.0,0.3065747499419952,0.032811063186972675,0.30624825125325583
uwf,heldout_family,exfiltration,lr_full__val_observed_f1,lr_full,sklearn_linear,full,val_observed_f1,low_sampling,95798,73,0.5004488611453266,0.3150684931506849,78.68773887306452,0.00021141394972801208,1.0,0.9178082191780822,1.0,0.7391304347826086,0.85,1.0,0.7391304347826086,0.3065747499419952,0.032811063186972675,0.30624825125325583
uwf,heldout_family,exfiltration,lr_full__val_observed_f1,lr_full,sklearn_linear,full,val_observed_f1,congested_link,95798,73,0.5004488611453266,0.3150684931506849,78.68773887306452,0.00020008161664009094,1.0,1.0,1.0,1.0,1.0,1.0,1.0,0.3065747499419952,0.032811063186972675,0.30624825125325583
uwf,heldout_family,exfiltration,lr_full__val_observed_f1,lr_full,sklearn_linear,full,val_observed_f1,high_background,95798,73,0.5004488611453266,0.3150684931506849,78.68773887306452,0.00019938498735427856,1.0,0.9863013698630136,0.9583333333333334,1.0,0.9787234042553191,1.0,1.0434782608695652,0.3065747499419952,0.032811063186972675,0.30624825125325583
uwf,heldout_family,exfiltration,lr_full__val_observed_f1,lr_full,sklearn_linear,full,val_observed_f1,delayed_collector,95798,73,0.5004488611453266,0.3150684931506849,78.68773887306452,0.0003814101219177246,1.0,1.0,1.0,1.0,1.0,1.0,1.0,0.3065747499419952,0.032811063186972675,0.30624825125325583
uwf,heldout_family,exfiltration,lr_full__val_robust_minimax,lr_full,sklearn_linear,full,val_robust_minimax,observed,95798,73,0.5004488611453266,0.3150684931506849,78.68773887306452,0.0001368895173072815,1.0,1.0,1.0,1.0,1.0,1.0,1.0,0.3065747499419952,0.02925626705835517,0.30624825125325583
uwf,heldout_family,exfiltration,lr_full__val_robust_minimax,lr_full,sklearn_linear,full,val_robust_minimax,low_sampling,95798,73,0.5004488611453266,0.3150684931506849,78.68773887306452,0.00013138726353645325,1.0,0.9178082191780822,1.0,0.7391304347826086,0.85,1.0,0.7391304347826086,0.3065747499419952,0.02925626705835517,0.30624825125325583
uwf,heldout_family,exfiltration,lr_full__val_robust_minimax,lr_full,sklearn_linear,full,val_robust_minimax,congested_link,95798,73,0.5004488611453266,0.3150684931506849,78.68773887306452,0.00013924017548561096,1.0,0.9863013698630136,1.0,0.9565217391304348,0.9777777777777777,1.0,0.9565217391304348,0.3065747499419952,0.02925626705835517,0.30624825125325583
uwf,heldout_family,exfiltration,lr_full__val_robust_minimax,lr_full,sklearn_linear,full,val_robust_minimax,high_background,95798,73,0.5004488611453266,0.3150684931506849,78.68773887306452,0.00023764371871948242,1.0,0.9863013698630136,0.9583333333333334,1.0,0.9787234042553191,1.0,1.0434782608695652,0.3065747499419952,0.02925626705835517,0.30624825125325583
uwf,heldout_family,exfiltration,lr_full__val_robust_minimax,lr_full,sklearn_linear,full,val_robust_minimax,delayed_collector,95798,73,0.5004488611453266,0.3150684931506849,78.68773887306452,0.00018648803234100342,1.0,1.0,1.0,1.0,1.0,1.0,1.0,0.3065747499419952,0.02925626705835517,0.30624825125325583
uwf,heldout_family,exfiltration,lr_full__oracle_env_upper_bound,lr_full,sklearn_linear,full,oracle_env_upper_bound,observed,95798,73,0.5004488611453266,0.3150684931506849,78.68773887306452,0.00028765201568603516,1.0,1.0,1.0,1.0,1.0,1.0,1.0,0.3065747499419952,0.0,0.30624825125325583
uwf,heldout_family,exfiltration,lr_full__oracle_env_upper_bound,lr_full,sklearn_linear,full,oracle_env_upper_bound,low_sampling,95798,73,0.5004488611453266,0.3150684931506849,78.68773887306452,0.00019912049174308777,1.0,1.0,1.0,1.0,1.0,1.0,1.0,0.3065747499419952,0.0,0.30624825125325583
uwf,heldout_family,exfiltration,lr_full__oracle_env_upper_bound,lr_full,sklearn_linear,full,oracle_env_upper_bound,congested_link,95798,73,0.5004488611453266,0.3150684931506849,78.68773887306452,0.00018328800797462463,1.0,1.0,1.0,1.0,1.0,1.0,1.0,0.3065747499419952,0.0,0.30624825125325583
uwf,heldout_family,exfiltration,lr_full__oracle_env_upper_bound,lr_full,sklearn_linear,full,oracle_env_upper_bound,high_background,95798,73,0.5004488611453266,0.3150684931506849,78.68773887306452,0.00018761679530143738,1.0,1.0,1.0,1.0,1.0,1.0,1.0,0.3065747499419952,0.0,0.30624825125325583
uwf,heldout_family,exfiltration,lr_full__oracle_env_upper_bound,lr_full,sklearn_linear,full,oracle_env_upper_bound,delayed_collector,95798,73,0.5004488611453266,0.3150684931506849,78.68773887306452,0.00015886500477790833,1.0,1.0,1.0,1.0,1.0,1.0,1.0,0.3065747499419952,0.0,0.30624825125325583
uwf,heldout_family,exfiltration,rf_full,rf_full,sklearn_tree,full,native_default,observed,95798,73,0.5004488611453266,0.3150684931506849,44.42622971907258,0.00027009472250938416,1.0,1.0,1.0,1.0,1.0,1.0,1.0,0.5224839732900838,0.0,0.5938546256351549
uwf,heldout_family,exfiltration,rf_full,rf_full,sklearn_tree,full,native_default,low_sampling,95798,73,0.5004488611453266,0.3150684931506849,44.42622971907258,0.00022200867533683777,1.0,1.0,1.0,1.0,1.0,1.0,1.0,0.5224839732900838,0.0,0.5938546256351549
uwf,heldout_family,exfiltration,rf_full,rf_full,sklearn_tree,full,native_default,congested_link,95798,73,0.5004488611453266,0.3150684931506849,44.42622971907258,0.00020930543541908264,1.0,1.0,1.0,1.0,1.0,1.0,1.0,0.5224839732900838,0.0,0.5938546256351549
uwf,heldout_family,exfiltration,rf_full,rf_full,sklearn_tree,full,native_default,high_background,95798,73,0.5004488611453266,0.3150684931506849,44.42622971907258,0.00020614266395568848,1.0,1.0,1.0,1.0,1.0,1.0,1.0,0.5224839732900838,0.0,0.5938546256351549
uwf,heldout_family,exfiltration,rf_full,rf_full,sklearn_tree,full,native_default,delayed_collector,95798,73,0.5004488611453266,0.3150684931506849,44.42622971907258,0.00019365549087524414,1.0,1.0,1.0,1.0,1.0,1.0,1.0,0.5224839732900838,0.0,0.5938546256351549
uwf,heldout_family,exfiltration,rf_full__val_observed_f1,rf_full,sklearn_tree,full,val_observed_f1,observed,95798,73,0.5004488611453266,0.3150684931506849,44.42622971907258,0.0002502165734767914,1.0,1.0,1.0,1.0,1.0,1.0,1.0,0.5224839732900838,0.22881359659414174,0.5938546256351549
uwf,heldout_family,exfiltration,rf_full__val_observed_f1,rf_full,sklearn_tree,full,val_observed_f1,low_sampling,95798,73,0.5004488611453266,0.3150684931506849,44.42622971907258,0.0001530386507511139,1.0,0.4794520547945205,0.3770491803278688,1.0,0.5476190476190477,1.0,2.652173913043478,0.5224839732900838,0.22881359659414174,0.5938546256351549
uwf,heldout_family,exfiltration,rf_full__val_observed_f1,rf_full,sklearn_tree,full,val_observed_f1,congested_link,95798,73,0.5004488611453266,0.3150684931506849,44.42622971907258,0.00014597177505493164,1.0,0.6164383561643836,0.45098039215686275,1.0,0.6216216216216216,1.0,2.217391304347826,0.5224839732900838,0.22881359659414174,0.5938546256351549
uwf,heldout_family,exfiltration,rf_full__val_observed_f1,rf_full,sklearn_tree,full,val_observed_f1,high_background,95798,73,0.5004488611453266,0.3150684931506849,44.42622971907258,0.0001381896436214447,1.0,0.4520547945205479,0.36507936507936506,1.0,0.5348837209302325,1.0,2.739130434782609,0.5224839732900838,0.22881359659414174,0.5938546256351549
uwf,heldout_family,exfiltration,rf_full__val_observed_f1,rf_full,sklearn_tree,full,val_observed_f1,delayed_collector,95798,73,0.5004488611453266,0.3150684931506849,44.42622971907258,0.00014498084783554077,1.0,1.0,1.0,1.0,1.0,1.0,1.0,0.5224839732900838,0.22881359659414174,0.5938546256351549
uwf,heldout_family,exfiltration,rf_full__val_robust_minimax,rf_full,sklearn_tree,full,val_robust_minimax,observed,95798,73,0.5004488611453266,0.3150684931506849,44.42622971907258,0.00017052888870239258,1.0,1.0,1.0,1.0,1.0,1.0,1.0,0.5224839732900838,0.0,0.5938546256351549
uwf,heldout_family,exfiltration,rf_full__val_robust_minimax,rf_full,sklearn_tree,full,val_robust_minimax,low_sampling,95798,73,0.5004488611453266,0.3150684931506849,44.42622971907258,0.0001343265175819397,1.0,1.0,1.0,1.0,1.0,1.0,1.0,0.5224839732900838,0.0,0.5938546256351549
uwf,heldout_family,exfiltration,rf_full__val_robust_minimax,rf_full,sklearn_tree,full,val_robust_minimax,congested_link,95798,73,0.5004488611453266,0.3150684931506849,44.42622971907258,0.00012921541929244995,1.0,1.0,1.0,1.0,1.0,1.0,1.0,0.5224839732900838,0.0,0.5938546256351549
uwf,heldout_family,exfiltration,rf_full__val_robust_minimax,rf_full,sklearn_tree,full,val_robust_minimax,high_background,95798,73,0.5004488611453266,0.3150684931506849,44.42622971907258,0.00016688555479049683,1.0,1.0,1.0,1.0,1.0,1.0,1.0,0.5224839732900838,0.0,0.5938546256351549
uwf,heldout_family,exfiltration,rf_full__val_robust_minimax,rf_full,sklearn_tree,full,val_robust_minimax,delayed_collector,95798,73,0.5004488611453266,0.3150684931506849,44.42622971907258,0.00013893097639083862,1.0,1.0,1.0,1.0,1.0,1.0,1.0,0.5224839732900838,0.0,0.5938546256351549
uwf,heldout_family,exfiltration,rf_full__oracle_env_upper_bound,rf_full,sklearn_tree,full,oracle_env_upper_bound,observed,95798,73,0.5004488611453266,0.3150684931506849,44.42622971907258,0.0003226660192012787,1.0,1.0,1.0,1.0,1.0,1.0,1.0,0.5224839732900838,0.0,0.5938546256351549
uwf,heldout_family,exfiltration,rf_full__oracle_env_upper_bound,rf_full,sklearn_tree,full,oracle_env_upper_bound,low_sampling,95798,73,0.5004488611453266,0.3150684931506849,44.42622971907258,0.00020384788513183594,1.0,1.0,1.0,1.0,1.0,1.0,1.0,0.5224839732900838,0.0,0.5938546256351549
uwf,heldout_family,exfiltration,rf_full__oracle_env_upper_bound,rf_full,sklearn_tree,full,oracle_env_upper_bound,congested_link,95798,73,0.5004488611453266,0.3150684931506849,44.42622971907258,0.00020705163478851318,1.0,1.0,1.0,1.0,1.0,1.0,1.0,0.5224839732900838,0.0,0.5938546256351549
uwf,heldout_family,exfiltration,rf_full__oracle_env_upper_bound,rf_full,sklearn_tree,full,oracle_env_upper_bound,high_background,95798,73,0.5004488611453266,0.3150684931506849,44.42622971907258,0.05243365094065666,1.0,1.0,1.0,1.0,1.0,1.0,1.0,0.5224839732900838,0.0,0.5938546256351549
uwf,heldout_family,exfiltration,rf_full__oracle_env_upper_bound,rf_full,sklearn_tree,full,oracle_env_upper_bound,delayed_collector,95798,73,0.5004488611453266,0.3150684931506849,44.42622971907258,0.00020433217287063599,1.0,1.0,1.0,1.0,1.0,1.0,1.0,0.5224839732900838,0.0,0.5938546256351549
uwf,heldout_family,exfiltration,gb_full,gb_full,sklearn_boosting,full,native_default,observed,95798,73,0.5004488611453266,0.3150684931506849,271.2943955771625,0.00035506486892700195,1.0,1.0,1.0,1.0,1.0,1.0,1.0,0.25944044486411055,0.0,0.437210515833839
uwf,heldout_family,exfiltration,gb_full,gb_full,sklearn_boosting,full,native_default,low_sampling,95798,73,0.5004488611453266,0.3150684931506849,271.2943955771625,0.0003184862434864044,1.0,1.0,1.0,1.0,1.0,1.0,1.0,0.25944044486411055,0.0,0.437210515833839
uwf,heldout_family,exfiltration,gb_full,gb_full,sklearn_boosting,full,native_default,congested_link,95798,73,0.5004488611453266,0.3150684931506849,271.2943955771625,0.0003276839852333069,1.0,1.0,1.0,1.0,1.0,1.0,1.0,0.25944044486411055,0.0,0.437210515833839
uwf,heldout_family,exfiltration,gb_full,gb_full,sklearn_boosting,full,native_default,high_background,95798,73,0.5004488611453266,0.3150684931506849,271.2943955771625,0.00032255053520202637,1.0,1.0,1.0,1.0,1.0,1.0,1.0,0.25944044486411055,0.0,0.437210515833839
uwf,heldout_family,exfiltration,gb_full,gb_full,sklearn_boosting,full,native_default,delayed_collector,95798,73,0.5004488611453266,0.3150684931506849,271.2943955771625,0.0003190375864505768,1.0,1.0,1.0,1.0,1.0,1.0,1.0,0.25944044486411055,0.0,0.437210515833839
uwf,heldout_family,exfiltration,gb_full__val_observed_f1,gb_full,sklearn_boosting,full,val_observed_f1,observed,95798,73,0.5004488611453266,0.3150684931506849,271.2943955771625,0.00031146034598350525,1.0,1.0,1.0,1.0,1.0,1.0,1.0,0.25944044486411055,0.0,0.437210515833839
uwf,heldout_family,exfiltration,gb_full__val_observed_f1,gb_full,sklearn_boosting,full,val_observed_f1,low_sampling,95798,73,0.5004488611453266,0.3150684931506849,271.2943955771625,0.0002169683575630188,1.0,1.0,1.0,1.0,1.0,1.0,1.0,0.25944044486411055,0.0,0.437210515833839
uwf,heldout_family,exfiltration,gb_full__val_observed_f1,gb_full,sklearn_boosting,full,val_observed_f1,congested_link,95798,73,0.5004488611453266,0.3150684931506849,271.2943955771625,0.00020297616720199585,1.0,1.0,1.0,1.0,1.0,1.0,1.0,0.25944044486411055,0.0,0.437210515833839
uwf,heldout_family,exfiltration,gb_full__val_observed_f1,gb_full,sklearn_boosting,full,val_observed_f1,high_background,95798,73,0.5004488611453266,0.3150684931506849,271.2943955771625,0.00019215047359466553,1.0,1.0,1.0,1.0,1.0,1.0,1.0,0.25944044486411055,0.0,0.437210515833839
uwf,heldout_family,exfiltration,gb_full__val_observed_f1,gb_full,sklearn_boosting,full,val_observed_f1,delayed_collector,95798,73,0.5004488611453266,0.3150684931506849,271.2943955771625,0.00019513443112373352,1.0,1.0,1.0,1.0,1.0,1.0,1.0,0.25944044486411055,0.0,0.437210515833839
uwf,heldout_family,exfiltration,gb_full__val_robust_minimax,gb_full,sklearn_boosting,full,val_robust_minimax,observed,95798,73,0.5004488611453266,0.3150684931506849,271.2943955771625,0.00018003955483436584,1.0,1.0,1.0,1.0,1.0,1.0,1.0,0.25944044486411055,0.0,0.437210515833839
uwf,heldout_family,exfiltration,gb_full__val_robust_minimax,gb_full,sklearn_boosting,full,val_robust_minimax,low_sampling,95798,73,0.5004488611453266,0.3150684931506849,271.2943955771625,0.0001810416579246521,1.0,1.0,1.0,1.0,1.0,1.0,1.0,0.25944044486411055,0.0,0.437210515833839
uwf,heldout_family,exfiltration,gb_full__val_robust_minimax,gb_full,sklearn_boosting,full,val_robust_minimax,congested_link,95798,73,0.5004488611453266,0.3150684931506849,271.2943955771625,0.0001729130744934082,1.0,1.0,1.0,1.0,1.0,1.0,1.0,0.25944044486411055,0.0,0.437210515833839
uwf,heldout_family,exfiltration,gb_full__val_robust_minimax,gb_full,sklearn_boosting,full,val_robust_minimax,high_background,95798,73,0.5004488611453266,0.3150684931506849,271.2943955771625,0.00017356127500534058,1.0,1.0,1.0,1.0,1.0,1.0,1.0,0.25944044486411055,0.0,0.437210515833839
uwf,heldout_family,exfiltration,gb_full__val_robust_minimax,gb_full,sklearn_boosting,full,val_robust_minimax,delayed_collector,95798,73,0.5004488611453266,0.3150684931506849,271.2943955771625,0.00017097964882850647,1.0,1.0,1.0,1.0,1.0,1.0,1.0,0.25944044486411055,0.0,0.437210515833839
uwf,heldout_family,exfiltration,gb_full__oracle_env_upper_bound,gb_full,sklearn_boosting,full,oracle_env_upper_bound,observed,95798,73,0.5004488611453266,0.3150684931506849,271.2943955771625,0.00029609352350234985,1.0,1.0,1.0,1.0,1.0,1.0,1.0,0.25944044486411055,0.0,0.437210515833839
uwf,heldout_family,exfiltration,gb_full__oracle_env_upper_bound,gb_full,sklearn_boosting,full,oracle_env_upper_bound,low_sampling,95798,73,0.5004488611453266,0.3150684931506849,271.2943955771625,0.00020420178771018982,1.0,1.0,1.0,1.0,1.0,1.0,1.0,0.25944044486411055,0.0,0.437210515833839
uwf,heldout_family,exfiltration,gb_full__oracle_env_upper_bound,gb_full,sklearn_boosting,full,oracle_env_upper_bound,congested_link,95798,73,0.5004488611453266,0.3150684931506849,271.2943955771625,0.0001627802848815918,1.0,1.0,1.0,1.0,1.0,1.0,1.0,0.25944044486411055,0.0,0.437210515833839
uwf,heldout_family,exfiltration,gb_full__oracle_env_upper_bound,gb_full,sklearn_boosting,full,oracle_env_upper_bound,high_background,95798,73,0.5004488611453266,0.3150684931506849,271.2943955771625,0.00023590773344039917,1.0,1.0,1.0,1.0,1.0,1.0,1.0,0.25944044486411055,0.0,0.437210515833839
uwf,heldout_family,exfiltration,gb_full__oracle_env_upper_bound,gb_full,sklearn_boosting,full,oracle_env_upper_bound,delayed_collector,95798,73,0.5004488611453266,0.3150684931506849,271.2943955771625,0.0001936778426170349,1.0,1.0,1.0,1.0,1.0,1.0,1.0,0.25944044486411055,0.0,0.437210515833839
uwf,heldout_family,exfiltration,xgb_full,xgb_full,xgboost,full,native_default,observed,95798,73,0.5004488611453266,0.3150684931506849,64.10334301739931,0.00026651471853256226,1.0,1.0,1.0,1.0,1.0,1.0,1.0,0.18192833272154035,0.0,0.22537947875961453
uwf,heldout_family,exfiltration,xgb_full,xgb_full,xgboost,full,native_default,low_sampling,95798,73,0.5004488611453266,0.3150684931506849,64.10334301739931,0.00020497292280197144,1.0,1.0,1.0,1.0,1.0,1.0,1.0,0.18192833272154035,0.0,0.22537947875961453
uwf,heldout_family,exfiltration,xgb_full,xgb_full,xgboost,full,native_default,congested_link,95798,73,0.5004488611453266,0.3150684931506849,64.10334301739931,0.00022987648844718933,1.0,1.0,1.0,1.0,1.0,1.0,1.0,0.18192833272154035,0.0,0.22537947875961453
uwf,heldout_family,exfiltration,xgb_full,xgb_full,xgboost,full,native_default,high_background,95798,73,0.5004488611453266,0.3150684931506849,64.10334301739931,0.00023481622338294983,1.0,1.0,1.0,1.0,1.0,1.0,1.0,0.18192833272154035,0.0,0.22537947875961453
uwf,heldout_family,exfiltration,xgb_full,xgb_full,xgboost,full,native_default,delayed_collector,95798,73,0.5004488611453266,0.3150684931506849,64.10334301739931,0.00021818280220031738,1.0,1.0,1.0,1.0,1.0,1.0,1.0,0.18192833272154035,0.0,0.22537947875961453
uwf,heldout_family,exfiltration,xgb_full__val_observed_f1,xgb_full,xgboost,full,val_observed_f1,observed,95798,73,0.5004488611453266,0.3150684931506849,64.10334301739931,0.00015427544713020325,1.0,1.0,1.0,1.0,1.0,1.0,1.0,0.18192833272154035,0.009016371159180235,0.22537947875961453
uwf,heldout_family,exfiltration,xgb_full__val_observed_f1,xgb_full,xgboost,full,val_observed_f1,low_sampling,95798,73,0.5004488611453266,0.3150684931506849,64.10334301739931,0.0001326538622379303,1.0,0.9726027397260274,1.0,0.9130434782608695,0.9545454545454546,1.0,0.9130434782608695,0.18192833272154035,0.009016371159180235,0.22537947875961453
uwf,heldout_family,exfiltration,xgb_full__val_observed_f1,xgb_full,xgboost,full,val_observed_f1,congested_link,95798,73,0.5004488611453266,0.3150684931506849,64.10334301739931,0.00013810396194458008,1.0,1.0,1.0,1.0,1.0,1.0,1.0,0.18192833272154035,0.009016371159180235,0.22537947875961453
uwf,heldout_family,exfiltration,xgb_full__val_observed_f1,xgb_full,xgboost,full,val_observed_f1,high_background,95798,73,0.5004488611453266,0.3150684931506849,64.10334301739931,0.00013229623436927795,1.0,1.0,1.0,1.0,1.0,1.0,1.0,0.18192833272154035,0.009016371159180235,0.22537947875961453
uwf,heldout_family,exfiltration,xgb_full__val_observed_f1,xgb_full,xgboost,full,val_observed_f1,delayed_collector,95798,73,0.5004488611453266,0.3150684931506849,64.10334301739931,0.00011737644672393799,1.0,1.0,1.0,1.0,1.0,1.0,1.0,0.18192833272154035,0.009016371159180235,0.22537947875961453
uwf,heldout_family,exfiltration,xgb_full__val_robust_minimax,xgb_full,xgboost,full,val_robust_minimax,observed,95798,73,0.5004488611453266,0.3150684931506849,64.10334301739931,0.00017112120985984802,1.0,1.0,1.0,1.0,1.0,1.0,1.0,0.18192833272154035,0.0,0.22537947875961453
uwf,heldout_family,exfiltration,xgb_full__val_robust_minimax,xgb_full,xgboost,full,val_robust_minimax,low_sampling,95798,73,0.5004488611453266,0.3150684931506849,64.10334301739931,0.00017627328634262085,1.0,1.0,1.0,1.0,1.0,1.0,1.0,0.18192833272154035,0.0,0.22537947875961453
uwf,heldout_family,exfiltration,xgb_full__val_robust_minimax,xgb_full,xgboost,full,val_robust_minimax,congested_link,95798,73,0.5004488611453266,0.3150684931506849,64.10334301739931,0.00014838576316833496,1.0,1.0,1.0,1.0,1.0,1.0,1.0,0.18192833272154035,0.0,0.22537947875961453
uwf,heldout_family,exfiltration,xgb_full__val_robust_minimax,xgb_full,xgboost,full,val_robust_minimax,high_background,95798,73,0.5004488611453266,0.3150684931506849,64.10334301739931,0.00016361847519874573,1.0,1.0,1.0,1.0,1.0,1.0,1.0,0.18192833272154035,0.0,0.22537947875961453
uwf,heldout_family,exfiltration,xgb_full__val_robust_minimax,xgb_full,xgboost,full,val_robust_minimax,delayed_collector,95798,73,0.5004488611453266,0.3150684931506849,64.10334301739931,0.00013507530093193054,1.0,1.0,1.0,1.0,1.0,1.0,1.0,0.18192833272154035,0.0,0.22537947875961453
uwf,heldout_family,exfiltration,xgb_full__oracle_env_upper_bound,xgb_full,xgboost,full,oracle_env_upper_bound,observed,95798,73,0.5004488611453266,0.3150684931506849,64.10334301739931,0.00047343596816062927,1.0,1.0,1.0,1.0,1.0,1.0,1.0,0.18192833272154035,0.0,0.22537947875961453
uwf,heldout_family,exfiltration,xgb_full__oracle_env_upper_bound,xgb_full,xgboost,full,oracle_env_upper_bound,low_sampling,95798,73,0.5004488611453266,0.3150684931506849,64.10334301739931,0.0003223307430744171,1.0,1.0,1.0,1.0,1.0,1.0,1.0,0.18192833272154035,0.0,0.22537947875961453
uwf,heldout_family,exfiltration,xgb_full__oracle_env_upper_bound,xgb_full,xgboost,full,oracle_env_upper_bound,congested_link,95798,73,0.5004488611453266,0.3150684931506849,64.10334301739931,0.0002716146409511566,1.0,1.0,1.0,1.0,1.0,1.0,1.0,0.18192833272154035,0.0,0.22537947875961453
uwf,heldout_family,exfiltration,xgb_full__oracle_env_upper_bound,xgb_full,xgboost,full,oracle_env_upper_bound,high_background,95798,73,0.5004488611453266,0.3150684931506849,64.10334301739931,0.0002922527492046356,1.0,1.0,1.0,1.0,1.0,1.0,1.0,0.18192833272154035,0.0,0.22537947875961453
uwf,heldout_family,exfiltration,xgb_full__oracle_env_upper_bound,xgb_full,xgboost,full,oracle_env_upper_bound,delayed_collector,95798,73,0.5004488611453266,0.3150684931506849,64.10334301739931,0.0002893209457397461,1.0,1.0,1.0,1.0,1.0,1.0,1.0,0.18192833272154035,0.0,0.22537947875961453
uwf,heldout_family,exfiltration,lgbm_full,lgbm_full,lightgbm,full,native_default,observed,95798,73,0.5004488611453266,0.3150684931506849,27.091892164200544,0.0003331191837787628,1.0,1.0,1.0,1.0,1.0,1.0,1.0,0.14708234383800972,0.009016371159180235,0.1173308823770369
uwf,heldout_family,exfiltration,lgbm_full,lgbm_full,lightgbm,full,native_default,low_sampling,95798,73,0.5004488611453266,0.3150684931506849,27.091892164200544,0.00022955983877182007,1.0,0.9726027397260274,1.0,0.9130434782608695,0.9545454545454546,1.0,0.9130434782608695,0.14708234383800972,0.009016371159180235,0.1173308823770369
uwf,heldout_family,exfiltration,lgbm_full,lgbm_full,lightgbm,full,native_default,congested_link,95798,73,0.5004488611453266,0.3150684931506849,27.091892164200544,0.00022850558161735535,1.0,1.0,1.0,1.0,1.0,0.9999999999999999,1.0,0.14708234383800972,0.009016371159180235,0.1173308823770369
uwf,heldout_family,exfiltration,lgbm_full,lgbm_full,lightgbm,full,native_default,high_background,95798,73,0.5004488611453266,0.3150684931506849,27.091892164200544,0.00022011250257492065,1.0,1.0,1.0,1.0,1.0,1.0,1.0,0.14708234383800972,0.009016371159180235,0.1173308823770369
uwf,heldout_family,exfiltration,lgbm_full,lgbm_full,lightgbm,full,native_default,delayed_collector,95798,73,0.5004488611453266,0.3150684931506849,27.091892164200544,0.00024433434009552,1.0,1.0,1.0,1.0,1.0,1.0,1.0,0.14708234383800972,0.009016371159180235,0.1173308823770369
uwf,heldout_family,exfiltration,lgbm_full__val_observed_f1,lgbm_full,lightgbm,full,val_observed_f1,observed,95798,73,0.5004488611453266,0.3150684931506849,27.091892164200544,0.00022741034626960754,1.0,1.0,1.0,1.0,1.0,1.0,1.0,0.14708234383800972,0.009016371159180235,0.1173308823770369
uwf,heldout_family,exfiltration,lgbm_full__val_observed_f1,lgbm_full,lightgbm,full,val_observed_f1,low_sampling,95798,73,0.5004488611453266,0.3150684931506849,27.091892164200544,0.00014576315879821777,1.0,0.9726027397260274,1.0,0.9130434782608695,0.9545454545454546,1.0,0.9130434782608695,0.14708234383800972,0.009016371159180235,0.1173308823770369
uwf,heldout_family,exfiltration,lgbm_full__val_observed_f1,lgbm_full,lightgbm,full,val_observed_f1,congested_link,95798,73,0.5004488611453266,0.3150684931506849,27.091892164200544,0.0001478232443332672,1.0,1.0,1.0,1.0,1.0,0.9999999999999999,1.0,0.14708234383800972,0.009016371159180235,0.1173308823770369
uwf,heldout_family,exfiltration,lgbm_full__val_observed_f1,lgbm_full,lightgbm,full,val_observed_f1,high_background,95798,73,0.5004488611453266,0.3150684931506849,27.091892164200544,0.00015005096793174744,1.0,1.0,1.0,1.0,1.0,1.0,1.0,0.14708234383800972,0.009016371159180235,0.1173308823770369
uwf,heldout_family,exfiltration,lgbm_full__val_observed_f1,lgbm_full,lightgbm,full,val_observed_f1,delayed_collector,95798,73,0.5004488611453266,0.3150684931506849,27.091892164200544,0.00013913214206695557,1.0,1.0,1.0,1.0,1.0,1.0,1.0,0.14708234383800972,0.009016371159180235,0.1173308823770369
uwf,heldout_family,exfiltration,lgbm_full__val_robust_minimax,lgbm_full,lightgbm,full,val_robust_minimax,observed,95798,73,0.5004488611453266,0.3150684931506849,27.091892164200544,0.00018761679530143738,1.0,1.0,1.0,1.0,1.0,1.0,1.0,0.14708234383800972,0.0,0.1173308823770369
uwf,heldout_family,exfiltration,lgbm_full__val_robust_minimax,lgbm_full,lightgbm,full,val_robust_minimax,low_sampling,95798,73,0.5004488611453266,0.3150684931506849,27.091892164200544,0.00017344951629638672,1.0,1.0,1.0,1.0,1.0,1.0,1.0,0.14708234383800972,0.0,0.1173308823770369
uwf,heldout_family,exfiltration,lgbm_full__val_robust_minimax,lgbm_full,lightgbm,full,val_robust_minimax,congested_link,95798,73,0.5004488611453266,0.3150684931506849,27.091892164200544,0.00015768781304359436,1.0,1.0,1.0,1.0,1.0,0.9999999999999999,1.0,0.14708234383800972,0.0,0.1173308823770369
uwf,heldout_family,exfiltration,lgbm_full__val_robust_minimax,lgbm_full,lightgbm,full,val_robust_minimax,high_background,95798,73,0.5004488611453266,0.3150684931506849,27.091892164200544,0.00014486163854599,1.0,1.0,1.0,1.0,1.0,1.0,1.0,0.14708234383800972,0.0,0.1173308823770369
uwf,heldout_family,exfiltration,lgbm_full__val_robust_minimax,lgbm_full,lightgbm,full,val_robust_minimax,delayed_collector,95798,73,0.5004488611453266,0.3150684931506849,27.091892164200544,0.00014618411660194397,1.0,1.0,1.0,1.0,1.0,1.0,1.0,0.14708234383800972,0.0,0.1173308823770369
uwf,heldout_family,exfiltration,lgbm_full__oracle_env_upper_bound,lgbm_full,lightgbm,full,oracle_env_upper_bound,observed,95798,73,0.5004488611453266,0.3150684931506849,27.091892164200544,0.0005477406084537506,1.0,1.0,1.0,1.0,1.0,1.0,1.0,0.14708234383800972,0.0,0.1173308823770369
uwf,heldout_family,exfiltration,lgbm_full__oracle_env_upper_bound,lgbm_full,lightgbm,full,oracle_env_upper_bound,low_sampling,95798,73,0.5004488611453266,0.3150684931506849,27.091892164200544,0.00022319331765174866,1.0,1.0,1.0,1.0,1.0,1.0,1.0,0.14708234383800972,0.0,0.1173308823770369
uwf,heldout_family,exfiltration,lgbm_full__oracle_env_upper_bound,lgbm_full,lightgbm,full,oracle_env_upper_bound,congested_link,95798,73,0.5004488611453266,0.3150684931506849,27.091892164200544,0.00019766762852668762,1.0,1.0,1.0,1.0,1.0,0.9999999999999999,1.0,0.14708234383800972,0.0,0.1173308823770369
uwf,heldout_family,exfiltration,lgbm_full__oracle_env_upper_bound,lgbm_full,lightgbm,full,oracle_env_upper_bound,high_background,95798,73,0.5004488611453266,0.3150684931506849,27.091892164200544,0.0001713484525680542,1.0,1.0,1.0,1.0,1.0,1.0,1.0,0.14708234383800972,0.0,0.1173308823770369
uwf,heldout_family,exfiltration,lgbm_full__oracle_env_upper_bound,lgbm_full,lightgbm,full,oracle_env_upper_bound,delayed_collector,95798,73,0.5004488611453266,0.3150684931506849,27.091892164200544,0.000186283141374588,1.0,1.0,1.0,1.0,1.0,1.0,1.0,0.14708234383800972,0.0,0.1173308823770369
uwf,heldout_family,exfiltration,cat_full,cat_full,catboost,full,native_default,observed,95798,73,0.5004488611453266,0.3150684931506849,48.28255344554782,0.00029100850224494934,1.0,1.0,1.0,1.0,1.0,1.0,1.0,0.2924354815916092,0.0,0.24883383812397014
uwf,heldout_family,exfiltration,cat_full,cat_full,catboost,full,native_default,low_sampling,95798,73,0.5004488611453266,0.3150684931506849,48.28255344554782,0.00023031607270240784,1.0,1.0,1.0,1.0,1.0,1.0,1.0,0.2924354815916092,0.0,0.24883383812397014
uwf,heldout_family,exfiltration,cat_full,cat_full,catboost,full,native_default,congested_link,95798,73,0.5004488611453266,0.3150684931506849,48.28255344554782,0.00023097172379493713,1.0,1.0,1.0,1.0,1.0,1.0,1.0,0.2924354815916092,0.0,0.24883383812397014
uwf,heldout_family,exfiltration,cat_full,cat_full,catboost,full,native_default,high_background,95798,73,0.5004488611453266,0.3150684931506849,48.28255344554782,0.0002747848629951477,1.0,1.0,1.0,1.0,1.0,1.0,1.0,0.2924354815916092,0.0,0.24883383812397014
uwf,heldout_family,exfiltration,cat_full,cat_full,catboost,full,native_default,delayed_collector,95798,73,0.5004488611453266,0.3150684931506849,48.28255344554782,0.00022026151418685913,1.0,1.0,1.0,1.0,1.0,1.0,1.0,0.2924354815916092,0.0,0.24883383812397014
uwf,heldout_family,exfiltration,cat_full__val_observed_f1,cat_full,catboost,full,val_observed_f1,observed,95798,73,0.5004488611453266,0.3150684931506849,48.28255344554782,0.00022915005683898926,1.0,1.0,1.0,1.0,1.0,1.0,1.0,0.2924354815916092,0.009016371159180235,0.24883383812397014
uwf,heldout_family,exfiltration,cat_full__val_observed_f1,cat_full,catboost,full,val_observed_f1,low_sampling,95798,73,0.5004488611453266,0.3150684931506849,48.28255344554782,0.00015742704272270203,1.0,0.9726027397260274,1.0,0.9130434782608695,0.9545454545454546,1.0,0.9130434782608695,0.2924354815916092,0.009016371159180235,0.24883383812397014
uwf,heldout_family,exfiltration,cat_full__val_observed_f1,cat_full,catboost,full,val_observed_f1,congested_link,95798,73,0.5004488611453266,0.3150684931506849,48.28255344554782,0.00013246387243270874,1.0,1.0,1.0,1.0,1.0,1.0,1.0,0.2924354815916092,0.009016371159180235,0.24883383812397014
uwf,heldout_family,exfiltration,cat_full__val_observed_f1,cat_full,catboost,full,val_observed_f1,high_background,95798,73,0.5004488611453266,0.3150684931506849,48.28255344554782,0.00013114511966705322,1.0,1.0,1.0,1.0,1.0,1.0,1.0,0.2924354815916092,0.009016371159180235,0.24883383812397014
uwf,heldout_family,exfiltration,cat_full__val_observed_f1,cat_full,catboost,full,val_observed_f1,delayed_collector,95798,73,0.5004488611453266,0.3150684931506849,48.28255344554782,0.0001414380967617035,1.0,1.0,1.0,1.0,1.0,1.0,1.0,0.2924354815916092,0.009016371159180235,0.24883383812397014
uwf,heldout_family,exfiltration,cat_full__val_robust_minimax,cat_full,catboost,full,val_robust_minimax,observed,95798,73,0.5004488611453266,0.3150684931506849,48.28255344554782,0.00016588345170021057,1.0,1.0,1.0,1.0,1.0,1.0,1.0,0.2924354815916092,0.009016371159180235,0.24883383812397014
uwf,heldout_family,exfiltration,cat_full__val_robust_minimax,cat_full,catboost,full,val_robust_minimax,low_sampling,95798,73,0.5004488611453266,0.3150684931506849,48.28255344554782,0.0001488812267780304,1.0,0.9726027397260274,1.0,0.9130434782608695,0.9545454545454546,1.0,0.9130434782608695,0.2924354815916092,0.009016371159180235,0.24883383812397014
uwf,heldout_family,exfiltration,cat_full__val_robust_minimax,cat_full,catboost,full,val_robust_minimax,congested_link,95798,73,0.5004488611453266,0.3150684931506849,48.28255344554782,0.00015486031770706177,1.0,1.0,1.0,1.0,1.0,1.0,1.0,0.2924354815916092,0.009016371159180235,0.24883383812397014
uwf,heldout_family,exfiltration,cat_full__val_robust_minimax,cat_full,catboost,full,val_robust_minimax,high_background,95798,73,0.5004488611453266,0.3150684931506849,48.28255344554782,0.0001531355082988739,1.0,1.0,1.0,1.0,1.0,1.0,1.0,0.2924354815916092,0.009016371159180235,0.24883383812397014
uwf,heldout_family,exfiltration,cat_full__val_robust_minimax,cat_full,catboost,full,val_robust_minimax,delayed_collector,95798,73,0.5004488611453266,0.3150684931506849,48.28255344554782,0.00013861805200576782,1.0,1.0,1.0,1.0,1.0,1.0,1.0,0.2924354815916092,0.009016371159180235,0.24883383812397014
uwf,heldout_family,exfiltration,cat_full__oracle_env_upper_bound,cat_full,catboost,full,oracle_env_upper_bound,observed,95798,73,0.5004488611453266,0.3150684931506849,48.28255344554782,0.00037533044815063477,1.0,1.0,1.0,1.0,1.0,1.0,1.0,0.2924354815916092,0.0,0.24883383812397014
uwf,heldout_family,exfiltration,cat_full__oracle_env_upper_bound,cat_full,catboost,full,oracle_env_upper_bound,low_sampling,95798,73,0.5004488611453266,0.3150684931506849,48.28255344554782,0.00027287378907203674,1.0,1.0,1.0,1.0,1.0,1.0,1.0,0.2924354815916092,0.0,0.24883383812397014
uwf,heldout_family,exfiltration,cat_full__oracle_env_upper_bound,cat_full,catboost,full,oracle_env_upper_bound,congested_link,95798,73,0.5004488611453266,0.3150684931506849,48.28255344554782,0.0002658478915691376,1.0,1.0,1.0,1.0,1.0,1.0,1.0,0.2924354815916092,0.0,0.24883383812397014
uwf,heldout_family,exfiltration,cat_full__oracle_env_upper_bound,cat_full,catboost,full,oracle_env_upper_bound,high_background,95798,73,0.5004488611453266,0.3150684931506849,48.28255344554782,0.00026094168424606323,1.0,1.0,1.0,1.0,1.0,1.0,1.0,0.2924354815916092,0.0,0.24883383812397014
uwf,heldout_family,exfiltration,cat_full__oracle_env_upper_bound,cat_full,catboost,full,oracle_env_upper_bound,delayed_collector,95798,73,0.5004488611453266,0.3150684931506849,48.28255344554782,0.00026844441890716553,1.0,1.0,1.0,1.0,1.0,1.0,1.0,0.2924354815916092,0.0,0.24883383812397014
uwf,heldout_family,exfiltration,iforest_env_sensitive,iforest_env_sensitive,sklearn_anomaly,env_sensitive,native_default,observed,95798,73,0.5004488611453266,0.3150684931506849,4.057870347052813,0.00029697269201278687,1.0,0.8082191780821918,0.6216216216216216,1.0,0.7666666666666667,0.9843478260869565,1.608695652173913,0.5176786672972671,0.09506939253693313,0.2644024958218968
uwf,heldout_family,exfiltration,iforest_env_sensitive,iforest_env_sensitive,sklearn_anomaly,env_sensitive,native_default,low_sampling,95798,73,0.5004488611453266,0.3150684931506849,4.057870347052813,0.0002425573766231537,1.0,0.5205479452054794,0.39655172413793105,1.0,0.5679012345679012,0.9773913043478261,2.5217391304347827,0.5176786672972671,0.09506939253693313,0.2644024958218968
uwf,heldout_family,exfiltration,iforest_env_sensitive,iforest_env_sensitive,sklearn_anomaly,env_sensitive,native_default,congested_link,95798,73,0.5004488611453266,0.3150684931506849,4.057870347052813,0.0002177506685256958,1.0,0.5616438356164384,0.41818181818181815,1.0,0.5897435897435898,0.9886956521739131,2.391304347826087,0.5176786672972671,0.09506939253693313,0.2644024958218968
uwf,heldout_family,exfiltration,iforest_env_sensitive,iforest_env_sensitive,sklearn_anomaly,env_sensitive,native_default,high_background,95798,73,0.5004488611453266,0.3150684931506849,4.057870347052813,0.0002087429165840149,1.0,0.3287671232876712,0.3194444444444444,1.0,0.4842105263157895,0.9704347826086956,3.130434782608696,0.5176786672972671,0.09506939253693313,0.2644024958218968
uwf,heldout_family,exfiltration,iforest_env_sensitive,iforest_env_sensitive,sklearn_anomaly,env_sensitive,native_default,delayed_collector,95798,73,0.5004488611453266,0.3150684931506849,4.057870347052813,0.00020765513181686401,1.0,0.684931506849315,0.5,1.0,0.6666666666666666,0.9869565217391304,2.0,0.5176786672972671,0.09506939253693313,0.2644024958218968
uwf,heldout_family,exfiltration,iforest_env_sensitive__val_observed_f1,iforest_env_sensitive,sklearn_anomaly,env_sensitive,val_observed_f1,observed,95798,73,0.5004488611453266,0.3150684931506849,4.057870347052813,0.00022414326667785645,1.0,0.8767123287671232,0.71875,1.0,0.8363636363636363,0.9843478260869565,1.391304347826087,0.5176786672972671,0.059046271774734,0.2644024958218968
uwf,heldout_family,exfiltration,iforest_env_sensitive__val_observed_f1,iforest_env_sensitive,sklearn_anomaly,env_sensitive,val_observed_f1,low_sampling,95798,73,0.5004488611453266,0.3150684931506849,4.057870347052813,0.00015440955758094788,1.0,0.958904109589041,0.9545454545454546,0.9130434782608695,0.9333333333333333,0.9773913043478261,0.9565217391304348,0.5176786672972671,0.059046271774734,0.2644024958218968
uwf,heldout_family,exfiltration,iforest_env_sensitive__val_observed_f1,iforest_env_sensitive,sklearn_anomaly,env_sensitive,val_observed_f1,congested_link,95798,73,0.5004488611453266,0.3150684931506849,4.057870347052813,0.0001582913100719452,1.0,0.8082191780821918,0.6216216216216216,1.0,0.7666666666666667,0.9886956521739131,1.608695652173913,0.5176786672972671,0.059046271774734,0.2644024958218968
uwf,heldout_family,exfiltration,iforest_env_sensitive__val_observed_f1,iforest_env_sensitive,sklearn_anomaly,env_sensitive,val_observed_f1,high_background,95798,73,0.5004488611453266,0.3150684931506849,4.057870347052813,0.00014240294694900513,1.0,0.6712328767123288,0.48936170212765956,1.0,0.6571428571428571,0.9704347826086956,2.0434782608695654,0.5176786672972671,0.059046271774734,0.2644024958218968
uwf,heldout_family,exfiltration,iforest_env_sensitive__val_observed_f1,iforest_env_sensitive,sklearn_anomaly,env_sensitive,val_observed_f1,delayed_collector,95798,73,0.5004488611453266,0.3150684931506849,4.057870347052813,0.000139530748128891,1.0,0.8904109589041096,0.7419354838709677,1.0,0.8518518518518519,0.9869565217391304,1.3478260869565217,0.5176786672972671,0.059046271774734,0.2644024958218968
uwf,heldout_family,exfiltration,iforest_env_sensitive__val_robust_minimax,iforest_env_sensitive,sklearn_anomaly,env_sensitive,val_robust_minimax,observed,95798,73,0.5004488611453266,0.3150684931506849,4.057870347052813,0.00013298913836479187,1.0,0.6301369863013698,0.46,1.0,0.6301369863013698,0.9843478260869565,2.1739130434782608,0.5176786672972671,0.01598879684664406,0.2644024958218968
uwf,heldout_family,exfiltration,iforest_env_sensitive__val_robust_minimax,iforest_env_sensitive,sklearn_anomaly,env_sensitive,val_robust_minimax,low_sampling,95798,73,0.5004488611453266,0.3150684931506849,4.057870347052813,0.000133611261844635,1.0,0.5616438356164384,0.41818181818181815,1.0,0.5897435897435898,0.9773913043478261,2.391304347826087,0.5176786672972671,0.01598879684664406,0.2644024958218968
uwf,heldout_family,exfiltration,iforest_env_sensitive__val_robust_minimax,iforest_env_sensitive,sklearn_anomaly,env_sensitive,val_robust_minimax,congested_link,95798,73,0.5004488611453266,0.3150684931506849,4.057870347052813,0.0001216493546962738,1.0,0.5068493150684932,0.3898305084745763,1.0,0.5609756097560976,0.9886956521739131,2.5652173913043477,0.5176786672972671,0.01598879684664406,0.2644024958218968
uwf,heldout_family,exfiltration,iforest_env_sensitive__val_robust_minimax,iforest_env_sensitive,sklearn_anomaly,env_sensitive,val_robust_minimax,high_background,95798,73,0.5004488611453266,0.3150684931506849,4.057870347052813,0.00012182816863059998,1.0,0.4520547945205479,0.36507936507936506,1.0,0.5348837209302325,0.9704347826086956,2.739130434782609,0.5176786672972671,0.01598879684664406,0.2644024958218968
uwf,heldout_family,exfiltration,iforest_env_sensitive__val_robust_minimax,iforest_env_sensitive,sklearn_anomaly,env_sensitive,val_robust_minimax,delayed_collector,95798,73,0.5004488611453266,0.3150684931506849,4.057870347052813,0.00015510618686676025,1.0,0.6301369863013698,0.46,1.0,0.6301369863013698,0.9869565217391304,2.1739130434782608,0.5176786672972671,0.01598879684664406,0.2644024958218968
uwf,heldout_family,exfiltration,iforest_env_sensitive__oracle_env_upper_bound,iforest_env_sensitive,sklearn_anomaly,env_sensitive,oracle_env_upper_bound,observed,95798,73,0.5004488611453266,0.3150684931506849,4.057870347052813,0.0002963133156299591,1.0,0.9726027397260274,0.92,1.0,0.9583333333333334,0.9843478260869565,1.0869565217391304,0.5176786672972671,0.014310149011592336,0.2644024958218968
uwf,heldout_family,exfiltration,iforest_env_sensitive__oracle_env_upper_bound,iforest_env_sensitive,sklearn_anomaly,env_sensitive,oracle_env_upper_bound,low_sampling,95798,73,0.5004488611453266,0.3150684931506849,4.057870347052813,0.00019400939345359802,1.0,0.958904109589041,0.9545454545454546,0.9130434782608695,0.9333333333333333,0.9773913043478261,0.9565217391304348,0.5176786672972671,0.014310149011592336,0.2644024958218968
uwf,heldout_family,exfiltration,iforest_env_sensitive__oracle_env_upper_bound,iforest_env_sensitive,sklearn_anomaly,env_sensitive,oracle_env_upper_bound,congested_link,95798,73,0.5004488611453266,0.3150684931506849,4.057870347052813,0.00018505379557609558,1.0,0.958904109589041,0.9545454545454546,0.9130434782608695,0.9333333333333333,0.9886956521739131,0.9565217391304348,0.5176786672972671,0.014310149011592336,0.2644024958218968
uwf,heldout_family,exfiltration,iforest_env_sensitive__oracle_env_upper_bound,iforest_env_sensitive,sklearn_anomaly,env_sensitive,oracle_env_upper_bound,high_background,95798,73,0.5004488611453266,0.3150684931506849,4.057870347052813,0.0001843683421611786,1.0,0.9452054794520548,0.8518518518518519,1.0,0.92,0.9704347826086956,1.173913043478261,0.5176786672972671,0.014310149011592336,0.2644024958218968
uwf,heldout_family,exfiltration,iforest_env_sensitive__oracle_env_upper_bound,iforest_env_sensitive,sklearn_anomaly,env_sensitive,oracle_env_upper_bound,delayed_collector,95798,73,0.5004488611453266,0.3150684931506849,4.057870347052813,0.0001827925443649292,1.0,0.9726027397260274,0.92,1.0,0.9583333333333334,0.9869565217391304,1.0869565217391304,0.5176786672972671,0.014310149011592336,0.2644024958218968
uwf,heldout_family,exfiltration,pyod_ecod_env_sensitive,pyod_ecod_env_sensitive,pyod_ecod,env_sensitive,native_default,observed,95798,73,0.5004488611453266,0.3150684931506849,6.010345999151468,0.00041649118065834045,1.0,0.9178082191780822,0.7931034482758621,1.0,0.8846153846153846,0.9982608695652174,1.2608695652173914,0.6080427711740755,0.21116556123069485,0.28989102529698446
uwf,heldout_family,exfiltration,pyod_ecod_env_sensitive,pyod_ecod_env_sensitive,pyod_ecod,env_sensitive,native_default,low_sampling,95798,73,0.5004488611453266,0.3150684931506849,6.010345999151468,0.0003463327884674072,1.0,0.3150684931506849,0.3150684931506849,1.0,0.4791666666666667,0.7252173913043478,3.1739130434782608,0.6080427711740755,0.21116556123069485,0.28989102529698446
uwf,heldout_family,exfiltration,pyod_ecod_env_sensitive,pyod_ecod_env_sensitive,pyod_ecod,env_sensitive,native_default,congested_link,95798,73,0.5004488611453266,0.3150684931506849,6.010345999151468,0.0003205426037311554,1.0,0.547945205479452,0.4107142857142857,1.0,0.5822784810126582,0.988695652173913,2.4347826086956523,0.6080427711740755,0.21116556123069485,0.28989102529698446
uwf,heldout_family,exfiltration,pyod_ecod_env_sensitive,pyod_ecod_env_sensitive,pyod_ecod,env_sensitive,native_default,high_background,95798,73,0.5004488611453266,0.3150684931506849,6.010345999151468,0.0003662221133708954,1.0,0.3835616438356164,0.3382352941176471,1.0,0.5054945054945055,0.9947826086956522,2.9565217391304346,0.6080427711740755,0.21116556123069485,0.28989102529698446
uwf,heldout_family,exfiltration,pyod_ecod_env_sensitive,pyod_ecod_env_sensitive,pyod_ecod,env_sensitive,native_default,delayed_collector,95798,73,0.5004488611453266,0.3150684931506849,6.010345999151468,0.0003325752913951874,1.0,0.8493150684931506,0.6764705882352942,1.0,0.8070175438596491,0.9965217391304347,1.4782608695652173,0.6080427711740755,0.21116556123069485,0.28989102529698446
uwf,heldout_family,exfiltration,pyod_ecod_env_sensitive__val_observed_f1,pyod_ecod_env_sensitive,pyod_ecod,env_sensitive,val_observed_f1,observed,95798,73,0.5004488611453266,0.3150684931506849,6.010345999151468,0.0002839714288711548,1.0,0.8493150684931506,0.6764705882352942,1.0,0.8070175438596491,0.9982608695652174,1.4782608695652173,0.6080427711740755,0.1419326435489514,0.28989102529698446
uwf,heldout_family,exfiltration,pyod_ecod_env_sensitive__val_observed_f1,pyod_ecod_env_sensitive,pyod_ecod,env_sensitive,val_observed_f1,low_sampling,95798,73,0.5004488611453266,0.3150684931506849,6.010345999151468,0.00023171678185462952,1.0,0.3424657534246575,0.31343283582089554,0.9130434782608695,0.4666666666666667,0.7252173913043478,2.9130434782608696,0.6080427711740755,0.1419326435489514,0.28989102529698446
uwf,heldout_family,exfiltration,pyod_ecod_env_sensitive__val_observed_f1,pyod_ecod_env_sensitive,pyod_ecod,env_sensitive,val_observed_f1,congested_link,95798,73,0.5004488611453266,0.3150684931506849,6.010345999151468,0.0004253573715686798,1.0,0.547945205479452,0.4107142857142857,1.0,0.5822784810126582,0.988695652173913,2.4347826086956523,0.6080427711740755,0.1419326435489514,0.28989102529698446
uwf,heldout_family,exfiltration,pyod_ecod_env_sensitive__val_observed_f1,pyod_ecod_env_sensitive,pyod_ecod,env_sensitive,val_observed_f1,high_background,95798,73,0.5004488611453266,0.3150684931506849,6.010345999151468,0.00019558146595954895,1.0,0.4246575342465753,0.35384615384615387,1.0,0.5227272727272727,0.9947826086956522,2.8260869565217392,0.6080427711740755,0.1419326435489514,0.28989102529698446
uwf,heldout_family,exfiltration,pyod_ecod_env_sensitive__val_observed_f1,pyod_ecod_env_sensitive,pyod_ecod,env_sensitive,val_observed_f1,delayed_collector,95798,73,0.5004488611453266,0.3150684931506849,6.010345999151468,0.00019019097089767456,1.0,0.8356164383561644,0.6571428571428571,1.0,0.7931034482758621,0.9965217391304347,1.5217391304347827,0.6080427711740755,0.1419326435489514,0.28989102529698446
uwf,heldout_family,exfiltration,pyod_ecod_env_sensitive__val_robust_minimax,pyod_ecod_env_sensitive,pyod_ecod,env_sensitive,val_robust_minimax,observed,95798,73,0.5004488611453266,0.3150684931506849,6.010345999151468,0.00019669532775878906,1.0,0.7397260273972602,0.5476190476190477,1.0,0.7076923076923077,0.9982608695652174,1.826086956521739,0.6080427711740755,0.10024421614256884,0.28989102529698446
uwf,heldout_family,exfiltration,pyod_ecod_env_sensitive__val_robust_minimax,pyod_ecod_env_sensitive,pyod_ecod,env_sensitive,val_robust_minimax,low_sampling,95798,73,0.5004488611453266,0.3150684931506849,6.010345999151468,0.00019874051213264465,1.0,0.3287671232876712,0.3088235294117647,0.9130434782608695,0.46153846153846156,0.7252173913043478,2.9565217391304346,0.6080427711740755,0.10024421614256884,0.28989102529698446
uwf,heldout_family,exfiltration,pyod_ecod_env_sensitive__val_robust_minimax,pyod_ecod_env_sensitive,pyod_ecod,env_sensitive,val_robust_minimax,congested_link,95798,73,0.5004488611453266,0.3150684931506849,6.010345999151468,0.0002081058919429779,1.0,0.4794520547945205,0.3770491803278688,1.0,0.5476190476190477,0.988695652173913,2.652173913043478,0.6080427711740755,0.10024421614256884,0.28989102529698446
uwf,heldout_family,exfiltration,pyod_ecod_env_sensitive__val_robust_minimax,pyod_ecod_env_sensitive,pyod_ecod,env_sensitive,val_robust_minimax,high_background,95798,73,0.5004488611453266,0.3150684931506849,6.010345999151468,0.00019921362400054932,1.0,0.3835616438356164,0.3382352941176471,1.0,0.5054945054945055,0.9947826086956522,2.9565217391304346,0.6080427711740755,0.10024421614256884,0.28989102529698446
uwf,heldout_family,exfiltration,pyod_ecod_env_sensitive__val_robust_minimax,pyod_ecod_env_sensitive,pyod_ecod,env_sensitive,val_robust_minimax,delayed_collector,95798,73,0.5004488611453266,0.3150684931506849,6.010345999151468,0.00019530579447746277,1.0,0.6986301369863014,0.5111111111111111,1.0,0.6764705882352942,0.9965217391304347,1.9565217391304348,0.6080427711740755,0.10024421614256884,0.28989102529698446
uwf,heldout_family,exfiltration,pyod_ecod_env_sensitive__oracle_env_upper_bound,pyod_ecod_env_sensitive,pyod_ecod,env_sensitive,oracle_env_upper_bound,observed,95798,73,0.5004488611453266,0.3150684931506849,6.010345999151468,0.0003819316625595093,1.0,0.9863013698630136,0.9583333333333334,1.0,0.9787234042553191,0.9982608695652174,1.0434782608695652,0.6080427711740755,0.0210253373570359,0.28989102529698446
uwf,heldout_family,exfiltration,pyod_ecod_env_sensitive__oracle_env_upper_bound,pyod_ecod_env_sensitive,pyod_ecod,env_sensitive,oracle_env_upper_bound,low_sampling,95798,73,0.5004488611453266,0.3150684931506849,6.010345999151468,0.0005318038165569305,1.0,0.9041095890410958,1.0,0.6956521739130435,0.8205128205128205,0.7252173913043478,0.6956521739130435,0.6080427711740755,0.0210253373570359,0.28989102529698446
uwf,heldout_family,exfiltration,pyod_ecod_env_sensitive__oracle_env_upper_bound,pyod_ecod_env_sensitive,pyod_ecod,env_sensitive,oracle_env_upper_bound,congested_link,95798,73,0.5004488611453266,0.3150684931506849,6.010345999151468,0.0002779141068458557,1.0,0.9726027397260274,1.0,0.9130434782608695,0.9545454545454546,0.988695652173913,0.9130434782608695,0.6080427711740755,0.0210253373570359,0.28989102529698446
uwf,heldout_family,exfiltration,pyod_ecod_env_sensitive__oracle_env_upper_bound,pyod_ecod_env_sensitive,pyod_ecod,env_sensitive,oracle_env_upper_bound,high_background,95798,73,0.5004488611453266,0.3150684931506849,6.010345999151468,0.0002578422427177429,1.0,0.9726027397260274,1.0,0.9130434782608695,0.9545454545454546,0.9947826086956522,0.9130434782608695,0.6080427711740755,0.0210253373570359,0.28989102529698446
uwf,heldout_family,exfiltration,pyod_ecod_env_sensitive__oracle_env_upper_bound,pyod_ecod_env_sensitive,pyod_ecod,env_sensitive,oracle_env_upper_bound,delayed_collector,95798,73,0.5004488611453266,0.3150684931506849,6.010345999151468,0.0002593584358692169,1.0,0.9726027397260274,1.0,0.9130434782608695,0.9545454545454546,0.9965217391304347,0.9130434782608695,0.6080427711740755,0.0210253373570359,0.28989102529698446
uwf,heldout_family,exfiltration,pyod_copod_env_sensitive,pyod_copod_env_sensitive,pyod_copod,env_sensitive,native_default,observed,95798,73,0.5004488611453266,0.3150684931506849,5.29527797549963,0.00030468031764030457,1.0,0.9315068493150684,0.8214285714285714,1.0,0.9019607843137255,0.9965217391304347,1.2173913043478262,0.5991931663368637,0.20657730752197326,0.3547582847082911
uwf,heldout_family,exfiltration,pyod_copod_env_sensitive,pyod_copod_env_sensitive,pyod_copod,env_sensitive,native_default,low_sampling,95798,73,0.5004488611453266,0.3150684931506849,5.29527797549963,0.00023978948593139648,1.0,0.3013698630136986,0.3055555555555556,0.9565217391304348,0.4631578947368421,0.9139130434782607,3.130434782608696,0.5991931663368637,0.20657730752197326,0.3547582847082911
uwf,heldout_family,exfiltration,pyod_copod_env_sensitive,pyod_copod_env_sensitive,pyod_copod,env_sensitive,native_default,congested_link,95798,73,0.5004488611453266,0.3150684931506849,5.29527797549963,0.00019766390323638916,1.0,0.6575342465753424,0.4791666666666667,1.0,0.647887323943662,0.991304347826087,2.0869565217391304,0.5991931663368637,0.20657730752197326,0.3547582847082911
uwf,heldout_family,exfiltration,pyod_copod_env_sensitive,pyod_copod_env_sensitive,pyod_copod,env_sensitive,native_default,high_background,95798,73,0.5004488611453266,0.3150684931506849,5.29527797549963,0.00019931793212890625,1.0,0.3835616438356164,0.3382352941176471,1.0,0.5054945054945055,0.9956521739130434,2.9565217391304346,0.5991931663368637,0.20657730752197326,0.3547582847082911
uwf,heldout_family,exfiltration,pyod_copod_env_sensitive,pyod_copod_env_sensitive,pyod_copod,env_sensitive,native_default,delayed_collector,95798,73,0.5004488611453266,0.3150684931506849,5.29527797549963,0.0523405522108078,1.0,0.7945205479452054,0.6052631578947368,1.0,0.7540983606557377,0.9965217391304347,1.6521739130434783,0.5991931663368637,0.20657730752197326,0.3547582847082911
uwf,heldout_family,exfiltration,pyod_copod_env_sensitive__val_observed_f1,pyod_copod_env_sensitive,pyod_copod,env_sensitive,val_observed_f1,observed,95798,73,0.5004488611453266,0.3150684931506849,5.29527797549963,0.00017276033759117126,1.0,0.7808219178082192,0.5897435897435898,1.0,0.7419354838709677,0.9965217391304347,1.6956521739130435,0.5991931663368637,0.08782753084018369,0.3547582847082911
uwf,heldout_family,exfiltration,pyod_copod_env_sensitive__val_observed_f1,pyod_copod_env_sensitive,pyod_copod,env_sensitive,val_observed_f1,low_sampling,95798,73,0.5004488611453266,0.3150684931506849,5.29527797549963,0.0001291520893573761,1.0,0.4383561643835616,0.35,0.9130434782608695,0.5060240963855421,0.9139130434782607,2.608695652173913,0.5991931663368637,0.08782753084018369,0.3547582847082911
uwf,heldout_family,exfiltration,pyod_copod_env_sensitive__val_observed_f1,pyod_copod_env_sensitive,pyod_copod,env_sensitive,val_observed_f1,congested_link,95798,73,0.5004488611453266,0.3150684931506849,5.29527797549963,0.00013757497072219849,1.0,0.589041095890411,0.4339622641509434,1.0,0.6052631578947368,0.991304347826087,2.3043478260869565,0.5991931663368637,0.08782753084018369,0.3547582847082911
uwf,heldout_family,exfiltration,pyod_copod_env_sensitive__val_observed_f1,pyod_copod_env_sensitive,pyod_copod,env_sensitive,val_observed_f1,high_background,95798,73,0.5004488611453266,0.3150684931506849,5.29527797549963,0.00012238696217536926,1.0,0.3835616438356164,0.3382352941176471,1.0,0.5054945054945055,0.9956521739130434,2.9565217391304346,0.5991931663368637,0.08782753084018369,0.3547582847082911
uwf,heldout_family,exfiltration,pyod_copod_env_sensitive__val_observed_f1,pyod_copod_env_sensitive,pyod_copod,env_sensitive,val_observed_f1,delayed_collector,95798,73,0.5004488611453266,0.3150684931506849,5.29527797549963,0.00012234970927238464,1.0,0.7534246575342466,0.5609756097560976,1.0,0.71875,0.9965217391304347,1.7826086956521738,0.5991931663368637,0.08782753084018369,0.3547582847082911
uwf,heldout_family,exfiltration,pyod_copod_env_sensitive__val_robust_minimax,pyod_copod_env_sensitive,pyod_copod,env_sensitive,val_robust_minimax,observed,95798,73,0.5004488611453266,0.3150684931506849,5.29527797549963,0.00012826919555664062,1.0,0.3835616438356164,0.3382352941176471,1.0,0.5054945054945055,0.9965217391304347,2.9565217391304346,0.5991931663368637,0.018477267450650727,0.3547582847082911
uwf,heldout_family,exfiltration,pyod_copod_env_sensitive__val_robust_minimax,pyod_copod_env_sensitive,pyod_copod,env_sensitive,val_robust_minimax,low_sampling,95798,73,0.5004488611453266,0.3150684931506849,5.29527797549963,0.00016280263662338257,1.0,0.3013698630136986,0.3055555555555556,0.9565217391304348,0.4631578947368421,0.9139130434782607,3.130434782608696,0.5991931663368637,0.018477267450650727,0.3547582847082911
uwf,heldout_family,exfiltration,pyod_copod_env_sensitive__val_robust_minimax,pyod_copod_env_sensitive,pyod_copod,env_sensitive,val_robust_minimax,congested_link,95798,73,0.5004488611453266,0.3150684931506849,5.29527797549963,0.00014194846153259277,1.0,0.3287671232876712,0.3194444444444444,1.0,0.4842105263157895,0.991304347826087,3.130434782608696,0.5991931663368637,0.018477267450650727,0.3547582847082911
uwf,heldout_family,exfiltration,pyod_copod_env_sensitive__val_robust_minimax,pyod_copod_env_sensitive,pyod_copod,env_sensitive,val_robust_minimax,high_background,95798,73,0.5004488611453266,0.3150684931506849,5.29527797549963,0.00013864785432815552,1.0,0.3287671232876712,0.3194444444444444,1.0,0.4842105263157895,0.9956521739130434,3.130434782608696,0.5991931663368637,0.018477267450650727,0.3547582847082911
uwf,heldout_family,exfiltration,pyod_copod_env_sensitive__val_robust_minimax,pyod_copod_env_sensitive,pyod_copod,env_sensitive,val_robust_minimax,delayed_collector,95798,73,0.5004488611453266,0.3150684931506849,5.29527797549963,0.00013757869601249695,1.0,0.3698630136986301,0.3333333333333333,1.0,0.5,0.9965217391304347,3.0,0.5991931663368637,0.018477267450650727,0.3547582847082911
uwf,heldout_family,exfiltration,pyod_copod_env_sensitive__oracle_env_upper_bound,pyod_copod_env_sensitive,pyod_copod,env_sensitive,oracle_env_upper_bound,observed,95798,73,0.5004488611453266,0.3150684931506849,5.29527797549963,0.0002855658531188965,1.0,0.9726027397260274,0.92,1.0,0.9583333333333334,0.9965217391304347,1.0869565217391304,0.5991931663368637,0.013999918239709312,0.3547582847082911
uwf,heldout_family,exfiltration,pyod_copod_env_sensitive__oracle_env_upper_bound,pyod_copod_env_sensitive,pyod_copod,env_sensitive,oracle_env_upper_bound,low_sampling,95798,73,0.5004488611453266,0.3150684931506849,5.29527797549963,0.00019421055912971497,1.0,0.9726027397260274,1.0,0.9130434782608695,0.9545454545454546,0.9139130434782607,0.9130434782608695,0.5991931663368637,0.013999918239709312,0.3547582847082911
uwf,heldout_family,exfiltration,pyod_copod_env_sensitive__oracle_env_upper_bound,pyod_copod_env_sensitive,pyod_copod,env_sensitive,oracle_env_upper_bound,congested_link,95798,73,0.5004488611453266,0.3150684931506849,5.29527797549963,0.0001867450773715973,1.0,0.9726027397260274,1.0,0.9130434782608695,0.9545454545454546,0.991304347826087,0.9130434782608695,0.5991931663368637,0.013999918239709312,0.3547582847082911
uwf,heldout_family,exfiltration,pyod_copod_env_sensitive__oracle_env_upper_bound,pyod_copod_env_sensitive,pyod_copod,env_sensitive,oracle_env_upper_bound,high_background,95798,73,0.5004488611453266,0.3150684931506849,5.29527797549963,0.00018687546253204346,1.0,0.9726027397260274,1.0,0.9130434782608695,0.9545454545454546,0.9956521739130434,0.9130434782608695,0.5991931663368637,0.013999918239709312,0.3547582847082911
uwf,heldout_family,exfiltration,pyod_copod_env_sensitive__oracle_env_upper_bound,pyod_copod_env_sensitive,pyod_copod,env_sensitive,oracle_env_upper_bound,delayed_collector,95798,73,0.5004488611453266,0.3150684931506849,5.29527797549963,0.00018712133169174194,1.0,0.9726027397260274,1.0,0.9130434782608695,0.9545454545454546,0.9965217391304347,0.9130434782608695,0.5991931663368637,0.013999918239709312,0.3547582847082911
uwf,heldout_family,initial_access,lr_full,lr_full,sklearn_linear,full,native_default,observed,94749,1122,0.5003113489324426,0.5,65.18394874036312,0.0002958029508590698,1.0,0.7834224598930482,1.0,0.5668449197860963,0.7235494880546075,1.0,0.5668449197860963,0.5779294827539216,0.0655930097417242,0.527439817466034
uwf,heldout_family,initial_access,lr_full,lr_full,sklearn_linear,full,native_default,low_sampling,94749,1122,0.5003113489324426,0.5,65.18394874036312,0.0003301575779914856,1.0,0.768270944741533,1.0,0.5365418894830659,0.6983758700696056,0.970659727186937,0.5365418894830659,0.5779294827539216,0.0655930097417242,0.527439817466034
uwf,heldout_family,initial_access,lr_full,lr_full,sklearn_linear,full,native_default,congested_link,94749,1122,0.5003113489324426,0.5,65.18394874036312,0.00026926398277282715,1.0,0.7923351158645277,1.0,0.5846702317290553,0.7379077615298087,0.9927268914371776,0.5846702317290553,0.5779294827539216,0.0655930097417242,0.527439817466034
uwf,heldout_family,initial_access,lr_full,lr_full,sklearn_linear,full,native_default,high_background,94749,1122,0.5003113489324426,0.5,65.18394874036312,0.00023493915796279907,1.0,0.9295900178253119,0.9800796812749004,0.8770053475935828,0.9256820319849483,0.9925298915547421,0.8948306595365418,0.5779294827539216,0.0655930097417242,0.527439817466034
uwf,heldout_family,initial_access,lr_full,lr_full,sklearn_linear,full,native_default,delayed_collector,94749,1122,0.5003113489324426,0.5,65.18394874036312,0.00023454800248146057,1.0,0.7834224598930482,1.0,0.5668449197860963,0.7235494880546075,1.0,0.5668449197860963,0.5779294827539216,0.0655930097417242,0.527439817466034
uwf,heldout_family,initial_access,lr_full__val_observed_f1,lr_full,sklearn_linear,full,val_observed_f1,observed,94749,1122,0.5003113489324426,0.5,65.18394874036312,0.00026569515466690063,1.0,1.0,1.0,1.0,1.0,1.0,1.0,0.5779294827539216,0.10018825192515382,0.527439817466034
uwf,heldout_family,initial_access,lr_full__val_observed_f1,lr_full,sklearn_linear,full,val_observed_f1,low_sampling,94749,1122,0.5003113489324426,0.5,65.18394874036312,0.00017132610082626343,1.0,0.7825311942959001,1.0,0.5650623885918004,0.7220956719817767,0.970659727186937,0.5650623885918004,0.5779294827539216,0.10018825192515382,0.527439817466034
uwf,heldout_family,initial_access,lr_full__val_observed_f1,lr_full,sklearn_linear,full,val_observed_f1,congested_link,94749,1122,0.5003113489324426,0.5,65.18394874036312,0.00014662742614746094,1.0,0.875222816399287,0.9839080459770115,0.7629233511586453,0.8594377510040161,0.9927268914371776,0.7754010695187166,0.5779294827539216,0.10018825192515382,0.527439817466034
uwf,heldout_family,initial_access,lr_full__val_observed_f1,lr_full,sklearn_linear,full,val_observed_f1,high_background,94749,1122,0.5003113489324426,0.5,65.18394874036312,0.00017868727445602417,1.0,0.9670231729055259,0.9661921708185054,0.9679144385026738,0.9670525378450578,0.9925298915547421,1.0017825311942958,0.5779294827539216,0.10018825192515382,0.527439817466034
uwf,heldout_family,initial_access,lr_full__val_observed_f1,lr_full,sklearn_linear,full,val_observed_f1,delayed_collector,94749,1122,0.5003113489324426,0.5,65.18394874036312,0.00014890357851982117,1.0,1.0,1.0,1.0,1.0,1.0,1.0,0.5779294827539216,0.10018825192515382,0.527439817466034
uwf,heldout_family,initial_access,lr_full__val_robust_minimax,lr_full,sklearn_linear,full,val_robust_minimax,observed,94749,1122,0.5003113489324426,0.5,65.18394874036312,0.00013836845755577087,1.0,0.7834224598930482,1.0,0.5668449197860963,0.7235494880546075,1.0,0.5668449197860963,0.5779294827539216,0.07482344774710491,0.527439817466034
uwf,heldout_family,initial_access,lr_full__val_robust_minimax,lr_full,sklearn_linear,full,val_robust_minimax,low_sampling,94749,1122,0.5003113489324426,0.5,65.18394874036312,0.0001286827027797699,1.0,0.7807486631016043,1.0,0.5614973262032086,0.7191780821917808,0.970659727186937,0.5614973262032086,0.5779294827539216,0.07482344774710491,0.527439817466034
uwf,heldout_family,initial_access,lr_full__val_robust_minimax,lr_full,sklearn_linear,full,val_robust_minimax,congested_link,94749,1122,0.5003113489324426,0.5,65.18394874036312,0.00016153976321220398,1.0,0.8270944741532977,0.9893333333333333,0.661319073083779,0.7927350427350427,0.9927268914371776,0.6684491978609626,0.5779294827539216,0.07482344774710491,0.527439817466034
uwf,heldout_family,initial_access,lr_full__val_robust_minimax,lr_full,sklearn_linear,full,val_robust_minimax,high_background,94749,1122,0.5003113489324426,0.5,65.18394874036312,0.0002112351357936859,1.0,0.9536541889483066,0.9739292364990689,0.9322638146167558,0.9526411657559198,0.9925298915547421,0.9572192513368984,0.5779294827539216,0.07482344774710491,0.527439817466034
uwf,heldout_family,initial_access,lr_full__val_robust_minimax,lr_full,sklearn_linear,full,val_robust_minimax,delayed_collector,94749,1122,0.5003113489324426,0.5,65.18394874036312,0.0001238510012626648,1.0,0.7834224598930482,1.0,0.5668449197860963,0.7235494880546075,1.0,0.5668449197860963,0.5779294827539216,0.07482344774710491,0.527439817466034
uwf,heldout_family,initial_access,lr_full__oracle_env_upper_bound,lr_full,sklearn_linear,full,oracle_env_upper_bound,observed,94749,1122,0.5003113489324426,0.5,65.18394874036312,0.00028829649090766907,1.0,1.0,1.0,1.0,1.0,1.0,1.0,0.5779294827539216,0.11365105576622457,0.527439817466034
uwf,heldout_family,initial_access,lr_full__oracle_env_upper_bound,lr_full,sklearn_linear,full,oracle_env_upper_bound,low_sampling,94749,1122,0.5003113489324426,0.5,65.18394874036312,0.00019130483269691467,1.0,0.7834224598930482,1.0,0.5668449197860963,0.7235494880546075,0.970659727186937,0.5668449197860963,0.5779294827539216,0.11365105576622457,0.527439817466034
uwf,heldout_family,initial_access,lr_full__oracle_env_upper_bound,lr_full,sklearn_linear,full,oracle_env_upper_bound,congested_link,94749,1122,0.5003113489324426,0.5,65.18394874036312,0.0001775585114955902,1.0,0.982174688057041,0.9688041594454073,0.9964349376114082,0.9824253075571178,0.9927268914371776,1.0285204991087344,0.5779294827539216,0.11365105576622457,0.527439817466034
uwf,heldout_family,initial_access,lr_full__oracle_env_upper_bound,lr_full,sklearn_linear,full,oracle_env_upper_bound,high_background,94749,1122,0.5003113489324426,0.5,65.18394874036312,0.0002116672694683075,1.0,0.9705882352941176,0.952054794520548,0.9910873440285205,0.97117903930131,0.9925298915547421,1.0409982174688057,0.5779294827539216,0.11365105576622457,0.527439817466034
uwf,heldout_family,initial_access,lr_full__oracle_env_upper_bound,lr_full,sklearn_linear,full,oracle_env_upper_bound,delayed_collector,94749,1122,0.5003113489324426,0.5,65.18394874036312,0.00019086524844169617,1.0,1.0,1.0,1.0,1.0,1.0,1.0,0.5779294827539216,0.11365105576622457,0.527439817466034
uwf,heldout_family,initial_access,rf_full,rf_full,sklearn_tree,full,native_default,observed,94749,1122,0.5003113489324426,0.5,42.18314478173852,0.00023124366998672485,1.0,1.0,1.0,1.0,1.0,1.0,1.0,0.6969963360813994,0.012322501917179799,0.6318384665632806
uwf,heldout_family,initial_access,rf_full,rf_full,sklearn_tree,full,native_default,low_sampling,94749,1122,0.5003113489324426,0.5,42.18314478173852,0.0002078413963317871,1.0,0.9741532976827094,1.0,0.948306595365419,0.9734675205855444,1.0,0.948306595365419,0.6969963360813994,0.012322501917179799,0.6318384665632806
uwf,heldout_family,initial_access,rf_full,rf_full,sklearn_tree,full,native_default,congested_link,94749,1122,0.5003113489324426,0.5,42.18314478173852,0.00019678473472595215,1.0,0.9982174688057041,0.9964476021314387,1.0,0.998220640569395,0.9999968225825414,1.0035650623885919,0.6969963360813994,0.012322501917179799,0.6318384665632806
uwf,heldout_family,initial_access,rf_full,rf_full,sklearn_tree,full,native_default,high_background,94749,1122,0.5003113489324426,0.5,42.18314478173852,0.00019857659935951233,1.0,0.9866310160427807,0.9739583333333334,1.0,0.9868073878627969,0.9978298238757503,1.0267379679144386,0.6969963360813994,0.012322501917179799,0.6318384665632806
uwf,heldout_family,initial_access,rf_full,rf_full,sklearn_tree,full,native_default,delayed_collector,94749,1122,0.5003113489324426,0.5,42.18314478173852,0.00023779645562171936,1.0,1.0,1.0,1.0,1.0,0.9999999999999999,1.0,0.6969963360813994,0.012322501917179799,0.6318384665632806
uwf,heldout_family,initial_access,rf_full__val_observed_f1,rf_full,sklearn_tree,full,val_observed_f1,observed,94749,1122,0.5003113489324426,0.5,42.18314478173852,0.00021774694323539734,1.0,1.0,1.0,1.0,1.0,1.0,1.0,0.6969963360813994,0.0060551001812749515,0.6318384665632806
uwf,heldout_family,initial_access,rf_full__val_observed_f1,rf_full,sklearn_tree,full,val_observed_f1,low_sampling,94749,1122,0.5003113489324426,0.5,42.18314478173852,0.00018863752484321594,1.0,0.9928698752228164,1.0,0.9857397504456328,0.992818671454219,1.0,0.9857397504456328,0.6969963360813994,0.0060551001812749515,0.6318384665632806
uwf,heldout_family,initial_access,rf_full__val_observed_f1,rf_full,sklearn_tree,full,val_observed_f1,congested_link,94749,1122,0.5003113489324426,0.5,42.18314478173852,0.0001778341829776764,1.0,0.9973262032085561,0.9946808510638298,1.0,0.9973333333333333,0.9999968225825414,1.0053475935828877,0.6969963360813994,0.0060551001812749515,0.6318384665632806
uwf,heldout_family,initial_access,rf_full__val_observed_f1,rf_full,sklearn_tree,full,val_observed_f1,high_background,94749,1122,0.5003113489324426,0.5,42.18314478173852,0.0001310296356678009,1.0,0.9866310160427807,0.9739583333333334,1.0,0.9868073878627969,0.9978298238757503,1.0267379679144386,0.6969963360813994,0.0060551001812749515,0.6318384665632806
uwf,heldout_family,initial_access,rf_full__val_observed_f1,rf_full,sklearn_tree,full,val_observed_f1,delayed_collector,94749,1122,0.5003113489324426,0.5,42.18314478173852,0.00014066696166992188,1.0,1.0,1.0,1.0,1.0,0.9999999999999999,1.0,0.6969963360813994,0.0060551001812749515,0.6318384665632806
uwf,heldout_family,initial_access,rf_full__val_robust_minimax,rf_full,sklearn_tree,full,val_robust_minimax,observed,94749,1122,0.5003113489324426,0.5,42.18314478173852,0.00012582913041114807,1.0,1.0,1.0,1.0,1.0,1.0,1.0,0.6969963360813994,0.004406648582865345,0.6318384665632806
uwf,heldout_family,initial_access,rf_full__val_robust_minimax,rf_full,sklearn_tree,full,val_robust_minimax,low_sampling,94749,1122,0.5003113489324426,0.5,42.18314478173852,0.00014426931738853455,1.0,1.0,1.0,1.0,1.0,1.0,1.0,0.6969963360813994,0.004406648582865345,0.6318384665632806
uwf,heldout_family,initial_access,rf_full__val_robust_minimax,rf_full,sklearn_tree,full,val_robust_minimax,congested_link,94749,1122,0.5003113489324426,0.5,42.18314478173852,0.00012417510151863098,1.0,0.9910873440285205,0.9824868651488616,1.0,0.991166077738516,0.9999968225825414,1.017825311942959,0.6969963360813994,0.004406648582865345,0.6318384665632806
uwf,heldout_family,initial_access,rf_full__val_robust_minimax,rf_full,sklearn_tree,full,val_robust_minimax,high_background,94749,1122,0.5003113489324426,0.5,42.18314478173852,0.00014974549412727356,1.0,0.9857397504456328,0.9722703639514731,1.0,0.9859402460456942,0.9978298238757503,1.0285204991087344,0.6969963360813994,0.004406648582865345,0.6318384665632806
uwf,heldout_family,initial_access,rf_full__val_robust_minimax,rf_full,sklearn_tree,full,val_robust_minimax,delayed_collector,94749,1122,0.5003113489324426,0.5,42.18314478173852,0.00014113634824752808,1.0,1.0,1.0,1.0,1.0,0.9999999999999999,1.0,0.6969963360813994,0.004406648582865345,0.6318384665632806
uwf,heldout_family,initial_access,rf_full__oracle_env_upper_bound,rf_full,sklearn_tree,full,oracle_env_upper_bound,observed,94749,1122,0.5003113489324426,0.5,42.18314478173852,0.00028389692306518555,1.0,1.0,1.0,1.0,1.0,1.0,1.0,0.6969963360813994,0.0031189338040302343,0.6318384665632806
uwf,heldout_family,initial_access,rf_full__oracle_env_upper_bound,rf_full,sklearn_tree,full,oracle_env_upper_bound,low_sampling,94749,1122,0.5003113489324426,0.5,42.18314478173852,0.00017526745796203613,1.0,1.0,1.0,1.0,1.0,1.0,1.0,0.6969963360813994,0.0031189338040302343,0.6318384665632806
uwf,heldout_family,initial_access,rf_full__oracle_env_upper_bound,rf_full,sklearn_tree,full,oracle_env_upper_bound,congested_link,94749,1122,0.5003113489324426,0.5,42.18314478173852,0.000186234712600708,1.0,0.9991087344028521,0.998220640569395,1.0,0.9991095280498664,0.9999968225825414,1.0017825311942958,0.6969963360813994,0.0031189338040302343,0.6318384665632806
uwf,heldout_family,initial_access,rf_full__oracle_env_upper_bound,rf_full,sklearn_tree,full,oracle_env_upper_bound,high_background,94749,1122,0.5003113489324426,0.5,42.18314478173852,0.00017398595809936523,1.0,0.9893048128342246,0.9790575916230366,1.0,0.9894179894179894,0.9978298238757503,1.0213903743315509,0.6969963360813994,0.0031189338040302343,0.6318384665632806
uwf,heldout_family,initial_access,rf_full__oracle_env_upper_bound,rf_full,sklearn_tree,full,oracle_env_upper_bound,delayed_collector,94749,1122,0.5003113489324426,0.5,42.18314478173852,0.00016946718096733093,1.0,1.0,1.0,1.0,1.0,0.9999999999999999,1.0,0.6969963360813994,0.0031189338040302343,0.6318384665632806
uwf,heldout_family,initial_access,gb_full,gb_full,sklearn_boosting,full,native_default,observed,94749,1122,0.5003113489324426,0.5,258.58641838282347,0.0003559216856956482,1.0,1.0,1.0,1.0,1.0,1.0,1.0,0.47369433522539134,0.0,0.4666987125319727
uwf,heldout_family,initial_access,gb_full,gb_full,sklearn_boosting,full,native_default,low_sampling,94749,1122,0.5003113489324426,0.5,258.58641838282347,0.00020666420459747314,1.0,1.0,1.0,1.0,1.0,1.0,1.0,0.47369433522539134,0.0,0.4666987125319727
uwf,heldout_family,initial_access,gb_full,gb_full,sklearn_boosting,full,native_default,congested_link,94749,1122,0.5003113489324426,0.5,258.58641838282347,0.00023423880338668823,1.0,1.0,1.0,1.0,1.0,0.9999999999999999,1.0,0.47369433522539134,0.0,0.4666987125319727
uwf,heldout_family,initial_access,gb_full,gb_full,sklearn_boosting,full,native_default,high_background,94749,1122,0.5003113489324426,0.5,258.58641838282347,0.00020517408847808838,1.0,1.0,1.0,1.0,1.0,1.0,1.0,0.47369433522539134,0.0,0.4666987125319727
uwf,heldout_family,initial_access,gb_full,gb_full,sklearn_boosting,full,native_default,delayed_collector,94749,1122,0.5003113489324426,0.5,258.58641838282347,0.00019601359963417053,1.0,1.0,1.0,1.0,1.0,1.0,1.0,0.47369433522539134,0.0,0.4666987125319727
uwf,heldout_family,initial_access,gb_full__val_observed_f1,gb_full,sklearn_boosting,full,val_observed_f1,observed,94749,1122,0.5003113489324426,0.5,258.58641838282347,0.0002496875822544098,1.0,1.0,1.0,1.0,1.0,1.0,1.0,0.47369433522539134,0.009498928575842048,0.4666987125319727
uwf,heldout_family,initial_access,gb_full__val_observed_f1,gb_full,sklearn_boosting,full,val_observed_f1,low_sampling,94749,1122,0.5003113489324426,0.5,258.58641838282347,0.00013158470392227173,1.0,0.9696969696969697,1.0,0.9393939393939394,0.96875,1.0,0.9393939393939394,0.47369433522539134,0.009498928575842048,0.4666987125319727
uwf,heldout_family,initial_access,gb_full__val_observed_f1,gb_full,sklearn_boosting,full,val_observed_f1,congested_link,94749,1122,0.5003113489324426,0.5,258.58641838282347,0.00017065927386283875,1.0,1.0,1.0,1.0,1.0,0.9999999999999999,1.0,0.47369433522539134,0.009498928575842048,0.4666987125319727
uwf,heldout_family,initial_access,gb_full__val_observed_f1,gb_full,sklearn_boosting,full,val_observed_f1,high_background,94749,1122,0.5003113489324426,0.5,258.58641838282347,0.00014193356037139893,1.0,0.9991087344028521,1.0,0.9982174688057041,0.9991079393398751,1.0,0.9982174688057041,0.47369433522539134,0.009498928575842048,0.4666987125319727
uwf,heldout_family,initial_access,gb_full__val_observed_f1,gb_full,sklearn_boosting,full,val_observed_f1,delayed_collector,94749,1122,0.5003113489324426,0.5,258.58641838282347,0.00014087185263633728,1.0,1.0,1.0,1.0,1.0,1.0,1.0,0.47369433522539134,0.009498928575842048,0.4666987125319727
uwf,heldout_family,initial_access,gb_full__val_robust_minimax,gb_full,sklearn_boosting,full,val_robust_minimax,observed,94749,1122,0.5003113489324426,0.5,258.58641838282347,0.00012831389904022217,1.0,1.0,1.0,1.0,1.0,1.0,1.0,0.47369433522539134,0.0,0.4666987125319727
uwf,heldout_family,initial_access,gb_full__val_robust_minimax,gb_full,sklearn_boosting,full,val_robust_minimax,low_sampling,94749,1122,0.5003113489324426,0.5,258.58641838282347,0.0001346096396446228,1.0,1.0,1.0,1.0,1.0,1.0,1.0,0.47369433522539134,0.0,0.4666987125319727
uwf,heldout_family,initial_access,gb_full__val_robust_minimax,gb_full,sklearn_boosting,full,val_robust_minimax,congested_link,94749,1122,0.5003113489324426,0.5,258.58641838282347,0.00014319270849227905,1.0,1.0,1.0,1.0,1.0,0.9999999999999999,1.0,0.47369433522539134,0.0,0.4666987125319727
uwf,heldout_family,initial_access,gb_full__val_robust_minimax,gb_full,sklearn_boosting,full,val_robust_minimax,high_background,94749,1122,0.5003113489324426,0.5,258.58641838282347,0.00013524293899536133,1.0,1.0,1.0,1.0,1.0,1.0,1.0,0.47369433522539134,0.0,0.4666987125319727
uwf,heldout_family,initial_access,gb_full__val_robust_minimax,gb_full,sklearn_boosting,full,val_robust_minimax,delayed_collector,94749,1122,0.5003113489324426,0.5,258.58641838282347,0.00014265626668930054,1.0,1.0,1.0,1.0,1.0,1.0,1.0,0.47369433522539134,0.0,0.4666987125319727
uwf,heldout_family,initial_access,gb_full__oracle_env_upper_bound,gb_full,sklearn_boosting,full,oracle_env_upper_bound,observed,94749,1122,0.5003113489324426,0.5,258.58641838282347,0.00031640008091926575,1.0,1.0,1.0,1.0,1.0,1.0,1.0,0.47369433522539134,0.0,0.4666987125319727
uwf,heldout_family,initial_access,gb_full__oracle_env_upper_bound,gb_full,sklearn_boosting,full,oracle_env_upper_bound,low_sampling,94749,1122,0.5003113489324426,0.5,258.58641838282347,0.00019539520144462585,1.0,1.0,1.0,1.0,1.0,1.0,1.0,0.47369433522539134,0.0,0.4666987125319727
uwf,heldout_family,initial_access,gb_full__oracle_env_upper_bound,gb_full,sklearn_boosting,full,oracle_env_upper_bound,congested_link,94749,1122,0.5003113489324426,0.5,258.58641838282347,0.00016574189066886902,1.0,1.0,1.0,1.0,1.0,0.9999999999999999,1.0,0.47369433522539134,0.0,0.4666987125319727
uwf,heldout_family,initial_access,gb_full__oracle_env_upper_bound,gb_full,sklearn_boosting,full,oracle_env_upper_bound,high_background,94749,1122,0.5003113489324426,0.5,258.58641838282347,0.00017534196376800537,1.0,1.0,1.0,1.0,1.0,1.0,1.0,0.47369433522539134,0.0,0.4666987125319727
uwf,heldout_family,initial_access,gb_full__oracle_env_upper_bound,gb_full,sklearn_boosting,full,oracle_env_upper_bound,delayed_collector,94749,1122,0.5003113489324426,0.5,258.58641838282347,0.00016840919852256775,1.0,1.0,1.0,1.0,1.0,1.0,1.0,0.47369433522539134,0.0,0.4666987125319727
uwf,heldout_family,initial_access,xgb_full,xgb_full,xgboost,full,native_default,observed,94749,1122,0.5003113489324426,0.5,60.27742865309119,0.00043590739369392395,1.0,1.0,1.0,1.0,1.0,1.0,1.0,0.49825321144846585,0.0014376254396931331,0.34247416179216605
uwf,heldout_family,initial_access,xgb_full,xgb_full,xgboost,full,native_default,low_sampling,94749,1122,0.5003113489324426,0.5,60.27742865309119,0.00023845210671424866,1.0,1.0,1.0,1.0,1.0,0.9999999999999999,1.0,0.49825321144846585,0.0014376254396931331,0.34247416179216605
uwf,heldout_family,initial_access,xgb_full,xgb_full,xgboost,full,native_default,congested_link,94749,1122,0.5003113489324426,0.5,60.27742865309119,0.00022186338901519775,1.0,1.0,1.0,1.0,1.0,1.0,1.0,0.49825321144846585,0.0014376254396931331,0.34247416179216605
uwf,heldout_family,initial_access,xgb_full,xgb_full,xgboost,full,native_default,high_background,94749,1122,0.5003113489324426,0.5,60.27742865309119,0.0002675652503967285,1.0,0.9955436720142602,0.991166077738516,1.0,0.9955634427684117,1.0,1.0089126559714796,0.49825321144846585,0.0014376254396931331,0.34247416179216605
uwf,heldout_family,initial_access,xgb_full,xgb_full,xgboost,full,native_default,delayed_collector,94749,1122,0.5003113489324426,0.5,60.27742865309119,0.00024432316422462463,1.0,1.0,1.0,1.0,1.0,1.0,1.0,0.49825321144846585,0.0014376254396931331,0.34247416179216605
uwf,heldout_family,initial_access,xgb_full__val_observed_f1,xgb_full,xgboost,full,val_observed_f1,observed,94749,1122,0.5003113489324426,0.5,60.27742865309119,0.00025069713592529297,1.0,1.0,1.0,1.0,1.0,1.0,1.0,0.49825321144846585,0.0020144703222521564,0.34247416179216605
uwf,heldout_family,initial_access,xgb_full__val_observed_f1,xgb_full,xgboost,full,val_observed_f1,low_sampling,94749,1122,0.5003113489324426,0.5,60.27742865309119,0.000150192528963089,1.0,1.0,1.0,1.0,1.0,0.9999999999999999,1.0,0.49825321144846585,0.0020144703222521564,0.34247416179216605
uwf,heldout_family,initial_access,xgb_full__val_observed_f1,xgb_full,xgboost,full,val_observed_f1,congested_link,94749,1122,0.5003113489324426,0.5,60.27742865309119,0.00017433613538742065,1.0,1.0,1.0,1.0,1.0,1.0,1.0,0.49825321144846585,0.0020144703222521564,0.34247416179216605
uwf,heldout_family,initial_access,xgb_full__val_observed_f1,xgb_full,xgboost,full,val_observed_f1,high_background,94749,1122,0.5003113489324426,0.5,60.27742865309119,0.00013963505625724792,1.0,0.9937611408199644,0.9876760563380281,1.0,0.9937998228520815,1.0,1.0124777183600713,0.49825321144846585,0.0020144703222521564,0.34247416179216605
uwf,heldout_family,initial_access,xgb_full__val_observed_f1,xgb_full,xgboost,full,val_observed_f1,delayed_collector,94749,1122,0.5003113489324426,0.5,60.27742865309119,0.0001781061291694641,1.0,1.0,1.0,1.0,1.0,1.0,1.0,0.49825321144846585,0.0020144703222521564,0.34247416179216605
uwf,heldout_family,initial_access,xgb_full__val_robust_minimax,xgb_full,xgboost,full,val_robust_minimax,observed,94749,1122,0.5003113489324426,0.5,60.27742865309119,0.00021238625049591064,1.0,1.0,1.0,1.0,1.0,1.0,1.0,0.49825321144846585,0.0020144703222521564,0.34247416179216605
uwf,heldout_family,initial_access,xgb_full__val_robust_minimax,xgb_full,xgboost,full,val_robust_minimax,low_sampling,94749,1122,0.5003113489324426,0.5,60.27742865309119,0.00015036016702651978,1.0,1.0,1.0,1.0,1.0,0.9999999999999999,1.0,0.49825321144846585,0.0020144703222521564,0.34247416179216605
uwf,heldout_family,initial_access,xgb_full__val_robust_minimax,xgb_full,xgboost,full,val_robust_minimax,congested_link,94749,1122,0.5003113489324426,0.5,60.27742865309119,0.0001435801386833191,1.0,1.0,1.0,1.0,1.0,1.0,1.0,0.49825321144846585,0.0020144703222521564,0.34247416179216605
uwf,heldout_family,initial_access,xgb_full__val_robust_minimax,xgb_full,xgboost,full,val_robust_minimax,high_background,94749,1122,0.5003113489324426,0.5,60.27742865309119,0.0001264326274394989,1.0,0.9937611408199644,0.9876760563380281,1.0,0.9937998228520815,1.0,1.0124777183600713,0.49825321144846585,0.0020144703222521564,0.34247416179216605
uwf,heldout_family,initial_access,xgb_full__val_robust_minimax,xgb_full,xgboost,full,val_robust_minimax,delayed_collector,94749,1122,0.5003113489324426,0.5,60.27742865309119,0.00012709572911262512,1.0,1.0,1.0,1.0,1.0,1.0,1.0,0.49825321144846585,0.0020144703222521564,0.34247416179216605
uwf,heldout_family,initial_access,xgb_full__oracle_env_upper_bound,xgb_full,xgboost,full,oracle_env_upper_bound,observed,94749,1122,0.5003113489324426,0.5,60.27742865309119,0.00030128657817840576,1.0,1.0,1.0,1.0,1.0,1.0,1.0,0.49825321144846585,0.0,0.34247416179216605
uwf,heldout_family,initial_access,xgb_full__oracle_env_upper_bound,xgb_full,xgboost,full,oracle_env_upper_bound,low_sampling,94749,1122,0.5003113489324426,0.5,60.27742865309119,0.00022154301404953003,1.0,1.0,1.0,1.0,1.0,0.9999999999999999,1.0,0.49825321144846585,0.0,0.34247416179216605
uwf,heldout_family,initial_access,xgb_full__oracle_env_upper_bound,xgb_full,xgboost,full,oracle_env_upper_bound,congested_link,94749,1122,0.5003113489324426,0.5,60.27742865309119,0.00020720437169075012,1.0,1.0,1.0,1.0,1.0,1.0,1.0,0.49825321144846585,0.0,0.34247416179216605
uwf,heldout_family,initial_access,xgb_full__oracle_env_upper_bound,xgb_full,xgboost,full,oracle_env_upper_bound,high_background,94749,1122,0.5003113489324426,0.5,60.27742865309119,0.00018429383635520935,1.0,1.0,1.0,1.0,1.0,1.0,1.0,0.49825321144846585,0.0,0.34247416179216605
uwf,heldout_family,initial_access,xgb_full__oracle_env_upper_bound,xgb_full,xgboost,full,oracle_env_upper_bound,delayed_collector,94749,1122,0.5003113489324426,0.5,60.27742865309119,0.0001713782548904419,1.0,1.0,1.0,1.0,1.0,1.0,1.0,0.49825321144846585,0.0,0.34247416179216605
uwf,heldout_family,initial_access,lgbm_full,lgbm_full,lightgbm,full,native_default,observed,94749,1122,0.5003113489324426,0.5,24.190216287970543,0.0003449283540248871,1.0,1.0,1.0,1.0,1.0,1.0,1.0,0.5225906617934221,0.024909712005922235,0.3298615832893219
uwf,heldout_family,initial_access,lgbm_full,lgbm_full,lightgbm,full,native_default,low_sampling,94749,1122,0.5003113489324426,0.5,24.190216287970543,0.0003362596035003662,1.0,0.9340463458110517,1.0,0.8680926916221033,0.9293893129770993,0.9999999999999999,0.8680926916221033,0.5225906617934221,0.024909712005922235,0.3298615832893219
uwf,heldout_family,initial_access,lgbm_full,lgbm_full,lightgbm,full,native_default,congested_link,94749,1122,0.5003113489324426,0.5,24.190216287970543,0.00031946226954460144,1.0,0.9928698752228164,0.9859402460456942,1.0,0.9929203539823008,0.9983668074262602,1.014260249554367,0.5225906617934221,0.024909712005922235,0.3298615832893219
uwf,heldout_family,initial_access,lgbm_full,lgbm_full,lightgbm,full,native_default,high_background,94749,1122,0.5003113489324426,0.5,24.190216287970543,0.0003234967589378357,1.0,0.9946524064171123,0.9894179894179894,1.0,0.9946808510638298,0.9993994681003174,1.0106951871657754,0.5225906617934221,0.024909712005922235,0.3298615832893219
uwf,heldout_family,initial_access,lgbm_full,lgbm_full,lightgbm,full,native_default,delayed_collector,94749,1122,0.5003113489324426,0.5,24.190216287970543,0.0003215521574020386,1.0,1.0,1.0,1.0,1.0,1.0,1.0,0.5225906617934221,0.024909712005922235,0.3298615832893219
uwf,heldout_family,initial_access,lgbm_full__val_observed_f1,lgbm_full,lightgbm,full,val_observed_f1,observed,94749,1122,0.5003113489324426,0.5,24.190216287970543,0.0003186948597431183,1.0,1.0,1.0,1.0,1.0,1.0,1.0,0.5225906617934221,0.005991100191823747,0.3298615832893219
uwf,heldout_family,initial_access,lgbm_full__val_observed_f1,lgbm_full,lightgbm,full,val_observed_f1,low_sampling,94749,1122,0.5003113489324426,0.5,24.190216287970543,0.00021469593048095703,1.0,1.0,1.0,1.0,1.0,0.9999999999999999,1.0,0.5225906617934221,0.005991100191823747,0.3298615832893219
uwf,heldout_family,initial_access,lgbm_full__val_observed_f1,lgbm_full,lightgbm,full,val_observed_f1,congested_link,94749,1122,0.5003113489324426,0.5,24.190216287970543,0.00020783394575119019,1.0,0.9884135472370766,0.9773519163763066,1.0,0.9885462555066079,0.9983668074262602,1.0231729055258467,0.5225906617934221,0.005991100191823747,0.3298615832893219
uwf,heldout_family,initial_access,lgbm_full__val_observed_f1,lgbm_full,lightgbm,full,val_observed_f1,high_background,94749,1122,0.5003113489324426,0.5,24.190216287970543,0.00020656362175941467,1.0,0.9803921568627451,0.9622641509433962,1.0,0.9807692307692307,0.9993994681003174,1.0392156862745099,0.5225906617934221,0.005991100191823747,0.3298615832893219
uwf,heldout_family,initial_access,lgbm_full__val_observed_f1,lgbm_full,lightgbm,full,val_observed_f1,delayed_collector,94749,1122,0.5003113489324426,0.5,24.190216287970543,0.00020218268036842346,1.0,1.0,1.0,1.0,1.0,1.0,1.0,0.5225906617934221,0.005991100191823747,0.3298615832893219
uwf,heldout_family,initial_access,lgbm_full__val_robust_minimax,lgbm_full,lightgbm,full,val_robust_minimax,observed,94749,1122,0.5003113489324426,0.5,24.190216287970543,0.00020439177751541138,1.0,1.0,1.0,1.0,1.0,1.0,1.0,0.5225906617934221,0.00608997486077414,0.3298615832893219
uwf,heldout_family,initial_access,lgbm_full__val_robust_minimax,lgbm_full,lightgbm,full,val_robust_minimax,low_sampling,94749,1122,0.5003113489324426,0.5,24.190216287970543,0.0002054944634437561,1.0,0.9884135472370766,1.0,0.9768270944741533,0.9882777276825969,0.9999999999999999,0.9768270944741533,0.5225906617934221,0.00608997486077414,0.3298615832893219
uwf,heldout_family,initial_access,lgbm_full__val_robust_minimax,lgbm_full,lightgbm,full,val_robust_minimax,congested_link,94749,1122,0.5003113489324426,0.5,24.190216287970543,0.0001973658800125122,1.0,0.9928698752228164,0.9859402460456942,1.0,0.9929203539823008,0.9983668074262602,1.014260249554367,0.5225906617934221,0.00608997486077414,0.3298615832893219
uwf,heldout_family,initial_access,lgbm_full__val_robust_minimax,lgbm_full,lightgbm,full,val_robust_minimax,high_background,94749,1122,0.5003113489324426,0.5,24.190216287970543,0.0002031475305557251,1.0,0.9946524064171123,0.9894179894179894,1.0,0.9946808510638298,0.9993994681003174,1.0106951871657754,0.5225906617934221,0.00608997486077414,0.3298615832893219
uwf,heldout_family,initial_access,lgbm_full__val_robust_minimax,lgbm_full,lightgbm,full,val_robust_minimax,delayed_collector,94749,1122,0.5003113489324426,0.5,24.190216287970543,0.00020144879817962646,1.0,1.0,1.0,1.0,1.0,1.0,1.0,0.5225906617934221,0.00608997486077414,0.3298615832893219
uwf,heldout_family,initial_access,lgbm_full__oracle_env_upper_bound,lgbm_full,lightgbm,full,oracle_env_upper_bound,observed,94749,1122,0.5003113489324426,0.5,24.190216287970543,0.00038255006074905396,1.0,1.0,1.0,1.0,1.0,1.0,1.0,0.5225906617934221,0.00156543601048,0.3298615832893219
uwf,heldout_family,initial_access,lgbm_full__oracle_env_upper_bound,lgbm_full,lightgbm,full,oracle_env_upper_bound,low_sampling,94749,1122,0.5003113489324426,0.5,24.190216287970543,0.00019855797290802002,1.0,1.0,1.0,1.0,1.0,0.9999999999999999,1.0,0.5225906617934221,0.00156543601048,0.3298615832893219
uwf,heldout_family,initial_access,lgbm_full__oracle_env_upper_bound,lgbm_full,lightgbm,full,oracle_env_upper_bound,congested_link,94749,1122,0.5003113489324426,0.5,24.190216287970543,0.0001889057457447052,1.0,0.9973262032085561,0.9946808510638298,1.0,0.9973333333333333,0.9983668074262602,1.0053475935828877,0.5225906617934221,0.00156543601048,0.3298615832893219
uwf,heldout_family,initial_access,lgbm_full__oracle_env_upper_bound,lgbm_full,lightgbm,full,oracle_env_upper_bound,high_background,94749,1122,0.5003113489324426,0.5,24.190216287970543,0.00017149746417999268,1.0,0.9946524064171123,0.9894179894179894,1.0,0.9946808510638298,0.9993994681003174,1.0106951871657754,0.5225906617934221,0.00156543601048,0.3298615832893219
uwf,heldout_family,initial_access,lgbm_full__oracle_env_upper_bound,lgbm_full,lightgbm,full,oracle_env_upper_bound,delayed_collector,94749,1122,0.5003113489324426,0.5,24.190216287970543,0.00020843744277954102,1.0,1.0,1.0,1.0,1.0,1.0,1.0,0.5225906617934221,0.00156543601048,0.3298615832893219
uwf,heldout_family,initial_access,cat_full,cat_full,catboost,full,native_default,observed,94749,1122,0.5003113489324426,0.5,45.01355639100075,0.0002473890781402588,1.0,1.0,1.0,1.0,1.0,1.0,1.0,0.492297683345712,0.001149588682088038,0.2707544800145838
uwf,heldout_family,initial_access,cat_full,cat_full,catboost,full,native_default,low_sampling,94749,1122,0.5003113489324426,0.5,45.01355639100075,0.00023010000586509705,1.0,1.0,1.0,1.0,1.0,1.0,1.0,0.492297683345712,0.001149588682088038,0.2707544800145838
uwf,heldout_family,initial_access,cat_full,cat_full,catboost,full,native_default,congested_link,94749,1122,0.5003113489324426,0.5,45.01355639100075,0.00023530423641204834,1.0,1.0,1.0,1.0,1.0,1.0,1.0,0.492297683345712,0.001149588682088038,0.2707544800145838
uwf,heldout_family,initial_access,cat_full,cat_full,catboost,full,native_default,high_background,94749,1122,0.5003113489324426,0.5,45.01355639100075,0.0002309270203113556,1.0,0.9964349376114082,0.9929203539823008,1.0,0.9964476021314387,1.0,1.0071301247771836,0.492297683345712,0.001149588682088038,0.2707544800145838
uwf,heldout_family,initial_access,cat_full,cat_full,catboost,full,native_default,delayed_collector,94749,1122,0.5003113489324426,0.5,45.01355639100075,0.000211372971534729,1.0,1.0,1.0,1.0,1.0,1.0,1.0,0.492297683345712,0.001149588682088038,0.2707544800145838
uwf,heldout_family,initial_access,cat_full__val_observed_f1,cat_full,catboost,full,val_observed_f1,observed,94749,1122,0.5003113489324426,0.5,45.01355639100075,0.00025106221437454224,1.0,1.0,1.0,1.0,1.0,1.0,1.0,0.492297683345712,0.002309314508205311,0.2707544800145838
uwf,heldout_family,initial_access,cat_full__val_observed_f1,cat_full,catboost,full,val_observed_f1,low_sampling,94749,1122,0.5003113489324426,0.5,45.01355639100075,0.00015459582209587097,1.0,1.0,1.0,1.0,1.0,1.0,1.0,0.492297683345712,0.002309314508205311,0.2707544800145838
uwf,heldout_family,initial_access,cat_full__val_observed_f1,cat_full,catboost,full,val_observed_f1,congested_link,94749,1122,0.5003113489324426,0.5,45.01355639100075,0.0001363418996334076,1.0,0.9964349376114082,0.9929203539823008,1.0,0.9964476021314387,1.0,1.0071301247771836,0.492297683345712,0.002309314508205311,0.2707544800145838
uwf,heldout_family,initial_access,cat_full__val_observed_f1,cat_full,catboost,full,val_observed_f1,high_background,94749,1122,0.5003113489324426,0.5,45.01355639100075,0.0001444295048713684,1.0,0.9919786096256684,0.9842105263157894,1.0,0.9920424403183024,1.0,1.0160427807486632,0.492297683345712,0.002309314508205311,0.2707544800145838
uwf,heldout_family,initial_access,cat_full__val_observed_f1,cat_full,catboost,full,val_observed_f1,delayed_collector,94749,1122,0.5003113489324426,0.5,45.01355639100075,0.00014746561646461487,1.0,1.0,1.0,1.0,1.0,1.0,1.0,0.492297683345712,0.002309314508205311,0.2707544800145838
uwf,heldout_family,initial_access,cat_full__val_robust_minimax,cat_full,catboost,full,val_robust_minimax,observed,94749,1122,0.5003113489324426,0.5,45.01355639100075,0.00018541887402534485,1.0,1.0,1.0,1.0,1.0,1.0,1.0,0.492297683345712,0.0020144703222521564,0.2707544800145838
uwf,heldout_family,initial_access,cat_full__val_robust_minimax,cat_full,catboost,full,val_robust_minimax,low_sampling,94749,1122,0.5003113489324426,0.5,45.01355639100075,0.00015388429164886475,1.0,1.0,1.0,1.0,1.0,1.0,1.0,0.492297683345712,0.0020144703222521564,0.2707544800145838
uwf,heldout_family,initial_access,cat_full__val_robust_minimax,cat_full,catboost,full,val_robust_minimax,congested_link,94749,1122,0.5003113489324426,0.5,45.01355639100075,0.0001376718282699585,1.0,1.0,1.0,1.0,1.0,1.0,1.0,0.492297683345712,0.0020144703222521564,0.2707544800145838
uwf,heldout_family,initial_access,cat_full__val_robust_minimax,cat_full,catboost,full,val_robust_minimax,high_background,94749,1122,0.5003113489324426,0.5,45.01355639100075,0.00014594197273254395,1.0,0.9937611408199644,0.9876760563380281,1.0,0.9937998228520815,1.0,1.0124777183600713,0.492297683345712,0.0020144703222521564,0.2707544800145838
uwf,heldout_family,initial_access,cat_full__val_robust_minimax,cat_full,catboost,full,val_robust_minimax,delayed_collector,94749,1122,0.5003113489324426,0.5,45.01355639100075,0.00015719980001449585,1.0,1.0,1.0,1.0,1.0,1.0,1.0,0.492297683345712,0.0020144703222521564,0.2707544800145838
uwf,heldout_family,initial_access,cat_full__oracle_env_upper_bound,cat_full,catboost,full,oracle_env_upper_bound,observed,94749,1122,0.5003113489324426,0.5,45.01355639100075,0.0003194734454154968,1.0,1.0,1.0,1.0,1.0,1.0,1.0,0.492297683345712,0.0,0.2707544800145838
uwf,heldout_family,initial_access,cat_full__oracle_env_upper_bound,cat_full,catboost,full,oracle_env_upper_bound,low_sampling,94749,1122,0.5003113489324426,0.5,45.01355639100075,0.00019574910402297974,1.0,1.0,1.0,1.0,1.0,1.0,1.0,0.492297683345712,0.0,0.2707544800145838
uwf,heldout_family,initial_access,cat_full__oracle_env_upper_bound,cat_full,catboost,full,oracle_env_upper_bound,congested_link,94749,1122,0.5003113489324426,0.5,45.01355639100075,0.0001769326627254486,1.0,1.0,1.0,1.0,1.0,1.0,1.0,0.492297683345712,0.0,0.2707544800145838
uwf,heldout_family,initial_access,cat_full__oracle_env_upper_bound,cat_full,catboost,full,oracle_env_upper_bound,high_background,94749,1122,0.5003113489324426,0.5,45.01355639100075,0.00019100680947303772,1.0,1.0,1.0,1.0,1.0,1.0,1.0,0.492297683345712,0.0,0.2707544800145838
uwf,heldout_family,initial_access,cat_full__oracle_env_upper_bound,cat_full,catboost,full,oracle_env_upper_bound,delayed_collector,94749,1122,0.5003113489324426,0.5,45.01355639100075,0.00018946081399917603,1.0,1.0,1.0,1.0,1.0,1.0,1.0,0.492297683345712,0.0,0.2707544800145838
uwf,heldout_family,initial_access,iforest_env_sensitive,iforest_env_sensitive,sklearn_anomaly,env_sensitive,native_default,observed,94749,1122,0.5003113489324426,0.5,3.991914164274931,0.0004171989858150482,1.0,0.8520499108734403,0.7716643741403026,1.0,0.8711180124223602,0.9369536827857055,1.2959001782531194,0.6985240235452294,0.07363953741284487,0.4449115799600625
uwf,heldout_family,initial_access,iforest_env_sensitive,iforest_env_sensitive,sklearn_anomaly,env_sensitive,native_default,low_sampling,94749,1122,0.5003113489324426,0.5,3.991914164274931,0.00033765658736228943,1.0,0.6720142602495544,0.6063947078280044,0.9803921568627451,0.7493188010899182,0.8589480841761433,1.6167557932263814,0.6985240235452294,0.07363953741284487,0.4449115799600625
uwf,heldout_family,initial_access,iforest_env_sensitive,iforest_env_sensitive,sklearn_anomaly,env_sensitive,native_default,congested_link,94749,1122,0.5003113489324426,0.5,3.991914164274931,0.00032869353890419006,1.0,0.7103386809269162,0.6350114416475973,0.9893048128342246,0.7735191637630662,0.8495842349255371,1.5579322638146167,0.6985240235452294,0.07363953741284487,0.4449115799600625
uwf,heldout_family,initial_access,iforest_env_sensitive,iforest_env_sensitive,sklearn_anomaly,env_sensitive,native_default,high_background,94749,1122,0.5003113489324426,0.5,3.991914164274931,0.00037880614399909973,1.0,0.5035650623885918,0.501788908765653,1.0,0.6682549136390709,0.8161323839209966,1.9928698752228164,0.6985240235452294,0.07363953741284487,0.4449115799600625
uwf,heldout_family,initial_access,iforest_env_sensitive,iforest_env_sensitive,sklearn_anomaly,env_sensitive,native_default,delayed_collector,94749,1122,0.5003113489324426,0.5,3.991914164274931,0.0003384053707122803,1.0,0.7727272727272727,0.6875,1.0,0.8148148148148148,0.9328135078371003,1.4545454545454546,0.6985240235452294,0.07363953741284487,0.4449115799600625
uwf,heldout_family,initial_access,iforest_env_sensitive__val_observed_f1,iforest_env_sensitive,sklearn_anomaly,env_sensitive,val_observed_f1,observed,94749,1122,0.5003113489324426,0.5,3.991914164274931,0.00031082332134246826,1.0,0.8146167557932263,0.8565656565656565,0.7557932263814616,0.803030303030303,0.9369536827857055,0.8823529411764706,0.6985240235452294,0.037741041835078634,0.4449115799600625
uwf,heldout_family,initial_access,iforest_env_sensitive__val_observed_f1,iforest_env_sensitive,sklearn_anomaly,env_sensitive,val_observed_f1,low_sampling,94749,1122,0.5003113489324426,0.5,3.991914164274931,0.00021922960877418518,1.0,0.7566844919786097,0.996551724137931,0.5151515151515151,0.6792009400705052,0.8589480841761433,0.5169340463458111,0.6985240235452294,0.037741041835078634,0.4449115799600625
uwf,heldout_family,initial_access,iforest_env_sensitive__val_observed_f1,iforest_env_sensitive,sklearn_anomaly,env_sensitive,val_observed_f1,congested_link,94749,1122,0.5003113489324426,0.5,3.991914164274931,0.0002157166600227356,1.0,0.731729055258467,0.768595041322314,0.6631016042780749,0.7119617224880382,0.8495842349255371,0.8627450980392157,0.6985240235452294,0.037741041835078634,0.4449115799600625
uwf,heldout_family,initial_access,iforest_env_sensitive__val_observed_f1,iforest_env_sensitive,sklearn_anomaly,env_sensitive,val_observed_f1,high_background,94749,1122,0.5003113489324426,0.5,3.991914164274931,0.00012759119272232056,1.0,0.7263814616755794,0.730909090909091,0.7165775401069518,0.7236723672367237,0.8161323839209966,0.9803921568627451,0.6985240235452294,0.037741041835078634,0.4449115799600625
uwf,heldout_family,initial_access,iforest_env_sensitive__val_observed_f1,iforest_env_sensitive,sklearn_anomaly,env_sensitive,val_observed_f1,delayed_collector,94749,1122,0.5003113489324426,0.5,3.991914164274931,0.00013574212789535522,1.0,0.8199643493761141,0.8499025341130604,0.7771836007130125,0.8119180633147114,0.9328135078371003,0.9144385026737968,0.6985240235452294,0.037741041835078634,0.4449115799600625
uwf,heldout_family,initial_access,iforest_env_sensitive__val_robust_minimax,iforest_env_sensitive,sklearn_anomaly,env_sensitive,val_robust_minimax,observed,94749,1122,0.5003113489324426,0.5,3.991914164274931,0.0001615174114704132,1.0,0.6996434937611408,0.6247216035634744,1.0,0.7690198766278272,0.9369536827857055,1.6007130124777185,0.6985240235452294,0.026527903571457387,0.4449115799600625
uwf,heldout_family,initial_access,iforest_env_sensitive__val_robust_minimax,iforest_env_sensitive,sklearn_anomaly,env_sensitive,val_robust_minimax,low_sampling,94749,1122,0.5003113489324426,0.5,3.991914164274931,0.00014814361929893494,1.0,0.6978609625668449,0.6305882352941177,0.9554367201426025,0.7597448618001418,0.8589480841761433,1.5151515151515151,0.6985240235452294,0.026527903571457387,0.4449115799600625
uwf,heldout_family,initial_access,iforest_env_sensitive__val_robust_minimax,iforest_env_sensitive,sklearn_anomaly,env_sensitive,val_robust_minimax,congested_link,94749,1122,0.5003113489324426,0.5,3.991914164274931,0.00014615803956985474,1.0,0.5944741532976827,0.5521653543307087,1.0,0.7114774889029803,0.8495842349255371,1.8110516934046346,0.6985240235452294,0.026527903571457387,0.4449115799600625
uwf,heldout_family,initial_access,iforest_env_sensitive__val_robust_minimax,iforest_env_sensitive,sklearn_anomaly,env_sensitive,val_robust_minimax,high_background,94749,1122,0.5003113489324426,0.5,3.991914164274931,0.0001468844711780548,1.0,0.5766488413547237,0.5415057915057915,1.0,0.7025673137132122,0.8161323839209966,1.8467023172905526,0.6985240235452294,0.026527903571457387,0.4449115799600625
uwf,heldout_family,initial_access,iforest_env_sensitive__val_robust_minimax,iforest_env_sensitive,sklearn_anomaly,env_sensitive,val_robust_minimax,delayed_collector,94749,1122,0.5003113489324426,0.5,3.991914164274931,0.0007087364792823792,1.0,0.7192513368983957,0.6404109589041096,1.0,0.7807933194154488,0.9328135078371003,1.5614973262032086,0.6985240235452294,0.026527903571457387,0.4449115799600625
uwf,heldout_family,initial_access,iforest_env_sensitive__oracle_env_upper_bound,iforest_env_sensitive,sklearn_anomaly,env_sensitive,oracle_env_upper_bound,observed,94749,1122,0.5003113489324426,0.5,3.991914164274931,0.0002848915755748749,1.0,0.9028520499108734,0.8383233532934131,0.9982174688057041,0.9113100081366965,0.9369536827857055,1.1907308377896613,0.6985240235452294,0.051207022472594524,0.4449115799600625
uwf,heldout_family,initial_access,iforest_env_sensitive__oracle_env_upper_bound,iforest_env_sensitive,sklearn_anomaly,env_sensitive,oracle_env_upper_bound,low_sampling,94749,1122,0.5003113489324426,0.5,3.991914164274931,0.00018315762281417847,1.0,0.714795008912656,0.6538952745849298,0.9126559714795008,0.7619047619047619,0.8589480841761433,1.3957219251336899,0.6985240235452294,0.051207022472594524,0.4449115799600625
uwf,heldout_family,initial_access,iforest_env_sensitive__oracle_env_upper_bound,iforest_env_sensitive,sklearn_anomaly,env_sensitive,oracle_env_upper_bound,congested_link,94749,1122,0.5003113489324426,0.5,3.991914164274931,0.00020057335495948792,1.0,0.7397504456327986,0.6622436670687576,0.9786096256684492,0.7899280575539568,0.8495842349255371,1.4777183600713013,0.6985240235452294,0.051207022472594524,0.4449115799600625
uwf,heldout_family,initial_access,iforest_env_sensitive__oracle_env_upper_bound,iforest_env_sensitive,sklearn_anomaly,env_sensitive,oracle_env_upper_bound,high_background,94749,1122,0.5003113489324426,0.5,3.991914164274931,0.00021108239889144897,1.0,0.64349376114082,0.5848261327713382,0.9893048128342246,0.7350993377483444,0.8161323839209966,1.6916221033868093,0.6985240235452294,0.051207022472594524,0.4449115799600625
uwf,heldout_family,initial_access,iforest_env_sensitive__oracle_env_upper_bound,iforest_env_sensitive,sklearn_anomaly,env_sensitive,oracle_env_upper_bound,delayed_collector,94749,1122,0.5003113489324426,0.5,3.991914164274931,0.00019986554980278015,1.0,0.9010695187165776,0.8348214285714286,1.0,0.9099756690997567,0.9328135078371003,1.1978609625668448,0.6985240235452294,0.051207022472594524,0.4449115799600625
uwf,heldout_family,initial_access,pyod_ecod_env_sensitive,pyod_ecod_env_sensitive,pyod_ecod,env_sensitive,native_default,observed,94749,1122,0.5003113489324426,0.5,5.516835164278746,0.00032281503081321716,1.0,0.7370766488413547,0.8518518518518519,0.5739750445632799,0.6858359957401491,0.9029521385608206,0.6737967914438503,0.6214688726840117,0.23722091750931087,0.30637074417802407
uwf,heldout_family,initial_access,pyod_ecod_env_sensitive,pyod_ecod_env_sensitive,pyod_ecod,env_sensitive,native_default,low_sampling,94749,1122,0.5003113489324426,0.5,5.516835164278746,0.0002889707684516907,1.0,0.5,0.5,0.9982174688057041,0.6662700773349197,0.6038777202665218,1.9964349376114081,0.6214688726840117,0.23722091750931087,0.30637074417802407
uwf,heldout_family,initial_access,pyod_ecod_env_sensitive,pyod_ecod_env_sensitive,pyod_ecod,env_sensitive,native_default,congested_link,94749,1122,0.5003113489324426,0.5,5.516835164278746,0.0002933107316493988,1.0,0.6408199643493762,0.6039473684210527,0.8181818181818182,0.6949280847842544,0.7956952348270372,1.3547237076648841,0.6214688726840117,0.23722091750931087,0.30637074417802407
uwf,heldout_family,initial_access,pyod_ecod_env_sensitive,pyod_ecod_env_sensitive,pyod_ecod,env_sensitive,native_default,high_background,94749,1122,0.5003113489324426,0.5,5.516835164278746,0.00027632713317871094,1.0,0.5303030303030303,0.5160984848484849,0.9714795008912656,0.6740878169449598,0.7970932985088379,1.8823529411764706,0.6214688726840117,0.23722091750931087,0.30637074417802407
uwf,heldout_family,initial_access,pyod_ecod_env_sensitive,pyod_ecod_env_sensitive,pyod_ecod,env_sensitive,native_default,delayed_collector,94749,1122,0.5003113489324426,0.5,5.516835164278746,0.00023575499653816223,1.0,0.7094474153297683,0.7701149425287356,0.5971479500891266,0.6726907630522089,0.866586595746709,0.7754010695187166,0.6214688726840117,0.23722091750931087,0.30637074417802407
uwf,heldout_family,initial_access,pyod_ecod_env_sensitive__val_observed_f1,pyod_ecod_env_sensitive,pyod_ecod,env_sensitive,val_observed_f1,observed,94749,1122,0.5003113489324426,0.5,5.516835164278746,0.00024180859327316284,1.0,0.8279857397504456,0.7621082621082621,0.9536541889483066,0.8471892319873318,0.9029521385608206,1.2513368983957218,0.6214688726840117,0.09415628574068749,0.30637074417802407
uwf,heldout_family,initial_access,pyod_ecod_env_sensitive__val_observed_f1,pyod_ecod_env_sensitive,pyod_ecod,env_sensitive,val_observed_f1,low_sampling,94749,1122,0.5003113489324426,0.5,5.516835164278746,0.00015380606055259705,1.0,0.48663101604278075,0.49222797927461137,0.8467023172905526,0.6225425950196593,0.6038777202665218,1.7201426024955437,0.6214688726840117,0.09415628574068749,0.30637074417802407
uwf,heldout_family,initial_access,pyod_ecod_env_sensitive__val_observed_f1,pyod_ecod_env_sensitive,pyod_ecod,env_sensitive,val_observed_f1,congested_link,94749,1122,0.5003113489324426,0.5,5.516835164278746,0.00013641268014907837,1.0,0.5971479500891266,0.5595628415300546,0.9126559714795008,0.6937669376693767,0.7956952348270372,1.6310160427807487,0.6214688726840117,0.09415628574068749,0.30637074417802407
uwf,heldout_family,initial_access,pyod_ecod_env_sensitive__val_observed_f1,pyod_ecod_env_sensitive,pyod_ecod,env_sensitive,val_observed_f1,high_background,94749,1122,0.5003113489324426,0.5,5.516835164278746,0.00012500956654548645,1.0,0.5472370766488414,0.5261083743842364,0.9518716577540107,0.6776649746192893,0.7970932985088379,1.8092691622103387,0.6214688726840117,0.09415628574068749,0.30637074417802407
uwf,heldout_family,initial_access,pyod_ecod_env_sensitive__val_observed_f1,pyod_ecod_env_sensitive,pyod_ecod,env_sensitive,val_observed_f1,delayed_collector,94749,1122,0.5003113489324426,0.5,5.516835164278746,0.00013155117630958557,1.0,0.7156862745098039,0.7130281690140845,0.7219251336898396,0.7174490699734278,0.866586595746709,1.0124777183600713,0.6214688726840117,0.09415628574068749,0.30637074417802407
uwf,heldout_family,initial_access,pyod_ecod_env_sensitive__val_robust_minimax,pyod_ecod_env_sensitive,pyod_ecod,env_sensitive,val_robust_minimax,observed,94749,1122,0.5003113489324426,0.5,5.516835164278746,0.00013240426778793335,1.0,0.7290552584670231,0.6485549132947976,1.0,0.7868162692847125,0.9029521385608206,1.5418894830659537,0.6214688726840117,0.06657084507141779,0.30637074417802407
uwf,heldout_family,initial_access,pyod_ecod_env_sensitive__val_robust_minimax,pyod_ecod_env_sensitive,pyod_ecod,env_sensitive,val_robust_minimax,low_sampling,94749,1122,0.5003113489324426,0.5,5.516835164278746,0.0001448020339012146,1.0,0.5,0.5,0.9786096256684492,0.6618444846292948,0.6038777202665218,1.9572192513368984,0.6214688726840117,0.06657084507141779,0.30637074417802407
uwf,heldout_family,initial_access,pyod_ecod_env_sensitive__val_robust_minimax,pyod_ecod_env_sensitive,pyod_ecod,env_sensitive,val_robust_minimax,congested_link,94749,1122,0.5003113489324426,0.5,5.516835164278746,0.00013656914234161377,1.0,0.5418894830659536,0.5219012115563839,0.9982174688057041,0.6854345165238678,0.7956952348270372,1.9126559714795008,0.6214688726840117,0.06657084507141779,0.30637074417802407
uwf,heldout_family,initial_access,pyod_ecod_env_sensitive__val_robust_minimax,pyod_ecod_env_sensitive,pyod_ecod,env_sensitive,val_robust_minimax,high_background,94749,1122,0.5003113489324426,0.5,5.516835164278746,0.0001270696520805359,1.0,0.5285204991087344,0.5147329650092081,0.9964349376114082,0.678809957498482,0.7970932985088379,1.9358288770053476,0.6214688726840117,0.06657084507141779,0.30637074417802407
uwf,heldout_family,initial_access,pyod_ecod_env_sensitive__val_robust_minimax,pyod_ecod_env_sensitive,pyod_ecod,env_sensitive,val_robust_minimax,delayed_collector,94749,1122,0.5003113489324426,0.5,5.516835164278746,0.0001279674470424652,1.0,0.7415329768270945,0.6592244418331374,1.0,0.7946175637393768,0.866586595746709,1.516934046345811,0.6214688726840117,0.06657084507141779,0.30637074417802407
uwf,heldout_family,initial_access,pyod_ecod_env_sensitive__oracle_env_upper_bound,pyod_ecod_env_sensitive,pyod_ecod,env_sensitive,oracle_env_upper_bound,observed,94749,1122,0.5003113489324426,0.5,5.516835164278746,0.0003048814833164215,1.0,0.8279857397504456,0.7621082621082621,0.9536541889483066,0.8471892319873318,0.9029521385608206,1.2513368983957218,0.6214688726840117,0.09404381729164692,0.30637074417802407
uwf,heldout_family,initial_access,pyod_ecod_env_sensitive__oracle_env_upper_bound,pyod_ecod_env_sensitive,pyod_ecod,env_sensitive,oracle_env_upper_bound,low_sampling,94749,1122,0.5003113489324426,0.5,5.516835164278746,0.00020549073815345764,1.0,0.5187165775401069,0.5097856477166822,0.9750445632798574,0.6695226438188494,0.6038777202665218,1.9126559714795008,0.6214688726840117,0.09404381729164692,0.30637074417802407
uwf,heldout_family,initial_access,pyod_ecod_env_sensitive__oracle_env_upper_bound,pyod_ecod_env_sensitive,pyod_ecod,env_sensitive,oracle_env_upper_bound,congested_link,94749,1122,0.5003113489324426,0.5,5.516835164278746,0.00017614662647247314,1.0,0.713903743315508,0.7047781569965871,0.7361853832442068,0.7201394943330427,0.7956952348270372,1.0445632798573976,0.6214688726840117,0.09404381729164692,0.30637074417802407
uwf,heldout_family,initial_access,pyod_ecod_env_sensitive__oracle_env_upper_bound,pyod_ecod_env_sensitive,pyod_ecod,env_sensitive,oracle_env_upper_bound,high_background,94749,1122,0.5003113489324426,0.5,5.516835164278746,0.00018416717648506165,1.0,0.6595365418894831,0.6122961104140527,0.8698752228163993,0.7187039764359352,0.7970932985088379,1.4206773618538324,0.6214688726840117,0.09404381729164692,0.30637074417802407
uwf,heldout_family,initial_access,pyod_ecod_env_sensitive__oracle_env_upper_bound,pyod_ecod_env_sensitive,pyod_ecod,env_sensitive,oracle_env_upper_bound,delayed_collector,94749,1122,0.5003113489324426,0.5,5.516835164278746,0.00017263740301132202,1.0,0.786096256684492,0.700374531835206,1.0,0.8237885462555066,0.866586595746709,1.427807486631016,0.6214688726840117,0.09404381729164692,0.30637074417802407
uwf,heldout_family,initial_access,pyod_copod_env_sensitive,pyod_copod_env_sensitive,pyod_copod,env_sensitive,native_default,observed,94749,1122,0.5003113489324426,0.5,5.572744220495224,0.00032623857259750366,1.0,0.7406417112299465,0.8648648648648649,0.5704099821746881,0.6874328678839957,0.8706886416858105,0.6595365418894831,0.7365521920486433,0.13093178740433514,0.41326755661702824
uwf,heldout_family,initial_access,pyod_copod_env_sensitive,pyod_copod_env_sensitive,pyod_copod,env_sensitive,native_default,low_sampling,94749,1122,0.5003113489324426,0.5,5.572744220495224,0.00024418532848358154,1.0,0.4910873440285205,0.49375,0.7040998217468806,0.5804555473916239,0.6577921397046909,1.4260249554367201,0.7365521920486433,0.13093178740433514,0.41326755661702824
uwf,heldout_family,initial_access,pyod_copod_env_sensitive,pyod_copod_env_sensitive,pyod_copod,env_sensitive,native_default,congested_link,94749,1122,0.5003113489324426,0.5,5.572744220495224,0.0002434663474559784,1.0,0.6942959001782532,0.6866438356164384,0.714795008912656,0.7004366812227074,0.7931278815204577,1.0409982174688057,0.7365521920486433,0.13093178740433514,0.41326755661702824
uwf,heldout_family,initial_access,pyod_copod_env_sensitive,pyod_copod_env_sensitive,pyod_copod,env_sensitive,native_default,high_background,94749,1122,0.5003113489324426,0.5,5.572744220495224,0.00021656230092048645,1.0,0.553475935828877,0.5296442687747036,0.9554367201426025,0.6815003178639543,0.743985943105163,1.803921568627451,0.7365521920486433,0.13093178740433514,0.41326755661702824
uwf,heldout_family,initial_access,pyod_copod_env_sensitive,pyod_copod_env_sensitive,pyod_copod,env_sensitive,native_default,delayed_collector,94749,1122,0.5003113489324426,0.5,5.572744220495224,0.00022777915000915527,1.0,0.6372549019607843,0.6638297872340425,0.5561497326203209,0.6052376333656644,0.7828457586243053,0.8377896613190731,0.7365521920486433,0.13093178740433514,0.41326755661702824
uwf,heldout_family,initial_access,pyod_copod_env_sensitive__val_observed_f1,pyod_copod_env_sensitive,pyod_copod,env_sensitive,val_observed_f1,observed,94749,1122,0.5003113489324426,0.5,5.572744220495224,0.00025033578276634216,1.0,0.803921568627451,0.7183098591549296,1.0,0.8360655737704918,0.8706886416858105,1.392156862745098,0.7365521920486433,0.15669005110344358,0.41326755661702824
uwf,heldout_family,initial_access,pyod_copod_env_sensitive__val_observed_f1,pyod_copod_env_sensitive,pyod_copod,env_sensitive,val_observed_f1,low_sampling,94749,1122,0.5003113489324426,0.5,5.572744220495224,0.0001590736210346222,1.0,0.7344028520499108,0.8767908309455588,0.5454545454545454,0.6725274725274726,0.6577921397046909,0.6221033868092691,0.7365521920486433,0.15669005110344358,0.41326755661702824
uwf,heldout_family,initial_access,pyod_copod_env_sensitive__val_observed_f1,pyod_copod_env_sensitive,pyod_copod,env_sensitive,val_observed_f1,congested_link,94749,1122,0.5003113489324426,0.5,5.572744220495224,0.0001762770116329193,1.0,0.6417112299465241,0.5987577639751552,0.8591800356506238,0.705710102489019,0.7931278815204577,1.4349376114081998,0.7365521920486433,0.15669005110344358,0.41326755661702824
uwf,heldout_family,initial_access,pyod_copod_env_sensitive__val_observed_f1,pyod_copod_env_sensitive,pyod_copod,env_sensitive,val_observed_f1,high_background,94749,1122,0.5003113489324426,0.5,5.572744220495224,0.00016667693853378296,1.0,0.553475935828877,0.5293542074363993,0.964349376114082,0.6835123183828175,0.743985943105163,1.82174688057041,0.7365521920486433,0.15669005110344358,0.41326755661702824
uwf,heldout_family,initial_access,pyod_copod_env_sensitive__val_observed_f1,pyod_copod_env_sensitive,pyod_copod,env_sensitive,val_observed_f1,delayed_collector,94749,1122,0.5003113489324426,0.5,5.572744220495224,0.00016831234097480774,1.0,0.5873440285204992,0.5897435897435898,0.5739750445632799,0.5817524841915086,0.7828457586243053,0.9732620320855615,0.7365521920486433,0.15669005110344358,0.41326755661702824
uwf,heldout_family,initial_access,pyod_copod_env_sensitive__val_robust_minimax,pyod_copod_env_sensitive,pyod_copod,env_sensitive,val_robust_minimax,observed,94749,1122,0.5003113489324426,0.5,5.572744220495224,0.00013938546180725098,1.0,0.5231729055258467,0.5118613138686131,1.0,0.6771273385636692,0.8706886416858105,1.9536541889483066,0.7365521920486433,0.006079078672819741,0.41326755661702824
uwf,heldout_family,initial_access,pyod_copod_env_sensitive__val_robust_minimax,pyod_copod_env_sensitive,pyod_copod,env_sensitive,val_robust_minimax,low_sampling,94749,1122,0.5003113489324426,0.5,5.572744220495224,0.0001724250614643097,1.0,0.49910873440285203,0.4995507637017071,0.9910873440285205,0.6642771804062126,0.6577921397046909,1.9839572192513368,0.7365521920486433,0.006079078672819741,0.41326755661702824
uwf,heldout_family,initial_access,pyod_copod_env_sensitive__val_robust_minimax,pyod_copod_env_sensitive,pyod_copod,env_sensitive,val_robust_minimax,congested_link,94749,1122,0.5003113489324426,0.5,5.572744220495224,0.00013411790132522583,1.0,0.5026737967914439,0.5013404825737265,1.0,0.6678571428571428,0.7931278815204577,1.9946524064171123,0.7365521920486433,0.006079078672819741,0.41326755661702824
uwf,heldout_family,initial_access,pyod_copod_env_sensitive__val_robust_minimax,pyod_copod_env_sensitive,pyod_copod,env_sensitive,val_robust_minimax,high_background,94749,1122,0.5003113489324426,0.5,5.572744220495224,0.00012605637311935425,1.0,0.5026737967914439,0.5013404825737265,1.0,0.6678571428571428,0.743985943105163,1.9946524064171123,0.7365521920486433,0.006079078672819741,0.41326755661702824
uwf,heldout_family,initial_access,pyod_copod_env_sensitive__val_robust_minimax,pyod_copod_env_sensitive,pyod_copod,env_sensitive,val_robust_minimax,delayed_collector,94749,1122,0.5003113489324426,0.5,5.572744220495224,0.00015108659863471985,1.0,0.5231729055258467,0.5118613138686131,1.0,0.6771273385636692,0.7828457586243053,1.9536541889483066,0.7365521920486433,0.006079078672819741,0.41326755661702824
uwf,heldout_family,initial_access,pyod_copod_env_sensitive__oracle_env_upper_bound,pyod_copod_env_sensitive,pyod_copod,env_sensitive,oracle_env_upper_bound,observed,94749,1122,0.5003113489324426,0.5,5.572744220495224,0.0003941170871257782,1.0,0.803921568627451,0.7183098591549296,1.0,0.8360655737704918,0.8706886416858105,1.392156862745098,0.7365521920486433,0.2125623722224801,0.41326755661702824
uwf,heldout_family,initial_access,pyod_copod_env_sensitive__oracle_env_upper_bound,pyod_copod_env_sensitive,pyod_copod,env_sensitive,oracle_env_upper_bound,low_sampling,94749,1122,0.5003113489324426,0.5,5.572744220495224,0.00029551610350608826,1.0,0.767379679144385,0.9966887417218543,0.5365418894830659,0.697566628041715,0.6577921397046909,0.5383244206773619,0.7365521920486433,0.2125623722224801,0.41326755661702824
uwf,heldout_family,initial_access,pyod_copod_env_sensitive__oracle_env_upper_bound,pyod_copod_env_sensitive,pyod_copod,env_sensitive,oracle_env_upper_bound,congested_link,94749,1122,0.5003113489324426,0.5,5.572744220495224,0.0002663023769855499,1.0,0.6301247771836007,0.5835240274599542,0.9090909090909091,0.710801393728223,0.7931278815204577,1.5579322638146167,0.7365521920486433,0.2125623722224801,0.41326755661702824
uwf,heldout_family,initial_access,pyod_copod_env_sensitive__oracle_env_upper_bound,pyod_copod_env_sensitive,pyod_copod,env_sensitive,oracle_env_upper_bound,high_background,94749,1122,0.5003113489324426,0.5,5.572744220495224,0.00025651976466178894,1.0,0.7620320855614974,0.9803921568627451,0.5347593582887701,0.6920415224913494,0.743985943105163,0.5454545454545454,0.7365521920486433,0.2125623722224801,0.41326755661702824
uwf,heldout_family,initial_access,pyod_copod_env_sensitive__oracle_env_upper_bound,pyod_copod_env_sensitive,pyod_copod,env_sensitive,oracle_env_upper_bound,delayed_collector,94749,1122,0.5003113489324426,0.5,5.572744220495224,0.00025960057973861694,1.0,0.7245989304812834,0.6448275862068965,1.0,0.7840670859538784,0.7828457586243053,1.5508021390374331,0.7365521920486433,0.2125623722224801,0.41326755661702824
uwf,heldout_family,persistence,lr_full,lr_full,sklearn_linear,full,native_default,observed,95219,652,0.5003098121173295,0.5,80.6597980633378,0.0003938153386116028,1.0,1.0,1.0,1.0,1.0,1.0,1.0,0.47794941714429934,0.03331126779177615,0.4970412179833593
uwf,heldout_family,persistence,lr_full,lr_full,sklearn_linear,full,native_default,low_sampling,95219,652,0.5003098121173295,0.5,80.6597980633378,0.00040959566831588745,1.0,0.9079754601226994,1.0,0.8159509202453987,0.8986486486486487,0.9907410892393391,0.8159509202453987,0.47794941714429934,0.03331126779177615,0.4970412179833593
uwf,heldout_family,persistence,lr_full,lr_full,sklearn_linear,full,native_default,congested_link,95219,652,0.5003098121173295,0.5,80.6597980633378,0.0005357973277568817,1.0,0.995398773006135,1.0,0.99079754601227,0.9953775038520801,0.9998306296812074,0.99079754601227,0.47794941714429934,0.03331126779177615,0.4970412179833593
uwf,heldout_family,persistence,lr_full,lr_full,sklearn_linear,full,native_default,high_background,95219,652,0.5003098121173295,0.5,80.6597980633378,0.00042635202407836914,1.0,0.9861963190184049,0.9731343283582089,1.0,0.9863842662632375,0.9935168805751063,1.0276073619631902,0.47794941714429934,0.03331126779177615,0.4970412179833593
uwf,heldout_family,persistence,lr_full,lr_full,sklearn_linear,full,native_default,delayed_collector,95219,652,0.5003098121173295,0.5,80.6597980633378,0.0003635026514530182,1.0,1.0,1.0,1.0,1.0,1.0,1.0,0.47794941714429934,0.03331126779177615,0.4970412179833593
uwf,heldout_family,persistence,lr_full__val_observed_f1,lr_full,sklearn_linear,full,val_observed_f1,observed,95219,652,0.5003098121173295,0.5,80.6597980633378,0.00029406696557998657,1.0,0.9723926380368099,0.9476744186046512,1.0,0.9731343283582089,1.0,1.0552147239263803,0.47794941714429934,0.0235000083247972,0.4970412179833593
uwf,heldout_family,persistence,lr_full__val_observed_f1,lr_full,sklearn_linear,full,val_observed_f1,low_sampling,95219,652,0.5003098121173295,0.5,80.6597980633378,0.00017079338431358337,1.0,0.9003067484662577,0.9393939393939394,0.8558282208588958,0.8956661316211878,0.9907410892393391,0.911042944785276,0.47794941714429934,0.0235000083247972,0.4970412179833593
uwf,heldout_family,persistence,lr_full__val_observed_f1,lr_full,sklearn_linear,full,val_observed_f1,congested_link,95219,652,0.5003098121173295,0.5,80.6597980633378,0.0001250430941581726,1.0,0.9815950920245399,0.9672619047619048,0.9969325153374233,0.9818731117824774,0.9998306296812074,1.030674846625767,0.47794941714429934,0.0235000083247972,0.4970412179833593
uwf,heldout_family,persistence,lr_full__val_observed_f1,lr_full,sklearn_linear,full,val_observed_f1,high_background,95219,652,0.5003098121173295,0.5,80.6597980633378,0.00015188753604888916,1.0,0.9723926380368099,0.9476744186046512,1.0,0.9731343283582089,0.9935168805751063,1.0552147239263803,0.47794941714429934,0.0235000083247972,0.4970412179833593
uwf,heldout_family,persistence,lr_full__val_observed_f1,lr_full,sklearn_linear,full,val_observed_f1,delayed_collector,95219,652,0.5003098121173295,0.5,80.6597980633378,0.00014804676175117493,1.0,0.9723926380368099,0.9476744186046512,1.0,0.9731343283582089,1.0,1.0552147239263803,0.47794941714429934,0.0235000083247972,0.4970412179833593
uwf,heldout_family,persistence,lr_full__val_robust_minimax,lr_full,sklearn_linear,full,val_robust_minimax,observed,95219,652,0.5003098121173295,0.5,80.6597980633378,0.00015353411436080933,1.0,0.9723926380368099,0.9476744186046512,1.0,0.9731343283582089,1.0,1.0552147239263803,0.47794941714429934,0.0235000083247972,0.4970412179833593
uwf,heldout_family,persistence,lr_full__val_robust_minimax,lr_full,sklearn_linear,full,val_robust_minimax,low_sampling,95219,652,0.5003098121173295,0.5,80.6597980633378,0.00014611706137657166,1.0,0.9003067484662577,0.9393939393939394,0.8558282208588958,0.8956661316211878,0.9907410892393391,0.911042944785276,0.47794941714429934,0.0235000083247972,0.4970412179833593
uwf,heldout_family,persistence,lr_full__val_robust_minimax,lr_full,sklearn_linear,full,val_robust_minimax,congested_link,95219,652,0.5003098121173295,0.5,80.6597980633378,0.00014179199934005737,1.0,0.9815950920245399,0.9672619047619048,0.9969325153374233,0.9818731117824774,0.9998306296812074,1.030674846625767,0.47794941714429934,0.0235000083247972,0.4970412179833593
uwf,heldout_family,persistence,lr_full__val_robust_minimax,lr_full,sklearn_linear,full,val_robust_minimax,high_background,95219,652,0.5003098121173295,0.5,80.6597980633378,0.0002476498484611511,1.0,0.9723926380368099,0.9476744186046512,1.0,0.9731343283582089,0.9935168805751063,1.0552147239263803,0.47794941714429934,0.0235000083247972,0.4970412179833593
uwf,heldout_family,persistence,lr_full__val_robust_minimax,lr_full,sklearn_linear,full,val_robust_minimax,delayed_collector,95219,652,0.5003098121173295,0.5,80.6597980633378,0.00014195963740348816,1.0,0.9723926380368099,0.9476744186046512,1.0,0.9731343283582089,1.0,1.0552147239263803,0.47794941714429934,0.0235000083247972,0.4970412179833593
uwf,heldout_family,persistence,lr_full__oracle_env_upper_bound,lr_full,sklearn_linear,full,oracle_env_upper_bound,observed,95219,652,0.5003098121173295,0.5,80.6597980633378,0.0004215724766254425,1.0,1.0,1.0,1.0,1.0,1.0,1.0,0.47794941714429934,0.03231242165092917,0.4970412179833593
uwf,heldout_family,persistence,lr_full__oracle_env_upper_bound,lr_full,sklearn_linear,full,oracle_env_upper_bound,low_sampling,95219,652,0.5003098121173295,0.5,80.6597980633378,0.00029738619923591614,1.0,0.9095092024539877,1.0,0.8190184049079755,0.9005059021922428,0.9907410892393391,0.8190184049079755,0.47794941714429934,0.03231242165092917,0.4970412179833593
uwf,heldout_family,persistence,lr_full__oracle_env_upper_bound,lr_full,sklearn_linear,full,oracle_env_upper_bound,congested_link,95219,652,0.5003098121173295,0.5,80.6597980633378,0.0002680830657482147,1.0,0.995398773006135,0.9969230769230769,0.9938650306748467,0.9953917050691244,0.9998306296812074,0.9969325153374233,0.47794941714429934,0.03231242165092917,0.4970412179833593
uwf,heldout_family,persistence,lr_full__oracle_env_upper_bound,lr_full,sklearn_linear,full,oracle_env_upper_bound,high_background,95219,652,0.5003098121173295,0.5,80.6597980633378,0.0002637207508087158,1.0,0.9877300613496932,0.9760479041916168,1.0,0.9878787878787879,0.9935168805751063,1.0245398773006136,0.47794941714429934,0.03231242165092917,0.4970412179833593
uwf,heldout_family,persistence,lr_full__oracle_env_upper_bound,lr_full,sklearn_linear,full,oracle_env_upper_bound,delayed_collector,95219,652,0.5003098121173295,0.5,80.6597980633378,0.00025957077741622925,1.0,1.0,1.0,1.0,1.0,1.0,1.0,0.47794941714429934,0.03231242165092917,0.4970412179833593
uwf,heldout_family,persistence,rf_full,rf_full,sklearn_tree,full,native_default,observed,95219,652,0.5003098121173295,0.5,41.270041920244694,0.00031295791268348694,1.0,1.0,1.0,1.0,1.0,1.0,1.0,0.6474262966126141,0.1603352485373412,0.6515892140127573
uwf,heldout_family,persistence,rf_full,rf_full,sklearn_tree,full,native_default,low_sampling,95219,652,0.5003098121173295,0.5,41.270041920244694,0.00022661685943603516,1.0,0.598159509202454,1.0,0.19631901840490798,0.3282051282051282,1.0,0.19631901840490798,0.6474262966126141,0.1603352485373412,0.6515892140127573
uwf,heldout_family,persistence,rf_full,rf_full,sklearn_tree,full,native_default,congested_link,95219,652,0.5003098121173295,0.5,41.270041920244694,0.00020135939121246338,1.0,0.9861963190184049,0.9937694704049844,0.9785276073619632,0.9860896445131375,0.9991061010952614,0.9846625766871165,0.6474262966126141,0.1603352485373412,0.6515892140127573
uwf,heldout_family,persistence,rf_full,rf_full,sklearn_tree,full,native_default,high_background,95219,652,0.5003098121173295,0.5,41.270041920244694,0.00021462514996528625,1.0,0.9739263803680982,0.9724770642201835,0.9754601226993865,0.9739663093415007,0.9936015657345028,1.0030674846625767,0.6474262966126141,0.1603352485373412,0.6515892140127573
uwf,heldout_family,persistence,rf_full,rf_full,sklearn_tree,full,native_default,delayed_collector,95219,652,0.5003098121173295,0.5,41.270041920244694,0.00024667754769325256,1.0,1.0,1.0,1.0,1.0,1.0,1.0,0.6474262966126141,0.1603352485373412,0.6515892140127573
uwf,heldout_family,persistence,rf_full__val_observed_f1,rf_full,sklearn_tree,full,val_observed_f1,observed,95219,652,0.5003098121173295,0.5,41.270041920244694,0.00021824240684509277,1.0,0.9984662576687117,0.9969418960244648,1.0,0.998468606431853,1.0,1.0030674846625767,0.6474262966126141,0.2064868789290387,0.6515892140127573
uwf,heldout_family,persistence,rf_full__val_observed_f1,rf_full,sklearn_tree,full,val_observed_f1,low_sampling,95219,652,0.5003098121173295,0.5,41.270041920244694,0.0001677684485912323,1.0,0.5306748466257669,0.5158227848101266,1.0,0.6805845511482255,1.0,1.9386503067484662,0.6474262966126141,0.2064868789290387,0.6515892140127573
uwf,heldout_family,persistence,rf_full__val_observed_f1,rf_full,sklearn_tree,full,val_observed_f1,congested_link,95219,652,0.5003098121173295,0.5,41.270041920244694,0.0001502782106399536,1.0,0.6503067484662577,0.5884476534296029,1.0,0.740909090909091,0.9991061010952614,1.6993865030674846,0.6474262966126141,0.2064868789290387,0.6515892140127573
uwf,heldout_family,persistence,rf_full__val_observed_f1,rf_full,sklearn_tree,full,val_observed_f1,high_background,95219,652,0.5003098121173295,0.5,41.270041920244694,0.00014240294694900513,1.0,0.5996932515337423,0.555366269165247,1.0,0.7141292442497261,0.9936015657345028,1.8006134969325154,0.6474262966126141,0.2064868789290387,0.6515892140127573
uwf,heldout_family,persistence,rf_full__val_observed_f1,rf_full,sklearn_tree,full,val_observed_f1,delayed_collector,95219,652,0.5003098121173295,0.5,41.270041920244694,0.00014594197273254395,1.0,0.9969325153374233,0.9939024390243902,1.0,0.9969418960244648,1.0,1.0061349693251533,0.6474262966126141,0.2064868789290387,0.6515892140127573
uwf,heldout_family,persistence,rf_full__val_robust_minimax,rf_full,sklearn_tree,full,val_robust_minimax,observed,95219,652,0.5003098121173295,0.5,41.270041920244694,0.00017834454774856567,1.0,0.9984662576687117,0.9969418960244648,1.0,0.998468606431853,1.0,1.0030674846625767,0.6474262966126141,0.2064868789290387,0.6515892140127573
uwf,heldout_family,persistence,rf_full__val_robust_minimax,rf_full,sklearn_tree,full,val_robust_minimax,low_sampling,95219,652,0.5003098121173295,0.5,41.270041920244694,0.00015082582831382751,1.0,0.5306748466257669,0.5158227848101266,1.0,0.6805845511482255,1.0,1.9386503067484662,0.6474262966126141,0.2064868789290387,0.6515892140127573
uwf,heldout_family,persistence,rf_full__val_robust_minimax,rf_full,sklearn_tree,full,val_robust_minimax,congested_link,95219,652,0.5003098121173295,0.5,41.270041920244694,0.00014410167932510376,1.0,0.6503067484662577,0.5884476534296029,1.0,0.740909090909091,0.9991061010952614,1.6993865030674846,0.6474262966126141,0.2064868789290387,0.6515892140127573
uwf,heldout_family,persistence,rf_full__val_robust_minimax,rf_full,sklearn_tree,full,val_robust_minimax,high_background,95219,652,0.5003098121173295,0.5,41.270041920244694,0.0001432076096534729,1.0,0.5996932515337423,0.555366269165247,1.0,0.7141292442497261,0.9936015657345028,1.8006134969325154,0.6474262966126141,0.2064868789290387,0.6515892140127573
uwf,heldout_family,persistence,rf_full__val_robust_minimax,rf_full,sklearn_tree,full,val_robust_minimax,delayed_collector,95219,652,0.5003098121173295,0.5,41.270041920244694,0.00013081729412078857,1.0,0.9969325153374233,0.9939024390243902,1.0,0.9969418960244648,1.0,1.0061349693251533,0.6474262966126141,0.2064868789290387,0.6515892140127573
uwf,heldout_family,persistence,rf_full__oracle_env_upper_bound,rf_full,sklearn_tree,full,oracle_env_upper_bound,observed,95219,652,0.5003098121173295,0.5,41.270041920244694,0.00030683353543281555,1.0,1.0,1.0,1.0,1.0,1.0,1.0,0.6474262966126141,0.0038597006847576228,0.6515892140127573
uwf,heldout_family,persistence,rf_full__oracle_env_upper_bound,rf_full,sklearn_tree,full,oracle_env_upper_bound,low_sampling,95219,652,0.5003098121173295,0.5,41.270041920244694,0.00020391866564750671,1.0,1.0,1.0,1.0,1.0,1.0,1.0,0.6474262966126141,0.0038597006847576228,0.6515892140127573
uwf,heldout_family,persistence,rf_full__oracle_env_upper_bound,rf_full,sklearn_tree,full,oracle_env_upper_bound,congested_link,95219,652,0.5003098121173295,0.5,41.270041920244694,0.0002123899757862091,1.0,0.9969325153374233,0.9939024390243902,1.0,0.9969418960244648,0.9991061010952614,1.0061349693251533,0.6474262966126141,0.0038597006847576228,0.6515892140127573
uwf,heldout_family,persistence,rf_full__oracle_env_upper_bound,rf_full,sklearn_tree,full,oracle_env_upper_bound,high_background,95219,652,0.5003098121173295,0.5,41.270041920244694,0.00019256770610809326,1.0,0.9861963190184049,0.9731343283582089,1.0,0.9863842662632375,0.9936015657345028,1.0276073619631902,0.6474262966126141,0.0038597006847576228,0.6515892140127573
uwf,heldout_family,persistence,rf_full__oracle_env_upper_bound,rf_full,sklearn_tree,full,oracle_env_upper_bound,delayed_collector,95219,652,0.5003098121173295,0.5,41.270041920244694,0.0001874007284641266,1.0,1.0,1.0,1.0,1.0,1.0,1.0,0.6474262966126141,0.0038597006847576228,0.6515892140127573
uwf,heldout_family,persistence,gb_full,gb_full,sklearn_boosting,full,native_default,observed,95219,652,0.5003098121173295,0.5,235.01624349877238,0.00024662911891937256,1.0,1.0,1.0,1.0,1.0,1.0,1.0,0.39340471788027737,0.0004940694522100938,0.580197052721631
uwf,heldout_family,persistence,gb_full,gb_full,sklearn_boosting,full,native_default,low_sampling,95219,652,0.5003098121173295,0.5,235.01624349877238,0.00022066384553909302,1.0,1.0,1.0,1.0,1.0,0.9999999999999999,1.0,0.39340471788027737,0.0004940694522100938,0.580197052721631
uwf,heldout_family,persistence,gb_full,gb_full,sklearn_boosting,full,native_default,congested_link,95219,652,0.5003098121173295,0.5,235.01624349877238,0.00024140998721122742,1.0,1.0,1.0,1.0,1.0,1.0,1.0,0.39340471788027737,0.0004940694522100938,0.580197052721631
uwf,heldout_family,persistence,gb_full,gb_full,sklearn_boosting,full,native_default,high_background,95219,652,0.5003098121173295,0.5,235.01624349877238,0.00020605698227882385,1.0,0.9984662576687117,0.9969418960244648,1.0,0.998468606431853,1.0,1.0030674846625767,0.39340471788027737,0.0004940694522100938,0.580197052721631
uwf,heldout_family,persistence,gb_full,gb_full,sklearn_boosting,full,native_default,delayed_collector,95219,652,0.5003098121173295,0.5,235.01624349877238,0.00021283328533172607,1.0,1.0,1.0,1.0,1.0,1.0,1.0,0.39340471788027737,0.0004940694522100938,0.580197052721631
uwf,heldout_family,persistence,gb_full__val_observed_f1,gb_full,sklearn_boosting,full,val_observed_f1,observed,95219,652,0.5003098121173295,0.5,235.01624349877238,0.00039820000529289246,1.0,1.0,1.0,1.0,1.0,1.0,1.0,0.39340471788027737,0.028517771828965945,0.580197052721631
uwf,heldout_family,persistence,gb_full__val_observed_f1,gb_full,sklearn_boosting,full,val_observed_f1,low_sampling,95219,652,0.5003098121173295,0.5,235.01624349877238,0.00016125664114952087,1.0,1.0,1.0,1.0,1.0,0.9999999999999999,1.0,0.39340471788027737,0.028517771828965945,0.580197052721631
uwf,heldout_family,persistence,gb_full__val_observed_f1,gb_full,sklearn_boosting,full,val_observed_f1,congested_link,95219,652,0.5003098121173295,0.5,235.01624349877238,0.00013928860425949097,1.0,0.9677914110429447,0.9394812680115274,1.0,0.9687964338781575,1.0,1.0644171779141105,0.39340471788027737,0.028517771828965945,0.580197052721631
uwf,heldout_family,persistence,gb_full__val_observed_f1,gb_full,sklearn_boosting,full,val_observed_f1,high_background,95219,652,0.5003098121173295,0.5,235.01624349877238,0.00013442710041999817,1.0,0.9033742331288344,0.8380462724935732,1.0,0.9118881118881119,1.0,1.1932515337423313,0.39340471788027737,0.028517771828965945,0.580197052721631
uwf,heldout_family,persistence,gb_full__val_observed_f1,gb_full,sklearn_boosting,full,val_observed_f1,delayed_collector,95219,652,0.5003098121173295,0.5,235.01624349877238,0.00013012811541557312,1.0,1.0,1.0,1.0,1.0,1.0,1.0,0.39340471788027737,0.028517771828965945,0.580197052721631
uwf,heldout_family,persistence,gb_full__val_robust_minimax,gb_full,sklearn_boosting,full,val_robust_minimax,observed,95219,652,0.5003098121173295,0.5,235.01624349877238,0.00021916255354881287,1.0,1.0,1.0,1.0,1.0,1.0,1.0,0.39340471788027737,0.028517771828965945,0.580197052721631
uwf,heldout_family,persistence,gb_full__val_robust_minimax,gb_full,sklearn_boosting,full,val_robust_minimax,low_sampling,95219,652,0.5003098121173295,0.5,235.01624349877238,0.00021699443459510803,1.0,1.0,1.0,1.0,1.0,0.9999999999999999,1.0,0.39340471788027737,0.028517771828965945,0.580197052721631
uwf,heldout_family,persistence,gb_full__val_robust_minimax,gb_full,sklearn_boosting,full,val_robust_minimax,congested_link,95219,652,0.5003098121173295,0.5,235.01624349877238,0.00016952678561210632,1.0,0.9677914110429447,0.9394812680115274,1.0,0.9687964338781575,1.0,1.0644171779141105,0.39340471788027737,0.028517771828965945,0.580197052721631
uwf,heldout_family,persistence,gb_full__val_robust_minimax,gb_full,sklearn_boosting,full,val_robust_minimax,high_background,95219,652,0.5003098121173295,0.5,235.01624349877238,0.0001994594931602478,1.0,0.9033742331288344,0.8380462724935732,1.0,0.9118881118881119,1.0,1.1932515337423313,0.39340471788027737,0.028517771828965945,0.580197052721631
uwf,heldout_family,persistence,gb_full__val_robust_minimax,gb_full,sklearn_boosting,full,val_robust_minimax,delayed_collector,95219,652,0.5003098121173295,0.5,235.01624349877238,0.00018844008445739746,1.0,1.0,1.0,1.0,1.0,1.0,1.0,0.39340471788027737,0.028517771828965945,0.580197052721631
uwf,heldout_family,persistence,gb_full__oracle_env_upper_bound,gb_full,sklearn_boosting,full,oracle_env_upper_bound,observed,95219,652,0.5003098121173295,0.5,235.01624349877238,0.0004357248544692993,1.0,1.0,1.0,1.0,1.0,1.0,1.0,0.39340471788027737,0.0,0.580197052721631
uwf,heldout_family,persistence,gb_full__oracle_env_upper_bound,gb_full,sklearn_boosting,full,oracle_env_upper_bound,low_sampling,95219,652,0.5003098121173295,0.5,235.01624349877238,0.0002549290657043457,1.0,1.0,1.0,1.0,1.0,0.9999999999999999,1.0,0.39340471788027737,0.0,0.580197052721631
uwf,heldout_family,persistence,gb_full__oracle_env_upper_bound,gb_full,sklearn_boosting,full,oracle_env_upper_bound,congested_link,95219,652,0.5003098121173295,0.5,235.01624349877238,0.00023195147514343262,1.0,1.0,1.0,1.0,1.0,1.0,1.0,0.39340471788027737,0.0,0.580197052721631
uwf,heldout_family,persistence,gb_full__oracle_env_upper_bound,gb_full,sklearn_boosting,full,oracle_env_upper_bound,high_background,95219,652,0.5003098121173295,0.5,235.01624349877238,0.00023908540606498718,1.0,1.0,1.0,1.0,1.0,1.0,1.0,0.39340471788027737,0.0,0.580197052721631
uwf,heldout_family,persistence,gb_full__oracle_env_upper_bound,gb_full,sklearn_boosting,full,oracle_env_upper_bound,delayed_collector,95219,652,0.5003098121173295,0.5,235.01624349877238,0.00021966174244880676,1.0,1.0,1.0,1.0,1.0,1.0,1.0,0.39340471788027737,0.0,0.580197052721631
uwf,heldout_family,persistence,xgb_full,xgb_full,xgboost,full,native_default,observed,95219,652,0.5003098121173295,0.5,58.46978006884456,0.0004269517958164215,1.0,1.0,1.0,1.0,1.0,1.0,1.0,0.38341070572609026,0.002477930706524297,0.34314843639963677
uwf,heldout_family,persistence,xgb_full,xgb_full,xgboost,full,native_default,low_sampling,95219,652,0.5003098121173295,0.5,58.46978006884456,0.00021690502762794495,1.0,1.0,1.0,1.0,1.0,0.9999999999999999,1.0,0.38341070572609026,0.002477930706524297,0.34314843639963677
uwf,heldout_family,persistence,xgb_full,xgb_full,xgboost,full,native_default,congested_link,95219,652,0.5003098121173295,0.5,58.46978006884456,0.00021814927458763123,1.0,1.0,1.0,1.0,1.0,1.0,1.0,0.38341070572609026,0.002477930706524297,0.34314843639963677
uwf,heldout_family,persistence,xgb_full,xgb_full,xgboost,full,native_default,high_background,95219,652,0.5003098121173295,0.5,58.46978006884456,0.0002111569046974182,1.0,0.9923312883435583,0.9848942598187311,1.0,0.9923896499238964,1.0,1.0153374233128833,0.38341070572609026,0.002477930706524297,0.34314843639963677
uwf,heldout_family,persistence,xgb_full,xgb_full,xgboost,full,native_default,delayed_collector,95219,652,0.5003098121173295,0.5,58.46978006884456,0.00022912025451660156,1.0,1.0,1.0,1.0,1.0,1.0,1.0,0.38341070572609026,0.002477930706524297,0.34314843639963677
uwf,heldout_family,persistence,xgb_full__val_observed_f1,xgb_full,xgboost,full,val_observed_f1,observed,95219,652,0.5003098121173295,0.5,58.46978006884456,0.00022810697555541992,1.0,1.0,1.0,1.0,1.0,1.0,1.0,0.38341070572609026,0.00474949949991868,0.34314843639963677
uwf,heldout_family,persistence,xgb_full__val_observed_f1,xgb_full,xgboost,full,val_observed_f1,low_sampling,95219,652,0.5003098121173295,0.5,58.46978006884456,0.0001406557857990265,1.0,1.0,1.0,1.0,1.0,0.9999999999999999,1.0,0.38341070572609026,0.00474949949991868,0.34314843639963677
uwf,heldout_family,persistence,xgb_full__val_observed_f1,xgb_full,xgboost,full,val_observed_f1,congested_link,95219,652,0.5003098121173295,0.5,58.46978006884456,0.00013233721256256104,1.0,0.9969325153374233,0.9939024390243902,1.0,0.9969418960244648,1.0,1.0061349693251533,0.38341070572609026,0.00474949949991868,0.34314843639963677
uwf,heldout_family,persistence,xgb_full__val_observed_f1,xgb_full,xgboost,full,val_observed_f1,high_background,95219,652,0.5003098121173295,0.5,58.46978006884456,0.00013928115367889404,1.0,0.9831288343558282,0.9673590504451038,1.0,0.9834087481146304,1.0,1.0337423312883436,0.38341070572609026,0.00474949949991868,0.34314843639963677
uwf,heldout_family,persistence,xgb_full__val_observed_f1,xgb_full,xgboost,full,val_observed_f1,delayed_collector,95219,652,0.5003098121173295,0.5,58.46978006884456,0.00013708323240280151,1.0,1.0,1.0,1.0,1.0,1.0,1.0,0.38341070572609026,0.00474949949991868,0.34314843639963677
uwf,heldout_family,persistence,xgb_full__val_robust_minimax,xgb_full,xgboost,full,val_robust_minimax,observed,95219,652,0.5003098121173295,0.5,58.46978006884456,0.00017010793089866638,1.0,1.0,1.0,1.0,1.0,1.0,1.0,0.38341070572609026,0.00474949949991868,0.34314843639963677
uwf,heldout_family,persistence,xgb_full__val_robust_minimax,xgb_full,xgboost,full,val_robust_minimax,low_sampling,95219,652,0.5003098121173295,0.5,58.46978006884456,0.00014555826783180237,1.0,1.0,1.0,1.0,1.0,0.9999999999999999,1.0,0.38341070572609026,0.00474949949991868,0.34314843639963677
uwf,heldout_family,persistence,xgb_full__val_robust_minimax,xgb_full,xgboost,full,val_robust_minimax,congested_link,95219,652,0.5003098121173295,0.5,58.46978006884456,0.00038333237171173096,1.0,0.9969325153374233,0.9939024390243902,1.0,0.9969418960244648,1.0,1.0061349693251533,0.38341070572609026,0.00474949949991868,0.34314843639963677
uwf,heldout_family,persistence,xgb_full__val_robust_minimax,xgb_full,xgboost,full,val_robust_minimax,high_background,95219,652,0.5003098121173295,0.5,58.46978006884456,0.00013626739382743835,1.0,0.9831288343558282,0.9673590504451038,1.0,0.9834087481146304,1.0,1.0337423312883436,0.38341070572609026,0.00474949949991868,0.34314843639963677
uwf,heldout_family,persistence,xgb_full__val_robust_minimax,xgb_full,xgboost,full,val_robust_minimax,delayed_collector,95219,652,0.5003098121173295,0.5,58.46978006884456,0.00014621764421463013,1.0,1.0,1.0,1.0,1.0,1.0,1.0,0.38341070572609026,0.00474949949991868,0.34314843639963677
uwf,heldout_family,persistence,xgb_full__oracle_env_upper_bound,xgb_full,xgboost,full,oracle_env_upper_bound,observed,95219,652,0.5003098121173295,0.5,58.46978006884456,0.00037013739347457886,1.0,1.0,1.0,1.0,1.0,1.0,1.0,0.38341070572609026,0.0,0.34314843639963677
uwf,heldout_family,persistence,xgb_full__oracle_env_upper_bound,xgb_full,xgboost,full,oracle_env_upper_bound,low_sampling,95219,652,0.5003098121173295,0.5,58.46978006884456,0.0002800263464450836,1.0,1.0,1.0,1.0,1.0,0.9999999999999999,1.0,0.38341070572609026,0.0,0.34314843639963677
uwf,heldout_family,persistence,xgb_full__oracle_env_upper_bound,xgb_full,xgboost,full,oracle_env_upper_bound,congested_link,95219,652,0.5003098121173295,0.5,58.46978006884456,0.00027967244386672974,1.0,1.0,1.0,1.0,1.0,1.0,1.0,0.38341070572609026,0.0,0.34314843639963677
uwf,heldout_family,persistence,xgb_full__oracle_env_upper_bound,xgb_full,xgboost,full,oracle_env_upper_bound,high_background,95219,652,0.5003098121173295,0.5,58.46978006884456,0.00026302412152290344,1.0,1.0,1.0,1.0,1.0,1.0,1.0,0.38341070572609026,0.0,0.34314843639963677
uwf,heldout_family,persistence,xgb_full__oracle_env_upper_bound,xgb_full,xgboost,full,oracle_env_upper_bound,delayed_collector,95219,652,0.5003098121173295,0.5,58.46978006884456,0.00025949999690055847,1.0,1.0,1.0,1.0,1.0,1.0,1.0,0.38341070572609026,0.0,0.34314843639963677
uwf,heldout_family,persistence,lgbm_full,lgbm_full,lightgbm,full,native_default,observed,95219,652,0.5003098121173295,0.5,26.003999277949333,0.00026502832770347595,1.0,1.0,1.0,1.0,1.0,1.0,1.0,0.3780700271114441,0.03145708787737165,0.3556819980736293
uwf,heldout_family,persistence,lgbm_full,lgbm_full,lightgbm,full,native_default,low_sampling,95219,652,0.5003098121173295,0.5,26.003999277949333,0.00020612403750419617,1.0,0.9156441717791411,1.0,0.8312883435582822,0.9078726968174204,1.0,0.8312883435582822,0.3780700271114441,0.03145708787737165,0.3556819980736293
uwf,heldout_family,persistence,lgbm_full,lgbm_full,lightgbm,full,native_default,congested_link,95219,652,0.5003098121173295,0.5,26.003999277949333,0.0002530589699745178,1.0,0.995398773006135,0.9908814589665653,1.0,0.9954198473282443,1.0,1.00920245398773,0.3780700271114441,0.03145708787737165,0.3556819980736293
uwf,heldout_family,persistence,lgbm_full,lgbm_full,lightgbm,full,native_default,high_background,95219,652,0.5003098121173295,0.5,26.003999277949333,0.0002158433198928833,1.0,0.9892638036809815,0.978978978978979,1.0,0.9893778452200304,0.9967255071700102,1.021472392638037,0.3780700271114441,0.03145708787737165,0.3556819980736293
uwf,heldout_family,persistence,lgbm_full,lgbm_full,lightgbm,full,native_default,delayed_collector,95219,652,0.5003098121173295,0.5,26.003999277949333,0.00020063668489456177,1.0,1.0,1.0,1.0,1.0,1.0,1.0,0.3780700271114441,0.03145708787737165,0.3556819980736293
uwf,heldout_family,persistence,lgbm_full__val_observed_f1,lgbm_full,lightgbm,full,val_observed_f1,observed,95219,652,0.5003098121173295,0.5,26.003999277949333,0.00021949037909507751,1.0,1.0,1.0,1.0,1.0,1.0,1.0,0.3780700271114441,0.00505445554587048,0.3556819980736293
uwf,heldout_family,persistence,lgbm_full__val_observed_f1,lgbm_full,lightgbm,full,val_observed_f1,low_sampling,95219,652,0.5003098121173295,0.5,26.003999277949333,0.00014204531908035278,1.0,1.0,1.0,1.0,1.0,1.0,1.0,0.3780700271114441,0.00505445554587048,0.3556819980736293
uwf,heldout_family,persistence,lgbm_full__val_observed_f1,lgbm_full,lightgbm,full,val_observed_f1,congested_link,95219,652,0.5003098121173295,0.5,26.003999277949333,0.00012695416808128357,1.0,0.99079754601227,0.9819277108433735,1.0,0.9908814589665653,1.0,1.01840490797546,0.3780700271114441,0.00505445554587048,0.3556819980736293
uwf,heldout_family,persistence,lgbm_full__val_observed_f1,lgbm_full,lightgbm,full,val_observed_f1,high_background,95219,652,0.5003098121173295,0.5,26.003999277949333,0.0001460537314414978,1.0,0.9831288343558282,0.9673590504451038,1.0,0.9834087481146304,0.9967255071700102,1.0337423312883436,0.3780700271114441,0.00505445554587048,0.3556819980736293
uwf,heldout_family,persistence,lgbm_full__val_observed_f1,lgbm_full,lightgbm,full,val_observed_f1,delayed_collector,95219,652,0.5003098121173295,0.5,26.003999277949333,0.0001274608075618744,1.0,1.0,1.0,1.0,1.0,1.0,1.0,0.3780700271114441,0.00505445554587048,0.3556819980736293
uwf,heldout_family,persistence,lgbm_full__val_robust_minimax,lgbm_full,lightgbm,full,val_robust_minimax,observed,95219,652,0.5003098121173295,0.5,26.003999277949333,0.00014418363571166992,1.0,1.0,1.0,1.0,1.0,1.0,1.0,0.3780700271114441,0.00505445554587048,0.3556819980736293
uwf,heldout_family,persistence,lgbm_full__val_robust_minimax,lgbm_full,lightgbm,full,val_robust_minimax,low_sampling,95219,652,0.5003098121173295,0.5,26.003999277949333,0.0001453682780265808,1.0,1.0,1.0,1.0,1.0,1.0,1.0,0.3780700271114441,0.00505445554587048,0.3556819980736293
uwf,heldout_family,persistence,lgbm_full__val_robust_minimax,lgbm_full,lightgbm,full,val_robust_minimax,congested_link,95219,652,0.5003098121173295,0.5,26.003999277949333,0.00013132765889167786,1.0,0.99079754601227,0.9819277108433735,1.0,0.9908814589665653,1.0,1.01840490797546,0.3780700271114441,0.00505445554587048,0.3556819980736293
uwf,heldout_family,persistence,lgbm_full__val_robust_minimax,lgbm_full,lightgbm,full,val_robust_minimax,high_background,95219,652,0.5003098121173295,0.5,26.003999277949333,0.00015817582607269287,1.0,0.9831288343558282,0.9673590504451038,1.0,0.9834087481146304,0.9967255071700102,1.0337423312883436,0.3780700271114441,0.00505445554587048,0.3556819980736293
uwf,heldout_family,persistence,lgbm_full__val_robust_minimax,lgbm_full,lightgbm,full,val_robust_minimax,delayed_collector,95219,652,0.5003098121173295,0.5,26.003999277949333,0.00014060735702514648,1.0,1.0,1.0,1.0,1.0,1.0,1.0,0.3780700271114441,0.00505445554587048,0.3556819980736293
uwf,heldout_family,persistence,lgbm_full__oracle_env_upper_bound,lgbm_full,lightgbm,full,oracle_env_upper_bound,observed,95219,652,0.5003098121173295,0.5,26.003999277949333,0.00026060640811920166,1.0,1.0,1.0,1.0,1.0,1.0,1.0,0.3780700271114441,0.002975806003638448,0.3556819980736293
uwf,heldout_family,persistence,lgbm_full__oracle_env_upper_bound,lgbm_full,lightgbm,full,oracle_env_upper_bound,low_sampling,95219,652,0.5003098121173295,0.5,26.003999277949333,0.00020190700888633728,1.0,1.0,1.0,1.0,1.0,1.0,1.0,0.3780700271114441,0.002975806003638448,0.3556819980736293
uwf,heldout_family,persistence,lgbm_full__oracle_env_upper_bound,lgbm_full,lightgbm,full,oracle_env_upper_bound,congested_link,95219,652,0.5003098121173295,0.5,26.003999277949333,0.0002054162323474884,1.0,1.0,1.0,1.0,1.0,1.0,1.0,0.3780700271114441,0.002975806003638448,0.3556819980736293
uwf,heldout_family,persistence,lgbm_full__oracle_env_upper_bound,lgbm_full,lightgbm,full,oracle_env_upper_bound,high_background,95219,652,0.5003098121173295,0.5,26.003999277949333,0.00016548484563827515,1.0,0.99079754601227,0.9819277108433735,1.0,0.9908814589665653,0.9967255071700102,1.01840490797546,0.3780700271114441,0.002975806003638448,0.3556819980736293
uwf,heldout_family,persistence,lgbm_full__oracle_env_upper_bound,lgbm_full,lightgbm,full,oracle_env_upper_bound,delayed_collector,95219,652,0.5003098121173295,0.5,26.003999277949333,0.00018933787941932678,1.0,1.0,1.0,1.0,1.0,1.0,1.0,0.3780700271114441,0.002975806003638448,0.3556819980736293
uwf,heldout_family,persistence,cat_full,cat_full,catboost,full,native_default,observed,95219,652,0.5003098121173295,0.5,44.09622908011079,0.0002913922071456909,1.0,1.0,1.0,1.0,1.0,1.0,1.0,0.3784869905240395,0.0005627069305854581,0.3638919655034346
uwf,heldout_family,persistence,cat_full,cat_full,catboost,full,native_default,low_sampling,95219,652,0.5003098121173295,0.5,44.09622908011079,0.00023248419165611267,1.0,1.0,1.0,1.0,1.0,1.0,1.0,0.3784869905240395,0.0005627069305854581,0.3638919655034346
uwf,heldout_family,persistence,cat_full,cat_full,catboost,full,native_default,congested_link,95219,652,0.5003098121173295,0.5,44.09622908011079,0.00026344507932662964,1.0,0.9984662576687117,0.9969418960244648,1.0,0.998468606431853,1.0,1.0030674846625767,0.3784869905240395,0.0005627069305854581,0.3638919655034346
uwf,heldout_family,persistence,cat_full,cat_full,catboost,full,native_default,high_background,95219,652,0.5003098121173295,0.5,44.09622908011079,0.00020547211170196533,1.0,0.9984662576687117,0.9969418960244648,1.0,0.998468606431853,1.0,1.0030674846625767,0.3784869905240395,0.0005627069305854581,0.3638919655034346
uwf,heldout_family,persistence,cat_full,cat_full,catboost,full,native_default,delayed_collector,95219,652,0.5003098121173295,0.5,44.09622908011079,0.00022585317492485046,1.0,1.0,1.0,1.0,1.0,1.0,1.0,0.3784869905240395,0.0005627069305854581,0.3638919655034346
uwf,heldout_family,persistence,cat_full__val_observed_f1,cat_full,catboost,full,val_observed_f1,observed,95219,652,0.5003098121173295,0.5,44.09622908011079,0.00016665086150169373,1.0,1.0,1.0,1.0,1.0,1.0,1.0,0.3784869905240395,0.004736202235164379,0.3638919655034346
uwf,heldout_family,persistence,cat_full__val_observed_f1,cat_full,catboost,full,val_observed_f1,low_sampling,95219,652,0.5003098121173295,0.5,44.09622908011079,0.00012258067727088928,1.0,0.9877300613496932,0.9760479041916168,1.0,0.9878787878787879,1.0,1.0245398773006136,0.3784869905240395,0.004736202235164379,0.3638919655034346
uwf,heldout_family,persistence,cat_full__val_observed_f1,cat_full,catboost,full,val_observed_f1,congested_link,95219,652,0.5003098121173295,0.5,44.09622908011079,0.00012128055095672607,1.0,0.9861963190184049,0.9731343283582089,1.0,0.9863842662632375,1.0,1.0276073619631902,0.3784869905240395,0.004736202235164379,0.3638919655034346
uwf,heldout_family,persistence,cat_full__val_observed_f1,cat_full,catboost,full,val_observed_f1,high_background,95219,652,0.5003098121173295,0.5,44.09622908011079,0.0001394115388393402,1.0,0.9815950920245399,0.9644970414201184,1.0,0.9819277108433735,1.0,1.0368098159509203,0.3784869905240395,0.004736202235164379,0.3638919655034346
uwf,heldout_family,persistence,cat_full__val_observed_f1,cat_full,catboost,full,val_observed_f1,delayed_collector,95219,652,0.5003098121173295,0.5,44.09622908011079,0.0001276172697544098,1.0,1.0,1.0,1.0,1.0,1.0,1.0,0.3784869905240395,0.004736202235164379,0.3638919655034346
uwf,heldout_family,persistence,cat_full__val_robust_minimax,cat_full,catboost,full,val_robust_minimax,observed,95219,652,0.5003098121173295,0.5,44.09622908011079,0.00016463547945022583,1.0,1.0,1.0,1.0,1.0,1.0,1.0,0.3784869905240395,0.004736202235164379,0.3638919655034346
uwf,heldout_family,persistence,cat_full__val_robust_minimax,cat_full,catboost,full,val_robust_minimax,low_sampling,95219,652,0.5003098121173295,0.5,44.09622908011079,0.0001367032527923584,1.0,0.9877300613496932,0.9760479041916168,1.0,0.9878787878787879,1.0,1.0245398773006136,0.3784869905240395,0.004736202235164379,0.3638919655034346
uwf,heldout_family,persistence,cat_full__val_robust_minimax,cat_full,catboost,full,val_robust_minimax,congested_link,95219,652,0.5003098121173295,0.5,44.09622908011079,0.00014464184641838074,1.0,0.9861963190184049,0.9731343283582089,1.0,0.9863842662632375,1.0,1.0276073619631902,0.3784869905240395,0.004736202235164379,0.3638919655034346
uwf,heldout_family,persistence,cat_full__val_robust_minimax,cat_full,catboost,full,val_robust_minimax,high_background,95219,652,0.5003098121173295,0.5,44.09622908011079,0.0001377388834953308,1.0,0.9815950920245399,0.9644970414201184,1.0,0.9819277108433735,1.0,1.0368098159509203,0.3784869905240395,0.004736202235164379,0.3638919655034346
uwf,heldout_family,persistence,cat_full__val_robust_minimax,cat_full,catboost,full,val_robust_minimax,delayed_collector,95219,652,0.5003098121173295,0.5,44.09622908011079,0.0001326426863670349,1.0,1.0,1.0,1.0,1.0,1.0,1.0,0.3784869905240395,0.004736202235164379,0.3638919655034346
uwf,heldout_family,persistence,cat_full__oracle_env_upper_bound,cat_full,catboost,full,oracle_env_upper_bound,observed,95219,652,0.5003098121173295,0.5,44.09622908011079,0.00034275278449058533,1.0,1.0,1.0,1.0,1.0,1.0,1.0,0.3784869905240395,0.0,0.3638919655034346
uwf,heldout_family,persistence,cat_full__oracle_env_upper_bound,cat_full,catboost,full,oracle_env_upper_bound,low_sampling,95219,652,0.5003098121173295,0.5,44.09622908011079,0.00026144087314605713,1.0,1.0,1.0,1.0,1.0,1.0,1.0,0.3784869905240395,0.0,0.3638919655034346
uwf,heldout_family,persistence,cat_full__oracle_env_upper_bound,cat_full,catboost,full,oracle_env_upper_bound,congested_link,95219,652,0.5003098121173295,0.5,44.09622908011079,0.00020545721054077148,1.0,1.0,1.0,1.0,1.0,1.0,1.0,0.3784869905240395,0.0,0.3638919655034346
uwf,heldout_family,persistence,cat_full__oracle_env_upper_bound,cat_full,catboost,full,oracle_env_upper_bound,high_background,95219,652,0.5003098121173295,0.5,44.09622908011079,0.00023130327463150024,1.0,1.0,1.0,1.0,1.0,1.0,1.0,0.3784869905240395,0.0,0.3638919655034346
uwf,heldout_family,persistence,cat_full__oracle_env_upper_bound,cat_full,catboost,full,oracle_env_upper_bound,delayed_collector,95219,652,0.5003098121173295,0.5,44.09622908011079,0.00022978708148002625,1.0,1.0,1.0,1.0,1.0,1.0,1.0,0.3784869905240395,0.0,0.3638919655034346
uwf,heldout_family,persistence,iforest_env_sensitive,iforest_env_sensitive,sklearn_anomaly,env_sensitive,native_default,observed,95219,652,0.5003098121173295,0.5,3.929561212658882,0.0002694167196750641,1.0,0.8680981595092024,0.7912621359223301,1.0,0.8834688346883469,0.916622755843276,1.2638036809815951,0.6936779775481239,0.08441041516628023,0.40199229032097894
uwf,heldout_family,persistence,iforest_env_sensitive,iforest_env_sensitive,sklearn_anomaly,env_sensitive,native_default,low_sampling,95219,652,0.5003098121173295,0.5,3.929561212658882,0.00022810697555541992,1.0,0.6134969325153374,0.5646853146853147,0.99079754601227,0.7193763919821826,0.7449000715119124,1.7546012269938651,0.6936779775481239,0.08441041516628023,0.40199229032097894
uwf,heldout_family,persistence,iforest_env_sensitive,iforest_env_sensitive,sklearn_anomaly,env_sensitive,native_default,congested_link,95219,652,0.5003098121173295,0.5,3.929561212658882,0.00022210553288459778,1.0,0.7193251533742331,0.6404715127701375,1.0,0.7808383233532934,0.7790752380593925,1.5613496932515338,0.6936779775481239,0.08441041516628023,0.40199229032097894
uwf,heldout_family,persistence,iforest_env_sensitive,iforest_env_sensitive,sklearn_anomaly,env_sensitive,native_default,high_background,95219,652,0.5003098121173295,0.5,3.929561212658882,0.00020286068320274353,1.0,0.5061349693251533,0.5030864197530864,1.0,0.6694045174537988,0.7381346682223644,1.9877300613496933,0.6936779775481239,0.08441041516628023,0.40199229032097894
uwf,heldout_family,persistence,iforest_env_sensitive,iforest_env_sensitive,sklearn_anomaly,env_sensitive,native_default,delayed_collector,95219,652,0.5003098121173295,0.5,3.929561212658882,0.00019718706607818604,1.0,0.8021472392638037,0.7164835164835165,1.0,0.8348271446862996,0.9178648048477549,1.3957055214723926,0.6936779775481239,0.08441041516628023,0.40199229032097894
uwf,heldout_family,persistence,iforest_env_sensitive__val_observed_f1,iforest_env_sensitive,sklearn_anomaly,env_sensitive,val_observed_f1,observed,95219,652,0.5003098121173295,0.5,3.929561212658882,0.00029585137963294983,1.0,0.8726993865030674,0.7970660146699267,1.0,0.8870748299319728,0.916622755843276,1.2546012269938651,0.6936779775481239,0.21087531108575389,0.40199229032097894
uwf,heldout_family,persistence,iforest_env_sensitive__val_observed_f1,iforest_env_sensitive,sklearn_anomaly,env_sensitive,val_observed_f1,low_sampling,95219,652,0.5003098121173295,0.5,3.929561212658882,0.00014669820666313171,1.0,0.5874233128834356,0.9830508474576272,0.17791411042944785,0.3012987012987013,0.7449000715119124,0.18098159509202455,0.6936779775481239,0.21087531108575389,0.40199229032097894
uwf,heldout_family,persistence,iforest_env_sensitive__val_observed_f1,iforest_env_sensitive,sklearn_anomaly,env_sensitive,val_observed_f1,congested_link,95219,652,0.5003098121173295,0.5,3.929561212658882,0.00014214590191841125,1.0,0.6871165644171779,0.672316384180791,0.7300613496932515,0.7,0.7790752380593925,1.0858895705521472,0.6936779775481239,0.21087531108575389,0.40199229032097894
uwf,heldout_family,persistence,iforest_env_sensitive__val_observed_f1,iforest_env_sensitive,sklearn_anomaly,env_sensitive,val_observed_f1,high_background,95219,652,0.5003098121173295,0.5,3.929561212658882,0.00012360140681266785,1.0,0.6656441717791411,0.6018867924528302,0.9785276073619632,0.7453271028037384,0.7381346682223644,1.6257668711656441,0.6936779775481239,0.21087531108575389,0.40199229032097894
uwf,heldout_family,persistence,iforest_env_sensitive__val_observed_f1,iforest_env_sensitive,sklearn_anomaly,env_sensitive,val_observed_f1,delayed_collector,95219,652,0.5003098121173295,0.5,3.929561212658882,0.0001226961612701416,1.0,0.8742331288343558,0.7990196078431373,1.0,0.888283378746594,0.9178648048477549,1.2515337423312884,0.6936779775481239,0.21087531108575389,0.40199229032097894
uwf,heldout_family,persistence,iforest_env_sensitive__val_robust_minimax,iforest_env_sensitive,sklearn_anomaly,env_sensitive,val_robust_minimax,observed,95219,652,0.5003098121173295,0.5,3.929561212658882,0.0001367516815662384,1.0,0.5322085889570553,0.5166402535657686,1.0,0.6812957157784744,0.916622755843276,1.9355828220858895,0.6936779775481239,0.010250441807715989,0.40199229032097894
uwf,heldout_family,persistence,iforest_env_sensitive__val_robust_minimax,iforest_env_sensitive,sklearn_anomaly,env_sensitive,val_robust_minimax,low_sampling,95219,652,0.5003098121173295,0.5,3.929561212658882,0.0001282915472984314,1.0,0.5107361963190185,0.5054263565891473,1.0,0.6714727085478888,0.7449000715119124,1.978527607361963,0.6936779775481239,0.010250441807715989,0.40199229032097894
uwf,heldout_family,persistence,iforest_env_sensitive__val_robust_minimax,iforest_env_sensitive,sklearn_anomaly,env_sensitive,val_robust_minimax,congested_link,95219,652,0.5003098121173295,0.5,3.929561212658882,0.00013365596532821655,1.0,0.5030674846625767,0.5015384615384615,1.0,0.6680327868852459,0.7790752380593925,1.9938650306748467,0.6936779775481239,0.010250441807715989,0.40199229032097894
uwf,heldout_family,persistence,iforest_env_sensitive__val_robust_minimax,iforest_env_sensitive,sklearn_anomaly,env_sensitive,val_robust_minimax,high_background,95219,652,0.5003098121173295,0.5,3.929561212658882,0.00016013532876968384,1.0,0.5015337423312883,0.500768049155146,1.0,0.6673490276356192,0.7381346682223644,1.9969325153374233,0.6936779775481239,0.010250441807715989,0.40199229032097894
uwf,heldout_family,persistence,iforest_env_sensitive__val_robust_minimax,iforest_env_sensitive,sklearn_anomaly,env_sensitive,val_robust_minimax,delayed_collector,95219,652,0.5003098121173295,0.5,3.929561212658882,0.00020346790552139282,1.0,0.5521472392638037,0.5275080906148867,1.0,0.690677966101695,0.9178648048477549,1.8957055214723926,0.6936779775481239,0.010250441807715989,0.40199229032097894
uwf,heldout_family,persistence,iforest_env_sensitive__oracle_env_upper_bound,iforest_env_sensitive,sklearn_anomaly,env_sensitive,oracle_env_upper_bound,observed,95219,652,0.5003098121173295,0.5,3.929561212658882,0.0003397315740585327,1.0,0.9248466257668712,0.8693333333333333,1.0,0.9300998573466477,0.916622755843276,1.1503067484662577,0.6936779775481239,0.06524561971444162,0.40199229032097894
uwf,heldout_family,persistence,iforest_env_sensitive__oracle_env_upper_bound,iforest_env_sensitive,sklearn_anomaly,env_sensitive,oracle_env_upper_bound,low_sampling,95219,652,0.5003098121173295,0.5,3.929561212658882,0.00019269436597824097,1.0,0.6365030674846626,0.5798922800718133,0.99079754601227,0.7315968289920725,0.7449000715119124,1.7085889570552146,0.6936779775481239,0.06524561971444162,0.40199229032097894
uwf,heldout_family,persistence,iforest_env_sensitive__oracle_env_upper_bound,iforest_env_sensitive,sklearn_anomaly,env_sensitive,oracle_env_upper_bound,congested_link,95219,652,0.5003098121173295,0.5,3.929561212658882,0.00020205974578857422,1.0,0.7622699386503068,0.6792452830188679,0.9938650306748467,0.8069738480697385,0.7790752380593925,1.4631901840490797,0.6936779775481239,0.06524561971444162,0.40199229032097894
uwf,heldout_family,persistence,iforest_env_sensitive__oracle_env_upper_bound,iforest_env_sensitive,sklearn_anomaly,env_sensitive,oracle_env_upper_bound,high_background,95219,652,0.5003098121173295,0.5,3.929561212658882,0.00016677752137184143,1.0,0.6641104294478528,0.5996275605214153,0.9877300613496932,0.746234067207416,0.7381346682223644,1.647239263803681,0.6936779775481239,0.06524561971444162,0.40199229032097894
uwf,heldout_family,persistence,iforest_env_sensitive__oracle_env_upper_bound,iforest_env_sensitive,sklearn_anomaly,env_sensitive,oracle_env_upper_bound,delayed_collector,95219,652,0.5003098121173295,0.5,3.929561212658882,0.00017363950610160828,1.0,0.9233128834355828,0.8670212765957447,1.0,0.9287749287749287,0.9178648048477549,1.1533742331288344,0.6936779775481239,0.06524561971444162,0.40199229032097894
uwf,heldout_family,persistence,pyod_ecod_env_sensitive,pyod_ecod_env_sensitive,pyod_ecod,env_sensitive,native_default,observed,95219,652,0.5003098121173295,0.5,7.196219943463802,0.000690210610628128,1.0,0.5736196319018405,0.7448979591836735,0.22392638036809817,0.3443396226415094,0.8516974669727879,0.3006134969325153,0.5748255589004776,0.30908578589306157,0.3062539868109617
uwf,heldout_family,persistence,pyod_ecod_env_sensitive,pyod_ecod_env_sensitive,pyod_ecod,env_sensitive,native_default,low_sampling,95219,652,0.5003098121173295,0.5,7.196219943463802,0.00026189908385276794,1.0,0.5,0.5,1.0,0.6666666666666666,0.39665587715006206,2.0,0.5748255589004776,0.30908578589306157,0.3062539868109617
uwf,heldout_family,persistence,pyod_ecod_env_sensitive,pyod_ecod_env_sensitive,pyod_ecod,env_sensitive,native_default,congested_link,95219,652,0.5003098121173295,0.5,7.196219943463802,0.0002467148005962372,1.0,0.5552147239263804,0.5447761194029851,0.6717791411042945,0.6016483516483516,0.6319582972637283,1.2331288343558282,0.5748255589004776,0.30908578589306157,0.3062539868109617
uwf,heldout_family,persistence,pyod_ecod_env_sensitive,pyod_ecod_env_sensitive,pyod_ecod,env_sensitive,native_default,high_background,95219,652,0.5003098121173295,0.5,7.196219943463802,0.00023792684078216553,1.0,0.5260736196319018,0.513911620294599,0.9631901840490797,0.6702241195304163,0.6301610899920961,1.8742331288343559,0.5748255589004776,0.30908578589306157,0.3062539868109617
uwf,heldout_family,persistence,pyod_ecod_env_sensitive,pyod_ecod_env_sensitive,pyod_ecod,env_sensitive,native_default,delayed_collector,95219,652,0.5003098121173295,0.5,7.196219943463802,0.0002662576735019684,1.0,0.5736196319018405,0.6558441558441559,0.3098159509202454,0.42083333333333334,0.7952218751176183,0.4723926380368098,0.5748255589004776,0.30908578589306157,0.3062539868109617
uwf,heldout_family,persistence,pyod_ecod_env_sensitive__val_observed_f1,pyod_ecod_env_sensitive,pyod_ecod,env_sensitive,val_observed_f1,observed,95219,652,0.5003098121173295,0.5,7.196219943463802,0.0002633519470691681,1.0,0.8006134969325154,0.7149122807017544,1.0,0.8337595907928389,0.8516974669727879,1.3987730061349692,0.5748255589004776,0.08774204861045232,0.3062539868109617
uwf,heldout_family,persistence,pyod_ecod_env_sensitive__val_observed_f1,pyod_ecod_env_sensitive,pyod_ecod,env_sensitive,val_observed_f1,low_sampling,95219,652,0.5003098121173295,0.5,7.196219943463802,0.00016010180115699768,1.0,0.5015337423312883,0.500805152979066,0.9539877300613497,0.6568109820485745,0.39665587715006206,1.9049079754601228,0.5748255589004776,0.08774204861045232,0.3062539868109617
uwf,heldout_family,persistence,pyod_ecod_env_sensitive__val_observed_f1,pyod_ecod_env_sensitive,pyod_ecod,env_sensitive,val_observed_f1,congested_link,95219,652,0.5003098121173295,0.5,7.196219943463802,0.00014936178922653198,1.0,0.5797546012269938,0.5474452554744526,0.9202453987730062,0.6864988558352403,0.6319582972637283,1.6809815950920246,0.5748255589004776,0.08774204861045232,0.3062539868109617
uwf,heldout_family,persistence,pyod_ecod_env_sensitive__val_observed_f1,pyod_ecod_env_sensitive,pyod_ecod,env_sensitive,val_observed_f1,high_background,95219,652,0.5003098121173295,0.5,7.196219943463802,0.00014526769518852234,1.0,0.5260736196319018,0.5136,0.9846625766871165,0.6750788643533123,0.6301610899920961,1.9171779141104295,0.5748255589004776,0.08774204861045232,0.3062539868109617
uwf,heldout_family,persistence,pyod_ecod_env_sensitive__val_observed_f1,pyod_ecod_env_sensitive,pyod_ecod,env_sensitive,val_observed_f1,delayed_collector,95219,652,0.5003098121173295,0.5,7.196219943463802,0.00014281272888183594,1.0,0.8067484662576687,0.7212389380530974,1.0,0.8380462724935732,0.7952218751176183,1.3865030674846626,0.5748255589004776,0.08774204861045232,0.3062539868109617
uwf,heldout_family,persistence,pyod_ecod_env_sensitive__val_robust_minimax,pyod_ecod_env_sensitive,pyod_ecod,env_sensitive,val_robust_minimax,observed,95219,652,0.5003098121173295,0.5,7.196219943463802,0.00017942115664482117,1.0,0.5260736196319018,0.5133858267716536,1.0,0.6784599375650364,0.8516974669727879,1.9478527607361964,0.5748255589004776,0.007893249977839797,0.3062539868109617
uwf,heldout_family,persistence,pyod_ecod_env_sensitive__val_robust_minimax,pyod_ecod_env_sensitive,pyod_ecod,env_sensitive,val_robust_minimax,low_sampling,95219,652,0.5003098121173295,0.5,7.196219943463802,0.00013834238052368164,1.0,0.49693251533742333,0.49846153846153846,0.9938650306748467,0.6639344262295082,0.39665587715006206,1.9938650306748467,0.5748255589004776,0.007893249977839797,0.3062539868109617
uwf,heldout_family,persistence,pyod_ecod_env_sensitive__val_robust_minimax,pyod_ecod_env_sensitive,pyod_ecod,env_sensitive,val_robust_minimax,congested_link,95219,652,0.5003098121173295,0.5,7.196219943463802,0.0001643635332584381,1.0,0.5015337423312883,0.500768049155146,1.0,0.6673490276356192,0.6319582972637283,1.9969325153374233,0.5748255589004776,0.007893249977839797,0.3062539868109617
uwf,heldout_family,persistence,pyod_ecod_env_sensitive__val_robust_minimax,pyod_ecod_env_sensitive,pyod_ecod,env_sensitive,val_robust_minimax,high_background,95219,652,0.5003098121173295,0.5,7.196219943463802,0.00013760849833488464,1.0,0.5015337423312883,0.500768049155146,1.0,0.6673490276356192,0.6301610899920961,1.9969325153374233,0.5748255589004776,0.007893249977839797,0.3062539868109617
uwf,heldout_family,persistence,pyod_ecod_env_sensitive__val_robust_minimax,pyod_ecod_env_sensitive,pyod_ecod,env_sensitive,val_robust_minimax,delayed_collector,95219,652,0.5003098121173295,0.5,7.196219943463802,0.00013729184865951538,1.0,0.5199386503067485,0.5101721439749609,1.0,0.6756476683937824,0.7952218751176183,1.960122699386503,0.5748255589004776,0.007893249977839797,0.3062539868109617
uwf,heldout_family,persistence,pyod_ecod_env_sensitive__oracle_env_upper_bound,pyod_ecod_env_sensitive,pyod_ecod,env_sensitive,oracle_env_upper_bound,observed,95219,652,0.5003098121173295,0.5,7.196219943463802,0.00029320642352104187,1.0,0.8358895705521472,0.7528868360277137,1.0,0.8590250329380764,0.8516974669727879,1.3282208588957056,0.5748255589004776,0.11220863615337008,0.3062539868109617
uwf,heldout_family,persistence,pyod_ecod_env_sensitive__oracle_env_upper_bound,pyod_ecod_env_sensitive,pyod_ecod,env_sensitive,oracle_env_upper_bound,low_sampling,95219,652,0.5003098121173295,0.5,7.196219943463802,0.00023534893989562988,1.0,0.49693251533742333,0.49846153846153846,0.9938650306748467,0.6639344262295082,0.39665587715006206,1.9938650306748467,0.5748255589004776,0.11220863615337008,0.3062539868109617
uwf,heldout_family,persistence,pyod_ecod_env_sensitive__oracle_env_upper_bound,pyod_ecod_env_sensitive,pyod_ecod,env_sensitive,oracle_env_upper_bound,congested_link,95219,652,0.5003098121173295,0.5,7.196219943463802,0.00023683160543441772,1.0,0.5674846625766872,0.5365448504983389,0.99079754601227,0.6961206896551724,0.6319582972637283,1.8466257668711656,0.5748255589004776,0.11220863615337008,0.3062539868109617
uwf,heldout_family,persistence,pyod_ecod_env_sensitive__oracle_env_upper_bound,pyod_ecod_env_sensitive,pyod_ecod,env_sensitive,oracle_env_upper_bound,high_background,95219,652,0.5003098121173295,0.5,7.196219943463802,0.00019647181034088135,1.0,0.5245398773006135,0.5126984126984127,0.99079754601227,0.6757322175732218,0.6301610899920961,1.9325153374233128,0.5748255589004776,0.11220863615337008,0.3062539868109617
uwf,heldout_family,persistence,pyod_ecod_env_sensitive__oracle_env_upper_bound,pyod_ecod_env_sensitive,pyod_ecod,env_sensitive,oracle_env_upper_bound,delayed_collector,95219,652,0.5003098121173295,0.5,7.196219943463802,0.00019202753901481628,1.0,0.8067484662576687,0.7212389380530974,1.0,0.8380462724935732,0.7952218751176183,1.3865030674846626,0.5748255589004776,0.11220863615337008,0.3062539868109617
uwf,heldout_family,persistence,pyod_copod_env_sensitive,pyod_copod_env_sensitive,pyod_copod,env_sensitive,native_default,observed,95219,652,0.5003098121173295,0.5,6.197230454534292,0.0003468841314315796,1.0,0.5644171779141104,0.7282608695652174,0.20552147239263804,0.32057416267942584,0.8016579472317362,0.2822085889570552,0.713957114134187,0.26055816655573283,0.44975765667699436
uwf,heldout_family,persistence,pyod_copod_env_sensitive,pyod_copod_env_sensitive,pyod_copod,env_sensitive,native_default,low_sampling,95219,652,0.5003098121173295,0.5,6.197230454534292,0.05264328792691231,1.0,0.4493865030674847,0.47198641765704585,0.852760736196319,0.6076502732240437,0.4063288042455493,1.8067484662576687,0.713957114134187,0.26055816655573283,0.44975765667699436
uwf,heldout_family,persistence,pyod_copod_env_sensitive,pyod_copod_env_sensitive,pyod_copod,env_sensitive,native_default,congested_link,95219,652,0.5003098121173295,0.5,6.197230454534292,0.0002528093755245209,1.0,0.5843558282208589,0.5985663082437276,0.5122699386503068,0.5520661157024793,0.6478602883059204,0.8558282208588958,0.713957114134187,0.26055816655573283,0.44975765667699436
uwf,heldout_family,persistence,pyod_copod_env_sensitive,pyod_copod_env_sensitive,pyod_copod,env_sensitive,native_default,high_background,95219,652,0.5003098121173295,0.5,6.197230454534292,0.000252407044172287,1.0,0.5276073619631901,0.5149501661129569,0.950920245398773,0.6681034482758621,0.5581034288080093,1.8466257668711656,0.713957114134187,0.26055816655573283,0.44975765667699436
uwf,heldout_family,persistence,pyod_copod_env_sensitive,pyod_copod_env_sensitive,pyod_copod,env_sensitive,native_default,delayed_collector,95219,652,0.5003098121173295,0.5,6.197230454534292,0.00023366138339042664,1.0,0.47699386503067487,0.4482758620689655,0.19938650306748465,0.2760084925690021,0.6565640407994279,0.4447852760736196,0.713957114134187,0.26055816655573283,0.44975765667699436
uwf,heldout_family,persistence,pyod_copod_env_sensitive__val_observed_f1,pyod_copod_env_sensitive,pyod_copod,env_sensitive,val_observed_f1,observed,95219,652,0.5003098121173295,0.5,6.197230454534292,0.0002483837306499481,1.0,0.7822085889570553,0.6965811965811965,1.0,0.8211586901763224,0.8016579472317362,1.4355828220858895,0.713957114134187,0.18254152846909563,0.44975765667699436
uwf,heldout_family,persistence,pyod_copod_env_sensitive__val_observed_f1,pyod_copod_env_sensitive,pyod_copod,env_sensitive,val_observed_f1,low_sampling,95219,652,0.5003098121173295,0.5,6.197230454534292,0.00016774237155914307,1.0,0.455521472392638,0.42162162162162165,0.2392638036809816,0.30528375733855184,0.4063288042455493,0.5674846625766872,0.713957114134187,0.18254152846909563,0.44975765667699436
uwf,heldout_family,persistence,pyod_copod_env_sensitive__val_observed_f1,pyod_copod_env_sensitive,pyod_copod,env_sensitive,val_observed_f1,congested_link,95219,652,0.5003098121173295,0.5,6.197230454534292,0.000146474689245224,1.0,0.5766871165644172,0.5466417910447762,0.8987730061349694,0.679814385150812,0.6478602883059204,1.6441717791411044,0.713957114134187,0.18254152846909563,0.44975765667699436
uwf,heldout_family,persistence,pyod_copod_env_sensitive__val_observed_f1,pyod_copod_env_sensitive,pyod_copod,env_sensitive,val_observed_f1,high_background,95219,652,0.5003098121173295,0.5,6.197230454534292,0.00015214458107948303,1.0,0.5230061349693251,0.5118110236220472,0.9969325153374233,0.676378772112383,0.5581034288080093,1.9478527607361964,0.713957114134187,0.18254152846909563,0.44975765667699436
uwf,heldout_family,persistence,pyod_copod_env_sensitive__val_observed_f1,pyod_copod_env_sensitive,pyod_copod,env_sensitive,val_observed_f1,delayed_collector,95219,652,0.5003098121173295,0.5,6.197230454534292,0.00014663487672805786,1.0,0.6334355828220859,0.6135770234986945,0.7208588957055214,0.6629055007052186,0.6565640407994279,1.1748466257668713,0.713957114134187,0.18254152846909563,0.44975765667699436
uwf,heldout_family,persistence,pyod_copod_env_sensitive__val_robust_minimax,pyod_copod_env_sensitive,pyod_copod,env_sensitive,val_robust_minimax,observed,95219,652,0.5003098121173295,0.5,6.197230454534292,0.00014496967196464539,1.0,0.5306748466257669,0.5158227848101266,1.0,0.6805845511482255,0.8016579472317362,1.9386503067484662,0.713957114134187,0.006945491390325764,0.44975765667699436
uwf,heldout_family,persistence,pyod_copod_env_sensitive__val_robust_minimax,pyod_copod_env_sensitive,pyod_copod,env_sensitive,val_robust_minimax,low_sampling,95219,652,0.5003098121173295,0.5,6.197230454534292,0.00012741237878799438,1.0,0.49846625766871167,0.49922958397534667,0.9938650306748467,0.6646153846153846,0.4063288042455493,1.99079754601227,0.713957114134187,0.006945491390325764,0.44975765667699436
uwf,heldout_family,persistence,pyod_copod_env_sensitive__val_robust_minimax,pyod_copod_env_sensitive,pyod_copod,env_sensitive,val_robust_minimax,congested_link,95219,652,0.5003098121173295,0.5,6.197230454534292,0.0001256801187992096,1.0,0.5030674846625767,0.5015384615384615,1.0,0.6680327868852459,0.6478602883059204,1.9938650306748467,0.713957114134187,0.006945491390325764,0.44975765667699436
uwf,heldout_family,persistence,pyod_copod_env_sensitive__val_robust_minimax,pyod_copod_env_sensitive,pyod_copod,env_sensitive,val_robust_minimax,high_background,95219,652,0.5003098121173295,0.5,6.197230454534292,0.0001247599720954895,1.0,0.5030674846625767,0.5015384615384615,1.0,0.6680327868852459,0.5581034288080093,1.9938650306748467,0.713957114134187,0.006945491390325764,0.44975765667699436
uwf,heldout_family,persistence,pyod_copod_env_sensitive__val_robust_minimax,pyod_copod_env_sensitive,pyod_copod,env_sensitive,val_robust_minimax,delayed_collector,95219,652,0.5003098121173295,0.5,6.197230454534292,0.00014961883425712585,1.0,0.5199386503067485,0.5101721439749609,1.0,0.6756476683937824,0.6565640407994279,1.960122699386503,0.713957114134187,0.006945491390325764,0.44975765667699436
uwf,heldout_family,persistence,pyod_copod_env_sensitive__oracle_env_upper_bound,pyod_copod_env_sensitive,pyod_copod,env_sensitive,oracle_env_upper_bound,observed,95219,652,0.5003098121173295,0.5,6.197230454534292,0.00032984837889671326,1.0,0.8343558282208589,0.7546728971962616,0.99079754601227,0.8567639257294429,0.8016579472317362,1.312883435582822,0.713957114134187,0.10500273977724858,0.44975765667699436
uwf,heldout_family,persistence,pyod_copod_env_sensitive__oracle_env_upper_bound,pyod_copod_env_sensitive,pyod_copod,env_sensitive,oracle_env_upper_bound,low_sampling,95219,652,0.5003098121173295,0.5,6.197230454534292,0.0002091825008392334,1.0,0.49846625766871167,0.49922958397534667,0.9938650306748467,0.6646153846153846,0.4063288042455493,1.99079754601227,0.713957114134187,0.10500273977724858,0.44975765667699436
uwf,heldout_family,persistence,pyod_copod_env_sensitive__oracle_env_upper_bound,pyod_copod_env_sensitive,pyod_copod,env_sensitive,oracle_env_upper_bound,congested_link,95219,652,0.5003098121173295,0.5,6.197230454534292,0.00019123777747154236,1.0,0.5460122699386503,0.5241935483870968,0.9969325153374233,0.6871035940803383,0.6478602883059204,1.901840490797546,0.713957114134187,0.10500273977724858,0.44975765667699436
uwf,heldout_family,persistence,pyod_copod_env_sensitive__oracle_env_upper_bound,pyod_copod_env_sensitive,pyod_copod,env_sensitive,oracle_env_upper_bound,high_background,95219,652,0.5003098121173295,0.5,6.197230454534292,0.00018956512212753296,1.0,0.5230061349693251,0.5118110236220472,0.9969325153374233,0.676378772112383,0.5581034288080093,1.9478527607361964,0.713957114134187,0.10500273977724858,0.44975765667699436
uwf,heldout_family,persistence,pyod_copod_env_sensitive__oracle_env_upper_bound,pyod_copod_env_sensitive,pyod_copod,env_sensitive,oracle_env_upper_bound,delayed_collector,95219,652,0.5003098121173295,0.5,6.197230454534292,0.0001609325408935547,1.0,0.7469325153374233,0.6666666666666666,0.9877300613496932,0.796044499381953,0.6565640407994279,1.48159509202454,0.713957114134187,0.10500273977724858,0.44975765667699436
uwf,heldout_family,privilege_escalation,lr_full,lr_full,sklearn_linear,full,native_default,observed,95219,652,0.5003098121173295,0.5,67.49143852293491,0.00033900514245033264,1.0,0.9984662576687117,0.9969418960244648,1.0,0.998468606431853,1.0,1.0030674846625767,0.4787567011190424,0.02950338318748022,0.5061333413924318
uwf,heldout_family,privilege_escalation,lr_full,lr_full,sklearn_linear,full,native_default,low_sampling,95219,652,0.5003098121173295,0.5,67.49143852293491,0.0003158673644065857,1.0,0.906441717791411,0.9962546816479401,0.8159509202453987,0.897133220910624,0.9873536828634876,0.8190184049079755,0.4787567011190424,0.02950338318748022,0.5061333413924318
uwf,heldout_family,privilege_escalation,lr_full,lr_full,sklearn_linear,full,native_default,congested_link,95219,652,0.5003098121173295,0.5,67.49143852293491,0.00026229023933410645,1.0,0.99079754601227,0.9938271604938271,0.9877300613496932,0.9907692307692307,0.9981086981068162,0.9938650306748467,0.4787567011190424,0.02950338318748022,0.5061333413924318
uwf,heldout_family,privilege_escalation,lr_full,lr_full,sklearn_linear,full,native_default,high_background,95219,652,0.5003098121173295,0.5,67.49143852293491,0.000317990779876709,1.0,0.99079754601227,0.9819277108433735,1.0,0.9908814589665653,0.9947118822688095,1.01840490797546,0.4787567011190424,0.02950338318748022,0.5061333413924318
uwf,heldout_family,privilege_escalation,lr_full,lr_full,sklearn_linear,full,native_default,delayed_collector,95219,652,0.5003098121173295,0.5,67.49143852293491,0.0002599582076072693,1.0,0.9984662576687117,0.9969418960244648,1.0,0.998468606431853,1.0,1.0030674846625767,0.4787567011190424,0.02950338318748022,0.5061333413924318
uwf,heldout_family,privilege_escalation,lr_full__val_observed_f1,lr_full,sklearn_linear,full,val_observed_f1,observed,95219,652,0.5003098121173295,0.5,67.49143852293491,0.0002616867423057556,1.0,0.9616564417177914,0.9287749287749287,1.0,0.9630723781388478,1.0,1.0766871165644172,0.4787567011190424,0.024219691980112774,0.5061333413924318
uwf,heldout_family,privilege_escalation,lr_full__val_observed_f1,lr_full,sklearn_linear,full,val_observed_f1,low_sampling,95219,652,0.5003098121173295,0.5,67.49143852293491,0.00015374645590782166,1.0,0.8895705521472392,0.9177631578947368,0.8558282208588958,0.8857142857142857,0.9873536828634876,0.9325153374233128,0.4787567011190424,0.024219691980112774,0.5061333413924318
uwf,heldout_family,privilege_escalation,lr_full__val_observed_f1,lr_full,sklearn_linear,full,val_observed_f1,congested_link,95219,652,0.5003098121173295,0.5,67.49143852293491,0.00014271214604377747,1.0,0.9800613496932515,0.9643916913946587,0.9969325153374233,0.9803921568627451,0.9981086981068162,1.0337423312883436,0.4787567011190424,0.024219691980112774,0.5061333413924318
uwf,heldout_family,privilege_escalation,lr_full__val_observed_f1,lr_full,sklearn_linear,full,val_observed_f1,high_background,95219,652,0.5003098121173295,0.5,67.49143852293491,0.00014442577958106995,1.0,0.9616564417177914,0.9287749287749287,1.0,0.9630723781388478,0.9947118822688095,1.0766871165644172,0.4787567011190424,0.024219691980112774,0.5061333413924318
uwf,heldout_family,privilege_escalation,lr_full__val_observed_f1,lr_full,sklearn_linear,full,val_observed_f1,delayed_collector,95219,652,0.5003098121173295,0.5,67.49143852293491,0.0001468956470489502,1.0,0.9616564417177914,0.9287749287749287,1.0,0.9630723781388478,1.0,1.0766871165644172,0.4787567011190424,0.024219691980112774,0.5061333413924318
uwf,heldout_family,privilege_escalation,lr_full__val_robust_minimax,lr_full,sklearn_linear,full,val_robust_minimax,observed,95219,652,0.5003098121173295,0.5,67.49143852293491,0.0001569315791130066,1.0,0.9616564417177914,0.9287749287749287,1.0,0.9630723781388478,1.0,1.0766871165644172,0.4787567011190424,0.024219691980112774,0.5061333413924318
uwf,heldout_family,privilege_escalation,lr_full__val_robust_minimax,lr_full,sklearn_linear,full,val_robust_minimax,low_sampling,95219,652,0.5003098121173295,0.5,67.49143852293491,0.00014363229274749756,1.0,0.8895705521472392,0.9177631578947368,0.8558282208588958,0.8857142857142857,0.9873536828634876,0.9325153374233128,0.4787567011190424,0.024219691980112774,0.5061333413924318
uwf,heldout_family,privilege_escalation,lr_full__val_robust_minimax,lr_full,sklearn_linear,full,val_robust_minimax,congested_link,95219,652,0.5003098121173295,0.5,67.49143852293491,0.00014378875494003296,1.0,0.9800613496932515,0.9643916913946587,0.9969325153374233,0.9803921568627451,0.9981086981068162,1.0337423312883436,0.4787567011190424,0.024219691980112774,0.5061333413924318
uwf,heldout_family,privilege_escalation,lr_full__val_robust_minimax,lr_full,sklearn_linear,full,val_robust_minimax,high_background,95219,652,0.5003098121173295,0.5,67.49143852293491,0.0002601034939289093,1.0,0.9616564417177914,0.9287749287749287,1.0,0.9630723781388478,0.9947118822688095,1.0766871165644172,0.4787567011190424,0.024219691980112774,0.5061333413924318
uwf,heldout_family,privilege_escalation,lr_full__val_robust_minimax,lr_full,sklearn_linear,full,val_robust_minimax,delayed_collector,95219,652,0.5003098121173295,0.5,67.49143852293491,0.00017644092440605164,1.0,0.9616564417177914,0.9287749287749287,1.0,0.9630723781388478,1.0,1.0766871165644172,0.4787567011190424,0.024219691980112774,0.5061333413924318
uwf,heldout_family,privilege_escalation,lr_full__oracle_env_upper_bound,lr_full,sklearn_linear,full,oracle_env_upper_bound,observed,95219,652,0.5003098121173295,0.5,67.49143852293491,0.0003079921007156372,1.0,1.0,1.0,1.0,1.0,1.0,1.0,0.4787567011190424,0.031331139249688354,0.5061333413924318
uwf,heldout_family,privilege_escalation,lr_full__oracle_env_upper_bound,lr_full,sklearn_linear,full,oracle_env_upper_bound,low_sampling,95219,652,0.5003098121173295,0.5,67.49143852293491,0.00020312517881393433,1.0,0.9079754601226994,0.996268656716418,0.8190184049079755,0.898989898989899,0.9873536828634876,0.8220858895705522,0.4787567011190424,0.031331139249688354,0.5061333413924318
uwf,heldout_family,privilege_escalation,lr_full__oracle_env_upper_bound,lr_full,sklearn_linear,full,oracle_env_upper_bound,congested_link,95219,652,0.5003098121173295,0.5,67.49143852293491,0.0002283826470375061,1.0,0.9938650306748467,0.9908536585365854,0.9969325153374233,0.9938837920489296,0.9981086981068162,1.0061349693251533,0.4787567011190424,0.031331139249688354,0.5061333413924318
uwf,heldout_family,privilege_escalation,lr_full__oracle_env_upper_bound,lr_full,sklearn_linear,full,oracle_env_upper_bound,high_background,95219,652,0.5003098121173295,0.5,67.49143852293491,0.00019098445773124695,1.0,0.9923312883435583,0.9848942598187311,1.0,0.9923896499238964,0.9947118822688095,1.0153374233128833,0.4787567011190424,0.031331139249688354,0.5061333413924318
uwf,heldout_family,privilege_escalation,lr_full__oracle_env_upper_bound,lr_full,sklearn_linear,full,oracle_env_upper_bound,delayed_collector,95219,652,0.5003098121173295,0.5,67.49143852293491,0.0001874193549156189,1.0,1.0,1.0,1.0,1.0,1.0,1.0,0.4787567011190424,0.031331139249688354,0.5061333413924318
uwf,heldout_family,privilege_escalation,rf_full,rf_full,sklearn_tree,full,native_default,observed,95219,652,0.5003098121173295,0.5,40.83287127315998,0.0002727434039115906,1.0,0.9984662576687117,0.9969418960244648,1.0,0.998468606431853,1.0,1.0030674846625767,0.6670793472805085,0.15995523857462302,0.6772746196584354
uwf,heldout_family,privilege_escalation,rf_full,rf_full,sklearn_tree,full,native_default,low_sampling,95219,652,0.5003098121173295,0.5,40.83287127315998,0.0002536959946155548,1.0,0.598159509202454,1.0,0.19631901840490798,0.3282051282051282,0.9978734615529377,0.19631901840490798,0.6670793472805085,0.15995523857462302,0.6772746196584354
uwf,heldout_family,privilege_escalation,rf_full,rf_full,sklearn_tree,full,native_default,congested_link,95219,652,0.5003098121173295,0.5,40.83287127315998,0.0002808421850204468,1.0,0.9693251533742331,0.9872611464968153,0.950920245398773,0.96875,0.997769957469231,0.9631901840490797,0.6670793472805085,0.15995523857462302,0.6772746196584354
uwf,heldout_family,privilege_escalation,rf_full,rf_full,sklearn_tree,full,native_default,high_background,95219,652,0.5003098121173295,0.5,40.83287127315998,0.00023319199681282043,1.0,0.9800613496932515,0.9671641791044776,0.9938650306748467,0.9803328290468987,0.99277353306485,1.0276073619631902,0.6670793472805085,0.15995523857462302,0.6772746196584354
uwf,heldout_family,privilege_escalation,rf_full,rf_full,sklearn_tree,full,native_default,delayed_collector,95219,652,0.5003098121173295,0.5,40.83287127315998,0.00023398548364639282,1.0,0.9984662576687117,0.9969418960244648,1.0,0.998468606431853,1.0,1.0030674846625767,0.6670793472805085,0.15995523857462302,0.6772746196584354
uwf,heldout_family,privilege_escalation,rf_full__val_observed_f1,rf_full,sklearn_tree,full,val_observed_f1,observed,95219,652,0.5003098121173295,0.5,40.83287127315998,0.00022963806986808777,1.0,0.9984662576687117,0.9969418960244648,1.0,0.998468606431853,1.0,1.0030674846625767,0.6670793472805085,0.1896287651208545,0.6772746196584354
uwf,heldout_family,privilege_escalation,rf_full__val_observed_f1,rf_full,sklearn_tree,full,val_observed_f1,low_sampling,95219,652,0.5003098121173295,0.5,40.83287127315998,0.0001723058521747589,1.0,0.5322085889570553,0.5166402535657686,1.0,0.6812957157784744,0.9978734615529377,1.9355828220858895,0.6670793472805085,0.1896287651208545,0.6772746196584354
uwf,heldout_family,privilege_escalation,rf_full__val_observed_f1,rf_full,sklearn_tree,full,val_observed_f1,congested_link,95219,652,0.5003098121173295,0.5,40.83287127315998,0.00016686692833900452,1.0,0.7131901840490797,0.6354775828460039,1.0,0.7771156138259833,0.997769957469231,1.5736196319018405,0.6670793472805085,0.1896287651208545,0.6772746196584354
uwf,heldout_family,privilege_escalation,rf_full__val_observed_f1,rf_full,sklearn_tree,full,val_observed_f1,high_background,95219,652,0.5003098121173295,0.5,40.83287127315998,0.00013351812958717346,1.0,0.593558282208589,0.5516074450084603,1.0,0.7110141766630316,0.99277353306485,1.812883435582822,0.6670793472805085,0.1896287651208545,0.6772746196584354
uwf,heldout_family,privilege_escalation,rf_full__val_observed_f1,rf_full,sklearn_tree,full,val_observed_f1,delayed_collector,95219,652,0.5003098121173295,0.5,40.83287127315998,0.0001423284411430359,1.0,0.9846625766871165,0.9702380952380952,1.0,0.9848942598187311,1.0,1.030674846625767,0.6670793472805085,0.1896287651208545,0.6772746196584354
uwf,heldout_family,privilege_escalation,rf_full__val_robust_minimax,rf_full,sklearn_tree,full,val_robust_minimax,observed,95219,652,0.5003098121173295,0.5,40.83287127315998,0.000163152813911438,1.0,0.9984662576687117,0.9969418960244648,1.0,0.998468606431853,1.0,1.0030674846625767,0.6670793472805085,0.1896287651208545,0.6772746196584354
uwf,heldout_family,privilege_escalation,rf_full__val_robust_minimax,rf_full,sklearn_tree,full,val_robust_minimax,low_sampling,95219,652,0.5003098121173295,0.5,40.83287127315998,0.00014745444059371948,1.0,0.5322085889570553,0.5166402535657686,1.0,0.6812957157784744,0.9978734615529377,1.9355828220858895,0.6670793472805085,0.1896287651208545,0.6772746196584354
uwf,heldout_family,privilege_escalation,rf_full__val_robust_minimax,rf_full,sklearn_tree,full,val_robust_minimax,congested_link,95219,652,0.5003098121173295,0.5,40.83287127315998,0.0001325756311416626,1.0,0.7131901840490797,0.6354775828460039,1.0,0.7771156138259833,0.997769957469231,1.5736196319018405,0.6670793472805085,0.1896287651208545,0.6772746196584354
uwf,heldout_family,privilege_escalation,rf_full__val_robust_minimax,rf_full,sklearn_tree,full,val_robust_minimax,high_background,95219,652,0.5003098121173295,0.5,40.83287127315998,0.0001227743923664093,1.0,0.593558282208589,0.5516074450084603,1.0,0.7110141766630316,0.99277353306485,1.812883435582822,0.6670793472805085,0.1896287651208545,0.6772746196584354
uwf,heldout_family,privilege_escalation,rf_full__val_robust_minimax,rf_full,sklearn_tree,full,val_robust_minimax,delayed_collector,95219,652,0.5003098121173295,0.5,40.83287127315998,0.0001248866319656372,1.0,0.9846625766871165,0.9702380952380952,1.0,0.9848942598187311,1.0,1.030674846625767,0.6670793472805085,0.1896287651208545,0.6772746196584354
uwf,heldout_family,privilege_escalation,rf_full__oracle_env_upper_bound,rf_full,sklearn_tree,full,oracle_env_upper_bound,observed,95219,652,0.5003098121173295,0.5,40.83287127315998,0.00036507099866867065,1.0,1.0,1.0,1.0,1.0,1.0,1.0,0.6670793472805085,0.004535879857724912,0.6772746196584354
uwf,heldout_family,privilege_escalation,rf_full__oracle_env_upper_bound,rf_full,sklearn_tree,full,oracle_env_upper_bound,low_sampling,95219,652,0.5003098121173295,0.5,40.83287127315998,0.0002630278468132019,1.0,0.9984662576687117,0.9969418960244648,1.0,0.998468606431853,0.9978734615529377,1.0030674846625767,0.6670793472805085,0.004535879857724912,0.6772746196584354
uwf,heldout_family,privilege_escalation,rf_full__oracle_env_upper_bound,rf_full,sklearn_tree,full,oracle_env_upper_bound,congested_link,95219,652,0.5003098121173295,0.5,40.83287127315998,0.0002008303999900818,1.0,0.9892638036809815,0.978978978978979,1.0,0.9893778452200304,0.997769957469231,1.021472392638037,0.6670793472805085,0.004535879857724912,0.6772746196584354
uwf,heldout_family,privilege_escalation,rf_full__oracle_env_upper_bound,rf_full,sklearn_tree,full,oracle_env_upper_bound,high_background,95219,652,0.5003098121173295,0.5,40.83287127315998,0.00018956884741783142,1.0,0.9831288343558282,0.9673590504451038,1.0,0.9834087481146304,0.99277353306485,1.0337423312883436,0.6670793472805085,0.004535879857724912,0.6772746196584354
uwf,heldout_family,privilege_escalation,rf_full__oracle_env_upper_bound,rf_full,sklearn_tree,full,oracle_env_upper_bound,delayed_collector,95219,652,0.5003098121173295,0.5,40.83287127315998,0.00020312517881393433,1.0,1.0,1.0,1.0,1.0,1.0,1.0,0.6670793472805085,0.004535879857724912,0.6772746196584354
uwf,heldout_family,privilege_escalation,gb_full,gb_full,sklearn_boosting,full,native_default,observed,95219,652,0.5003098121173295,0.5,238.29445853456855,0.00030431151390075684,1.0,0.9984662576687117,0.9969418960244648,1.0,0.998468606431853,1.0,1.0030674846625767,0.3973414842261343,0.0002843674254496176,0.5413189218545478
uwf,heldout_family,privilege_escalation,gb_full,gb_full,sklearn_boosting,full,native_default,low_sampling,95219,652,0.5003098121173295,0.5,238.29445853456855,0.00020946934819221497,1.0,0.9984662576687117,0.9969418960244648,1.0,0.998468606431853,1.0,1.0030674846625767,0.3973414842261343,0.0002843674254496176,0.5413189218545478
uwf,heldout_family,privilege_escalation,gb_full,gb_full,sklearn_boosting,full,native_default,congested_link,95219,652,0.5003098121173295,0.5,238.29445853456855,0.00024959444999694824,1.0,0.9969325153374233,0.9939024390243902,1.0,0.9969418960244648,1.0,1.0061349693251533,0.3973414842261343,0.0002843674254496176,0.5413189218545478
uwf,heldout_family,privilege_escalation,gb_full,gb_full,sklearn_boosting,full,native_default,high_background,95219,652,0.5003098121173295,0.5,238.29445853456855,0.0002331845462322235,1.0,0.995398773006135,0.9908814589665653,1.0,0.9954198473282443,0.9992848808762091,1.00920245398773,0.3973414842261343,0.0002843674254496176,0.5413189218545478
uwf,heldout_family,privilege_escalation,gb_full,gb_full,sklearn_boosting,full,native_default,delayed_collector,95219,652,0.5003098121173295,0.5,238.29445853456855,0.0002454519271850586,1.0,0.9984662576687117,0.9969418960244648,1.0,0.998468606431853,1.0,1.0030674846625767,0.3973414842261343,0.0002843674254496176,0.5413189218545478
uwf,heldout_family,privilege_escalation,gb_full__val_observed_f1,gb_full,sklearn_boosting,full,val_observed_f1,observed,95219,652,0.5003098121173295,0.5,238.29445853456855,0.000212986022233963,1.0,0.9984662576687117,0.9969418960244648,1.0,0.998468606431853,1.0,1.0030674846625767,0.3973414842261343,0.030823875314175596,0.5413189218545478
uwf,heldout_family,privilege_escalation,gb_full__val_observed_f1,gb_full,sklearn_boosting,full,val_observed_f1,low_sampling,95219,652,0.5003098121173295,0.5,238.29445853456855,0.0002641156315803528,1.0,0.9984662576687117,0.9969418960244648,1.0,0.998468606431853,1.0,1.0030674846625767,0.3973414842261343,0.030823875314175596,0.5413189218545478
uwf,heldout_family,privilege_escalation,gb_full__val_observed_f1,gb_full,sklearn_boosting,full,val_observed_f1,congested_link,95219,652,0.5003098121173295,0.5,238.29445853456855,0.00014653801918029785,1.0,0.9570552147239264,0.9209039548022598,1.0,0.9588235294117647,1.0,1.0858895705521472,0.3973414842261343,0.030823875314175596,0.5413189218545478
uwf,heldout_family,privilege_escalation,gb_full__val_observed_f1,gb_full,sklearn_boosting,full,val_observed_f1,high_background,95219,652,0.5003098121173295,0.5,238.29445853456855,0.00014276057481765747,1.0,0.8849693251533742,0.8129675810473815,1.0,0.8968363136176066,0.9992848808762091,1.2300613496932515,0.3973414842261343,0.030823875314175596,0.5413189218545478
uwf,heldout_family,privilege_escalation,gb_full__val_observed_f1,gb_full,sklearn_boosting,full,val_observed_f1,delayed_collector,95219,652,0.5003098121173295,0.5,238.29445853456855,0.0001332797110080719,1.0,0.9984662576687117,0.9969418960244648,1.0,0.998468606431853,1.0,1.0030674846625767,0.3973414842261343,0.030823875314175596,0.5413189218545478
uwf,heldout_family,privilege_escalation,gb_full__val_robust_minimax,gb_full,sklearn_boosting,full,val_robust_minimax,observed,95219,652,0.5003098121173295,0.5,238.29445853456855,0.000153467059135437,1.0,0.9984662576687117,0.9969418960244648,1.0,0.998468606431853,1.0,1.0030674846625767,0.3973414842261343,0.030823875314175596,0.5413189218545478
uwf,heldout_family,privilege_escalation,gb_full__val_robust_minimax,gb_full,sklearn_boosting,full,val_robust_minimax,low_sampling,95219,652,0.5003098121173295,0.5,238.29445853456855,0.00014489144086837769,1.0,0.9984662576687117,0.9969418960244648,1.0,0.998468606431853,1.0,1.0030674846625767,0.3973414842261343,0.030823875314175596,0.5413189218545478
uwf,heldout_family,privilege_escalation,gb_full__val_robust_minimax,gb_full,sklearn_boosting,full,val_robust_minimax,congested_link,95219,652,0.5003098121173295,0.5,238.29445853456855,0.0001308135688304901,1.0,0.9570552147239264,0.9209039548022598,1.0,0.9588235294117647,1.0,1.0858895705521472,0.3973414842261343,0.030823875314175596,0.5413189218545478
uwf,heldout_family,privilege_escalation,gb_full__val_robust_minimax,gb_full,sklearn_boosting,full,val_robust_minimax,high_background,95219,652,0.5003098121173295,0.5,238.29445853456855,0.00013465434312820435,1.0,0.8849693251533742,0.8129675810473815,1.0,0.8968363136176066,0.9992848808762091,1.2300613496932515,0.3973414842261343,0.030823875314175596,0.5413189218545478
uwf,heldout_family,privilege_escalation,gb_full__val_robust_minimax,gb_full,sklearn_boosting,full,val_robust_minimax,delayed_collector,95219,652,0.5003098121173295,0.5,238.29445853456855,0.00016323477029800415,1.0,0.9984662576687117,0.9969418960244648,1.0,0.998468606431853,1.0,1.0030674846625767,0.3973414842261343,0.030823875314175596,0.5413189218545478
uwf,heldout_family,privilege_escalation,gb_full__oracle_env_upper_bound,gb_full,sklearn_boosting,full,oracle_env_upper_bound,observed,95219,652,0.5003098121173295,0.5,238.29445853456855,0.0003445930778980255,1.0,1.0,1.0,1.0,1.0,1.0,1.0,0.3973414842261343,0.0004940694522100938,0.5413189218545478
uwf,heldout_family,privilege_escalation,gb_full__oracle_env_upper_bound,gb_full,sklearn_boosting,full,oracle_env_upper_bound,low_sampling,95219,652,0.5003098121173295,0.5,238.29445853456855,0.000197678804397583,1.0,1.0,1.0,1.0,1.0,1.0,1.0,0.3973414842261343,0.0004940694522100938,0.5413189218545478
uwf,heldout_family,privilege_escalation,gb_full__oracle_env_upper_bound,gb_full,sklearn_boosting,full,oracle_env_upper_bound,congested_link,95219,652,0.5003098121173295,0.5,238.29445853456855,0.00016310065984725952,1.0,1.0,1.0,1.0,1.0,1.0,1.0,0.3973414842261343,0.0004940694522100938,0.5413189218545478
uwf,heldout_family,privilege_escalation,gb_full__oracle_env_upper_bound,gb_full,sklearn_boosting,full,oracle_env_upper_bound,high_background,95219,652,0.5003098121173295,0.5,238.29445853456855,0.00017096847295761108,1.0,0.9984662576687117,0.9969418960244648,1.0,0.998468606431853,0.9992848808762091,1.0030674846625767,0.3973414842261343,0.0004940694522100938,0.5413189218545478
uwf,heldout_family,privilege_escalation,gb_full__oracle_env_upper_bound,gb_full,sklearn_boosting,full,oracle_env_upper_bound,delayed_collector,95219,652,0.5003098121173295,0.5,238.29445853456855,0.00018261000514030457,1.0,1.0,1.0,1.0,1.0,1.0,1.0,0.3973414842261343,0.0004940694522100938,0.5413189218545478
uwf,heldout_family,privilege_escalation,xgb_full,xgb_full,xgboost,full,native_default,observed,95219,652,0.5003098121173295,0.5,60.784312073141336,0.00023883208632469177,1.0,0.9984662576687117,0.9969418960244648,1.0,0.998468606431853,1.0,1.0030674846625767,0.38390131809304695,0.0008518096483407199,0.3543797493752552
uwf,heldout_family,privilege_escalation,xgb_full,xgb_full,xgboost,full,native_default,low_sampling,95219,652,0.5003098121173295,0.5,60.784312073141336,0.0002085864543914795,1.0,0.9984662576687117,0.9969418960244648,1.0,0.998468606431853,0.9999811810756898,1.0030674846625767,0.38390131809304695,0.0008518096483407199,0.3543797493752552
uwf,heldout_family,privilege_escalation,xgb_full,xgb_full,xgboost,full,native_default,congested_link,95219,652,0.5003098121173295,0.5,60.784312073141336,0.00020505860447883606,1.0,0.9984662576687117,0.9969418960244648,1.0,0.998468606431853,1.0,1.0030674846625767,0.38390131809304695,0.0008518096483407199,0.3543797493752552
uwf,heldout_family,privilege_escalation,xgb_full,xgb_full,xgboost,full,native_default,high_background,95219,652,0.5003098121173295,0.5,60.784312073141336,0.00020403042435646057,1.0,0.9923312883435583,0.9848942598187311,1.0,0.9923896499238964,1.0,1.0153374233128833,0.38390131809304695,0.0008518096483407199,0.3543797493752552
uwf,heldout_family,privilege_escalation,xgb_full,xgb_full,xgboost,full,native_default,delayed_collector,95219,652,0.5003098121173295,0.5,60.784312073141336,0.0002171434462070465,1.0,0.9984662576687117,0.9969418960244648,1.0,0.998468606431853,1.0,1.0030674846625767,0.38390131809304695,0.0008518096483407199,0.3543797493752552
uwf,heldout_family,privilege_escalation,xgb_full__val_observed_f1,xgb_full,xgboost,full,val_observed_f1,observed,95219,652,0.5003098121173295,0.5,60.784312073141336,0.00013472884893417358,1.0,0.9984662576687117,0.9969418960244648,1.0,0.998468606431853,1.0,1.0030674846625767,0.38390131809304695,0.004237188165315236,0.3543797493752552
uwf,heldout_family,privilege_escalation,xgb_full__val_observed_f1,xgb_full,xgboost,full,val_observed_f1,low_sampling,95219,652,0.5003098121173295,0.5,60.784312073141336,0.000126618891954422,1.0,0.9969325153374233,0.9939024390243902,1.0,0.9969418960244648,0.9999811810756898,1.0061349693251533,0.38390131809304695,0.004237188165315236,0.3543797493752552
uwf,heldout_family,privilege_escalation,xgb_full__val_observed_f1,xgb_full,xgboost,full,val_observed_f1,congested_link,95219,652,0.5003098121173295,0.5,60.784312073141336,0.00012258440256118774,1.0,0.9923312883435583,0.9848942598187311,1.0,0.9923896499238964,1.0,1.0153374233128833,0.38390131809304695,0.004237188165315236,0.3543797493752552
uwf,heldout_family,privilege_escalation,xgb_full__val_observed_f1,xgb_full,xgboost,full,val_observed_f1,high_background,95219,652,0.5003098121173295,0.5,60.784312073141336,0.00012036040425300598,1.0,0.9754601226993865,0.9532163742690059,1.0,0.9760479041916168,1.0,1.049079754601227,0.38390131809304695,0.004237188165315236,0.3543797493752552
uwf,heldout_family,privilege_escalation,xgb_full__val_observed_f1,xgb_full,xgboost,full,val_observed_f1,delayed_collector,95219,652,0.5003098121173295,0.5,60.784312073141336,0.00011648982763290405,1.0,0.9984662576687117,0.9969418960244648,1.0,0.998468606431853,1.0,1.0030674846625767,0.38390131809304695,0.004237188165315236,0.3543797493752552
uwf,heldout_family,privilege_escalation,xgb_full__val_robust_minimax,xgb_full,xgboost,full,val_robust_minimax,observed,95219,652,0.5003098121173295,0.5,60.784312073141336,0.0001396574079990387,1.0,0.9984662576687117,0.9969418960244648,1.0,0.998468606431853,1.0,1.0030674846625767,0.38390131809304695,0.004237188165315236,0.3543797493752552
uwf,heldout_family,privilege_escalation,xgb_full__val_robust_minimax,xgb_full,xgboost,full,val_robust_minimax,low_sampling,95219,652,0.5003098121173295,0.5,60.784312073141336,0.0001238994300365448,1.0,0.9969325153374233,0.9939024390243902,1.0,0.9969418960244648,0.9999811810756898,1.0061349693251533,0.38390131809304695,0.004237188165315236,0.3543797493752552
uwf,heldout_family,privilege_escalation,xgb_full__val_robust_minimax,xgb_full,xgboost,full,val_robust_minimax,congested_link,95219,652,0.5003098121173295,0.5,60.784312073141336,0.0001410841941833496,1.0,0.9923312883435583,0.9848942598187311,1.0,0.9923896499238964,1.0,1.0153374233128833,0.38390131809304695,0.004237188165315236,0.3543797493752552
uwf,heldout_family,privilege_escalation,xgb_full__val_robust_minimax,xgb_full,xgboost,full,val_robust_minimax,high_background,95219,652,0.5003098121173295,0.5,60.784312073141336,0.00014303624629974365,1.0,0.9754601226993865,0.9532163742690059,1.0,0.9760479041916168,1.0,1.049079754601227,0.38390131809304695,0.004237188165315236,0.3543797493752552
uwf,heldout_family,privilege_escalation,xgb_full__val_robust_minimax,xgb_full,xgboost,full,val_robust_minimax,delayed_collector,95219,652,0.5003098121173295,0.5,60.784312073141336,0.000141829252243042,1.0,0.9984662576687117,0.9969418960244648,1.0,0.998468606431853,1.0,1.0030674846625767,0.38390131809304695,0.004237188165315236,0.3543797493752552
uwf,heldout_family,privilege_escalation,xgb_full__oracle_env_upper_bound,xgb_full,xgboost,full,oracle_env_upper_bound,observed,95219,652,0.5003098121173295,0.5,60.784312073141336,0.00020143389701843262,1.0,1.0,1.0,1.0,1.0,1.0,1.0,0.38390131809304695,0.0005627069305854581,0.3543797493752552
uwf,heldout_family,privilege_escalation,xgb_full__oracle_env_upper_bound,xgb_full,xgboost,full,oracle_env_upper_bound,low_sampling,95219,652,0.5003098121173295,0.5,60.784312073141336,0.000165596604347229,1.0,0.9984662576687117,0.9969418960244648,1.0,0.998468606431853,0.9999811810756898,1.0030674846625767,0.38390131809304695,0.0005627069305854581,0.3543797493752552
uwf,heldout_family,privilege_escalation,xgb_full__oracle_env_upper_bound,xgb_full,xgboost,full,oracle_env_upper_bound,congested_link,95219,652,0.5003098121173295,0.5,60.784312073141336,0.00022060424089431763,1.0,1.0,1.0,1.0,1.0,1.0,1.0,0.38390131809304695,0.0005627069305854581,0.3543797493752552
uwf,heldout_family,privilege_escalation,xgb_full__oracle_env_upper_bound,xgb_full,xgboost,full,oracle_env_upper_bound,high_background,95219,652,0.5003098121173295,0.5,60.784312073141336,0.000185500830411911,1.0,0.9984662576687117,0.9969418960244648,1.0,0.998468606431853,1.0,1.0030674846625767,0.38390131809304695,0.0005627069305854581,0.3543797493752552
uwf,heldout_family,privilege_escalation,xgb_full__oracle_env_upper_bound,xgb_full,xgboost,full,oracle_env_upper_bound,delayed_collector,95219,652,0.5003098121173295,0.5,60.784312073141336,0.0001808255910873413,1.0,1.0,1.0,1.0,1.0,1.0,1.0,0.38390131809304695,0.0005627069305854581,0.3543797493752552
uwf,heldout_family,privilege_escalation,lgbm_full,lgbm_full,lightgbm,full,native_default,observed,95219,652,0.5003098121173295,0.5,25.613095838576555,0.0002467706799507141,1.0,1.0,1.0,1.0,1.0,0.9999999999999999,1.0,0.36311973092806626,0.014333538325916719,0.36205772165075545
uwf,heldout_family,privilege_escalation,lgbm_full,lgbm_full,lightgbm,full,native_default,low_sampling,95219,652,0.5003098121173295,0.5,25.613095838576555,0.0002365894615650177,1.0,0.9616564417177914,1.0,0.9233128834355828,0.960127591706539,0.9999811810756897,0.9233128834355828,0.36311973092806626,0.014333538325916719,0.36205772165075545
uwf,heldout_family,privilege_escalation,lgbm_full,lgbm_full,lightgbm,full,native_default,congested_link,95219,652,0.5003098121173295,0.5,25.613095838576555,0.00022252649068832397,1.0,0.9969325153374233,0.9939024390243902,1.0,0.9969418960244648,1.0,1.0061349693251533,0.36311973092806626,0.014333538325916719,0.36205772165075545
uwf,heldout_family,privilege_escalation,lgbm_full,lgbm_full,lightgbm,full,native_default,high_background,95219,652,0.5003098121173295,0.5,25.613095838576555,0.00022628530859947205,1.0,0.9923312883435583,0.9848942598187311,1.0,0.9923896499238964,0.9976664533855244,1.0153374233128833,0.36311973092806626,0.014333538325916719,0.36205772165075545
uwf,heldout_family,privilege_escalation,lgbm_full,lgbm_full,lightgbm,full,native_default,delayed_collector,95219,652,0.5003098121173295,0.5,25.613095838576555,0.00022505223751068115,1.0,0.9984662576687117,0.9969418960244648,1.0,0.998468606431853,1.0,1.0030674846625767,0.36311973092806626,0.014333538325916719,0.36205772165075545
uwf,heldout_family,privilege_escalation,lgbm_full__val_observed_f1,lgbm_full,lightgbm,full,val_observed_f1,observed,95219,652,0.5003098121173295,0.5,25.613095838576555,0.00020443648099899292,1.0,0.9984662576687117,0.9969418960244648,1.0,0.998468606431853,0.9999999999999999,1.0030674846625767,0.36311973092806626,0.0035807793375671505,0.36205772165075545
uwf,heldout_family,privilege_escalation,lgbm_full__val_observed_f1,lgbm_full,lightgbm,full,val_observed_f1,low_sampling,95219,652,0.5003098121173295,0.5,25.613095838576555,0.00016550719738006592,1.0,0.9984662576687117,0.9969418960244648,1.0,0.998468606431853,0.9999811810756897,1.0030674846625767,0.36311973092806626,0.0035807793375671505,0.36205772165075545
uwf,heldout_family,privilege_escalation,lgbm_full__val_observed_f1,lgbm_full,lightgbm,full,val_observed_f1,congested_link,95219,652,0.5003098121173295,0.5,25.613095838576555,0.00014115124940872192,1.0,0.99079754601227,0.9819277108433735,1.0,0.9908814589665653,1.0,1.01840490797546,0.36311973092806626,0.0035807793375671505,0.36205772165075545
uwf,heldout_family,privilege_escalation,lgbm_full__val_observed_f1,lgbm_full,lightgbm,full,val_observed_f1,high_background,95219,652,0.5003098121173295,0.5,25.613095838576555,0.00012605264782905579,1.0,0.9800613496932515,0.9616519174041298,1.0,0.9804511278195489,0.9976664533855244,1.039877300613497,0.36311973092806626,0.0035807793375671505,0.36205772165075545
uwf,heldout_family,privilege_escalation,lgbm_full__val_observed_f1,lgbm_full,lightgbm,full,val_observed_f1,delayed_collector,95219,652,0.5003098121173295,0.5,25.613095838576555,0.00013860315084457397,1.0,0.9984662576687117,0.9969418960244648,1.0,0.998468606431853,1.0,1.0030674846625767,0.36311973092806626,0.0035807793375671505,0.36205772165075545
uwf,heldout_family,privilege_escalation,lgbm_full__val_robust_minimax,lgbm_full,lightgbm,full,val_robust_minimax,observed,95219,652,0.5003098121173295,0.5,25.613095838576555,0.0001530088484287262,1.0,0.9984662576687117,0.9969418960244648,1.0,0.998468606431853,0.9999999999999999,1.0030674846625767,0.36311973092806626,0.0035807793375671505,0.36205772165075545
uwf,heldout_family,privilege_escalation,lgbm_full__val_robust_minimax,lgbm_full,lightgbm,full,val_robust_minimax,low_sampling,95219,652,0.5003098121173295,0.5,25.613095838576555,0.00014374777674674988,1.0,0.9984662576687117,0.9969418960244648,1.0,0.998468606431853,0.9999811810756897,1.0030674846625767,0.36311973092806626,0.0035807793375671505,0.36205772165075545
uwf,heldout_family,privilege_escalation,lgbm_full__val_robust_minimax,lgbm_full,lightgbm,full,val_robust_minimax,congested_link,95219,652,0.5003098121173295,0.5,25.613095838576555,0.00013975799083709717,1.0,0.99079754601227,0.9819277108433735,1.0,0.9908814589665653,1.0,1.01840490797546,0.36311973092806626,0.0035807793375671505,0.36205772165075545
uwf,heldout_family,privilege_escalation,lgbm_full__val_robust_minimax,lgbm_full,lightgbm,full,val_robust_minimax,high_background,95219,652,0.5003098121173295,0.5,25.613095838576555,0.0001615472137928009,1.0,0.9800613496932515,0.9616519174041298,1.0,0.9804511278195489,0.9976664533855244,1.039877300613497,0.36311973092806626,0.0035807793375671505,0.36205772165075545
uwf,heldout_family,privilege_escalation,lgbm_full__val_robust_minimax,lgbm_full,lightgbm,full,val_robust_minimax,delayed_collector,95219,652,0.5003098121173295,0.5,25.613095838576555,0.0001250915229320526,1.0,0.9984662576687117,0.9969418960244648,1.0,0.998468606431853,1.0,1.0030674846625767,0.36311973092806626,0.0035807793375671505,0.36205772165075545
uwf,heldout_family,privilege_escalation,lgbm_full__oracle_env_upper_bound,lgbm_full,lightgbm,full,oracle_env_upper_bound,observed,95219,652,0.5003098121173295,0.5,25.613095838576555,0.0002630278468132019,1.0,1.0,1.0,1.0,1.0,0.9999999999999999,1.0,0.36311973092806626,0.0017541237424370717,0.36205772165075545
uwf,heldout_family,privilege_escalation,lgbm_full__oracle_env_upper_bound,lgbm_full,lightgbm,full,oracle_env_upper_bound,low_sampling,95219,652,0.5003098121173295,0.5,25.613095838576555,0.0002007707953453064,1.0,0.9984662576687117,0.9969418960244648,1.0,0.998468606431853,0.9999811810756897,1.0030674846625767,0.36311973092806626,0.0017541237424370717,0.36205772165075545
uwf,heldout_family,privilege_escalation,lgbm_full__oracle_env_upper_bound,lgbm_full,lightgbm,full,oracle_env_upper_bound,congested_link,95219,652,0.5003098121173295,0.5,25.613095838576555,0.00018435344099998474,1.0,1.0,1.0,1.0,1.0,1.0,1.0,0.36311973092806626,0.0017541237424370717,0.36205772165075545
uwf,heldout_family,privilege_escalation,lgbm_full__oracle_env_upper_bound,lgbm_full,lightgbm,full,oracle_env_upper_bound,high_background,95219,652,0.5003098121173295,0.5,25.613095838576555,0.00018715113401412964,1.0,0.9923312883435583,0.9848942598187311,1.0,0.9923896499238964,0.9976664533855244,1.0153374233128833,0.36311973092806626,0.0017541237424370717,0.36205772165075545
uwf,heldout_family,privilege_escalation,lgbm_full__oracle_env_upper_bound,lgbm_full,lightgbm,full,oracle_env_upper_bound,delayed_collector,95219,652,0.5003098121173295,0.5,25.613095838576555,0.00021903961896896362,1.0,0.9984662576687117,0.9969418960244648,1.0,0.998468606431853,1.0,1.0030674846625767,0.36311973092806626,0.0017541237424370717,0.36205772165075545
uwf,heldout_family,privilege_escalation,cat_full,cat_full,catboost,full,native_default,observed,95219,652,0.5003098121173295,0.5,41.83106366544962,0.05244753509759903,1.0,0.9984662576687117,0.9969418960244648,1.0,0.998468606431853,1.0,1.0030674846625767,0.39163365207292805,0.0005841299757659612,0.38414741787133067
uwf,heldout_family,privilege_escalation,cat_full,cat_full,catboost,full,native_default,low_sampling,95219,652,0.5003098121173295,0.5,41.83106366544962,0.00021110475063323975,1.0,0.9969325153374233,0.9969325153374233,0.9969325153374233,0.9969325153374233,0.9999623621513795,1.0,0.39163365207292805,0.0005841299757659612,0.38414741787133067
uwf,heldout_family,privilege_escalation,cat_full,cat_full,catboost,full,native_default,congested_link,95219,652,0.5003098121173295,0.5,41.83106366544962,0.00020306557416915894,1.0,0.9984662576687117,0.9969418960244648,1.0,0.998468606431853,0.9999905905378449,1.0030674846625767,0.39163365207292805,0.0005841299757659612,0.38414741787133067
uwf,heldout_family,privilege_escalation,cat_full,cat_full,catboost,full,native_default,high_background,95219,652,0.5003098121173295,0.5,41.83106366544962,0.00022099167108535767,1.0,0.9969325153374233,0.9939024390243902,1.0,0.9969418960244648,0.9997459445218112,1.0061349693251533,0.39163365207292805,0.0005841299757659612,0.38414741787133067
uwf,heldout_family,privilege_escalation,cat_full,cat_full,catboost,full,native_default,delayed_collector,95219,652,0.5003098121173295,0.5,41.83106366544962,0.00019514933228492737,1.0,0.9984662576687117,0.9969418960244648,1.0,0.998468606431853,1.0,1.0030674846625767,0.39163365207292805,0.0005841299757659612,0.38414741787133067
uwf,heldout_family,privilege_escalation,cat_full__val_observed_f1,cat_full,catboost,full,val_observed_f1,observed,95219,652,0.5003098121173295,0.5,41.83106366544962,0.00023044273257255554,1.0,0.9984662576687117,0.9969418960244648,1.0,0.998468606431853,1.0,1.0030674846625767,0.39163365207292805,0.006399433547972167,0.38414741787133067
uwf,heldout_family,privilege_escalation,cat_full__val_observed_f1,cat_full,catboost,full,val_observed_f1,low_sampling,95219,652,0.5003098121173295,0.5,41.83106366544962,0.00015411525964736938,1.0,0.9723926380368099,0.9476744186046512,1.0,0.9731343283582089,0.9999623621513795,1.0552147239263803,0.39163365207292805,0.006399433547972167,0.38414741787133067
uwf,heldout_family,privilege_escalation,cat_full__val_observed_f1,cat_full,catboost,full,val_observed_f1,congested_link,95219,652,0.5003098121173295,0.5,41.83106366544962,0.00015129521489143372,1.0,0.9739263803680982,0.9504373177842566,1.0,0.9745889387144993,0.9999905905378449,1.0521472392638036,0.39163365207292805,0.006399433547972167,0.38414741787133067
uwf,heldout_family,privilege_escalation,cat_full__val_observed_f1,cat_full,catboost,full,val_observed_f1,high_background,95219,652,0.5003098121173295,0.5,41.83106366544962,0.00012931972742080688,1.0,0.9723926380368099,0.9476744186046512,1.0,0.9731343283582089,0.9997459445218112,1.0552147239263803,0.39163365207292805,0.006399433547972167,0.38414741787133067
uwf,heldout_family,privilege_escalation,cat_full__val_observed_f1,cat_full,catboost,full,val_observed_f1,delayed_collector,95219,652,0.5003098121173295,0.5,41.83106366544962,0.0001421421766281128,1.0,0.9984662576687117,0.9969418960244648,1.0,0.998468606431853,1.0,1.0030674846625767,0.39163365207292805,0.006399433547972167,0.38414741787133067
uwf,heldout_family,privilege_escalation,cat_full__val_robust_minimax,cat_full,catboost,full,val_robust_minimax,observed,95219,652,0.5003098121173295,0.5,41.83106366544962,0.00015192478895187378,1.0,0.9984662576687117,0.9969418960244648,1.0,0.998468606431853,1.0,1.0030674846625767,0.39163365207292805,0.006399433547972167,0.38414741787133067
uwf,heldout_family,privilege_escalation,cat_full__val_robust_minimax,cat_full,catboost,full,val_robust_minimax,low_sampling,95219,652,0.5003098121173295,0.5,41.83106366544962,0.00013309717178344727,1.0,0.9723926380368099,0.9476744186046512,1.0,0.9731343283582089,0.9999623621513795,1.0552147239263803,0.39163365207292805,0.006399433547972167,0.38414741787133067
uwf,heldout_family,privilege_escalation,cat_full__val_robust_minimax,cat_full,catboost,full,val_robust_minimax,congested_link,95219,652,0.5003098121173295,0.5,41.83106366544962,0.0001293569803237915,1.0,0.9739263803680982,0.9504373177842566,1.0,0.9745889387144993,0.9999905905378449,1.0521472392638036,0.39163365207292805,0.006399433547972167,0.38414741787133067
uwf,heldout_family,privilege_escalation,cat_full__val_robust_minimax,cat_full,catboost,full,val_robust_minimax,high_background,95219,652,0.5003098121173295,0.5,41.83106366544962,0.0001296810805797577,1.0,0.9723926380368099,0.9476744186046512,1.0,0.9731343283582089,0.9997459445218112,1.0552147239263803,0.39163365207292805,0.006399433547972167,0.38414741787133067
uwf,heldout_family,privilege_escalation,cat_full__val_robust_minimax,cat_full,catboost,full,val_robust_minimax,delayed_collector,95219,652,0.5003098121173295,0.5,41.83106366544962,0.00013877451419830322,1.0,0.9984662576687117,0.9969418960244648,1.0,0.998468606431853,1.0,1.0030674846625767,0.39163365207292805,0.006399433547972167,0.38414741787133067
uwf,heldout_family,privilege_escalation,cat_full__oracle_env_upper_bound,cat_full,catboost,full,oracle_env_upper_bound,observed,95219,652,0.5003098121173295,0.5,41.83106366544962,0.0003238208591938019,1.0,1.0,1.0,1.0,1.0,1.0,1.0,0.39163365207292805,0.00047065042294279795,0.38414741787133067
uwf,heldout_family,privilege_escalation,cat_full__oracle_env_upper_bound,cat_full,catboost,full,oracle_env_upper_bound,low_sampling,95219,652,0.5003098121173295,0.5,41.83106366544962,0.00022948160767555237,1.0,0.9984662576687117,0.9969418960244648,1.0,0.998468606431853,0.9999623621513795,1.0030674846625767,0.39163365207292805,0.00047065042294279795,0.38414741787133067
uwf,heldout_family,privilege_escalation,cat_full__oracle_env_upper_bound,cat_full,catboost,full,oracle_env_upper_bound,congested_link,95219,652,0.5003098121173295,0.5,41.83106366544962,0.00022410228848457336,1.0,0.9984662576687117,0.9969418960244648,1.0,0.998468606431853,0.9999905905378449,1.0030674846625767,0.39163365207292805,0.00047065042294279795,0.38414741787133067
uwf,heldout_family,privilege_escalation,cat_full__oracle_env_upper_bound,cat_full,catboost,full,oracle_env_upper_bound,high_background,95219,652,0.5003098121173295,0.5,41.83106366544962,0.00024552270770072937,1.0,0.9984662576687117,0.9969418960244648,1.0,0.998468606431853,0.9997459445218112,1.0030674846625767,0.39163365207292805,0.00047065042294279795,0.38414741787133067
uwf,heldout_family,privilege_escalation,cat_full__oracle_env_upper_bound,cat_full,catboost,full,oracle_env_upper_bound,delayed_collector,95219,652,0.5003098121173295,0.5,41.83106366544962,0.0002169869840145111,1.0,1.0,1.0,1.0,1.0,1.0,1.0,0.39163365207292805,0.00047065042294279795,0.38414741787133067
uwf,heldout_family,privilege_escalation,iforest_env_sensitive,iforest_env_sensitive,sklearn_anomaly,env_sensitive,native_default,observed,95219,652,0.5003098121173295,0.5,4.206009682267904,0.00029159337282180786,1.0,0.852760736196319,0.7725118483412322,1.0,0.8716577540106952,0.9147973201851782,1.294478527607362,0.6388884114063547,0.11176845643181742,0.3555565534432957
uwf,heldout_family,privilege_escalation,iforest_env_sensitive,iforest_env_sensitive,sklearn_anomaly,env_sensitive,native_default,low_sampling,95219,652,0.5003098121173295,0.5,4.206009682267904,0.00024392828345298767,1.0,0.6533742331288344,0.6225490196078431,0.7791411042944786,0.6920980926430518,0.7415408935225263,1.2515337423312884,0.6388884114063547,0.11176845643181742,0.3555565534432957
uwf,heldout_family,privilege_escalation,iforest_env_sensitive,iforest_env_sensitive,sklearn_anomaly,env_sensitive,native_default,congested_link,95219,652,0.5003098121173295,0.5,4.206009682267904,0.05233731493353844,1.0,0.7300613496932515,0.649402390438247,1.0,0.7874396135265701,0.7660054951258987,1.539877300613497,0.6388884114063547,0.11176845643181742,0.3555565534432957
uwf,heldout_family,privilege_escalation,iforest_env_sensitive,iforest_env_sensitive,sklearn_anomaly,env_sensitive,native_default,high_background,95219,652,0.5003098121173295,0.5,4.206009682267904,0.00025330856442451477,1.0,0.5030674846625767,0.5015384615384615,1.0,0.6680327868852459,0.7210000376378486,1.9938650306748467,0.6388884114063547,0.11176845643181742,0.3555565534432957
uwf,heldout_family,privilege_escalation,iforest_env_sensitive,iforest_env_sensitive,sklearn_anomaly,env_sensitive,native_default,delayed_collector,95219,652,0.5003098121173295,0.5,4.206009682267904,0.00023483112454414368,1.0,0.7898773006134969,0.7041036717062635,1.0,0.826362484157161,0.9098385336294177,1.4202453987730062,0.6388884114063547,0.11176845643181742,0.3555565534432957
uwf,heldout_family,privilege_escalation,iforest_env_sensitive__val_observed_f1,iforest_env_sensitive,sklearn_anomaly,env_sensitive,val_observed_f1,observed,95219,652,0.5003098121173295,0.5,4.206009682267904,0.00025186315178871155,1.0,0.8542944785276073,0.7743467933491687,1.0,0.8728246318607764,0.9147973201851782,1.2914110429447854,0.6388884114063547,0.17982796734191048,0.3555565534432957
uwf,heldout_family,privilege_escalation,iforest_env_sensitive__val_observed_f1,iforest_env_sensitive,sklearn_anomaly,env_sensitive,val_observed_f1,low_sampling,95219,652,0.5003098121173295,0.5,4.206009682267904,0.000162612646818161,1.0,0.593558282208589,0.9841269841269841,0.1901840490797546,0.31876606683804626,0.7415408935225263,0.19325153374233128,0.6388884114063547,0.17982796734191048,0.3555565534432957
uwf,heldout_family,privilege_escalation,iforest_env_sensitive__val_observed_f1,iforest_env_sensitive,sklearn_anomaly,env_sensitive,val_observed_f1,congested_link,95219,652,0.5003098121173295,0.5,4.206009682267904,0.00013837963342666626,1.0,0.6533742331288344,0.6533742331288344,0.6533742331288344,0.6533742331288344,0.7660054951258987,1.0,0.6388884114063547,0.17982796734191048,0.3555565534432957
uwf,heldout_family,privilege_escalation,iforest_env_sensitive__val_observed_f1,iforest_env_sensitive,sklearn_anomaly,env_sensitive,val_observed_f1,high_background,95219,652,0.5003098121173295,0.5,4.206009682267904,0.00012288615107536316,1.0,0.6226993865030674,0.588495575221239,0.8159509202453987,0.6838046272493573,0.7210000376378486,1.3865030674846626,0.6388884114063547,0.17982796734191048,0.3555565534432957
uwf,heldout_family,privilege_escalation,iforest_env_sensitive__val_observed_f1,iforest_env_sensitive,sklearn_anomaly,env_sensitive,val_observed_f1,delayed_collector,95219,652,0.5003098121173295,0.5,4.206009682267904,0.00012755393981933594,1.0,0.8542944785276073,0.7743467933491687,1.0,0.8728246318607764,0.9098385336294177,1.2914110429447854,0.6388884114063547,0.17982796734191048,0.3555565534432957
uwf,heldout_family,privilege_escalation,iforest_env_sensitive__val_robust_minimax,iforest_env_sensitive,sklearn_anomaly,env_sensitive,val_robust_minimax,observed,95219,652,0.5003098121173295,0.5,4.206009682267904,0.0001788213849067688,1.0,0.5076687116564417,0.5038639876352395,1.0,0.6700924974306269,0.9147973201851782,1.9846625766871167,0.6388884114063547,0.0035045278248820545,0.3555565534432957
uwf,heldout_family,privilege_escalation,iforest_env_sensitive__val_robust_minimax,iforest_env_sensitive,sklearn_anomaly,env_sensitive,val_robust_minimax,low_sampling,95219,652,0.5003098121173295,0.5,4.206009682267904,0.00014769285917282104,1.0,0.5015337423312883,0.500768049155146,1.0,0.6673490276356192,0.7415408935225263,1.9969325153374233,0.6388884114063547,0.0035045278248820545,0.3555565534432957
uwf,heldout_family,privilege_escalation,iforest_env_sensitive__val_robust_minimax,iforest_env_sensitive,sklearn_anomaly,env_sensitive,val_robust_minimax,congested_link,95219,652,0.5003098121173295,0.5,4.206009682267904,0.00015399977564811707,1.0,0.5015337423312883,0.500768049155146,1.0,0.6673490276356192,0.7660054951258987,1.9969325153374233,0.6388884114063547,0.0035045278248820545,0.3555565534432957
uwf,heldout_family,privilege_escalation,iforest_env_sensitive__val_robust_minimax,iforest_env_sensitive,sklearn_anomaly,env_sensitive,val_robust_minimax,high_background,95219,652,0.5003098121173295,0.5,4.206009682267904,0.00014153867959976196,1.0,0.5015337423312883,0.500768049155146,1.0,0.6673490276356192,0.7210000376378486,1.9969325153374233,0.6388884114063547,0.0035045278248820545,0.3555565534432957
uwf,heldout_family,privilege_escalation,iforest_env_sensitive__val_robust_minimax,iforest_env_sensitive,sklearn_anomaly,env_sensitive,val_robust_minimax,delayed_collector,95219,652,0.5003098121173295,0.5,4.206009682267904,0.0001399405300617218,1.0,0.5199386503067485,0.5101721439749609,1.0,0.6756476683937824,0.9098385336294177,1.960122699386503,0.6388884114063547,0.0035045278248820545,0.3555565534432957
uwf,heldout_family,privilege_escalation,iforest_env_sensitive__oracle_env_upper_bound,iforest_env_sensitive,sklearn_anomaly,env_sensitive,oracle_env_upper_bound,observed,95219,652,0.5003098121173295,0.5,4.206009682267904,0.00031035393476486206,1.0,0.9171779141104295,0.8578947368421053,1.0,0.9235127478753541,0.9147973201851782,1.165644171779141,0.6388884114063547,0.06722664412203148,0.3555565534432957
uwf,heldout_family,privilege_escalation,iforest_env_sensitive__oracle_env_upper_bound,iforest_env_sensitive,sklearn_anomaly,env_sensitive,oracle_env_upper_bound,low_sampling,95219,652,0.5003098121173295,0.5,4.206009682267904,0.00019923225045204163,1.0,0.6257668711656442,0.5737410071942446,0.9785276073619632,0.7233560090702947,0.7415408935225263,1.705521472392638,0.6388884114063547,0.06722664412203148,0.3555565534432957
uwf,heldout_family,privilege_escalation,iforest_env_sensitive__oracle_env_upper_bound,iforest_env_sensitive,sklearn_anomaly,env_sensitive,oracle_env_upper_bound,congested_link,95219,652,0.5003098121173295,0.5,4.206009682267904,0.00018627196550369263,1.0,0.7469325153374233,0.6666666666666666,0.9877300613496932,0.796044499381953,0.7660054951258987,1.48159509202454,0.6388884114063547,0.06722664412203148,0.3555565534432957
uwf,heldout_family,privilege_escalation,iforest_env_sensitive__oracle_env_upper_bound,iforest_env_sensitive,sklearn_anomaly,env_sensitive,oracle_env_upper_bound,high_background,95219,652,0.5003098121173295,0.5,4.206009682267904,0.00018463283777236938,1.0,0.6549079754601227,0.5933456561922366,0.9846625766871165,0.740484429065744,0.7210000376378486,1.6595092024539877,0.6388884114063547,0.06722664412203148,0.3555565534432957
uwf,heldout_family,privilege_escalation,iforest_env_sensitive__oracle_env_upper_bound,iforest_env_sensitive,sklearn_anomaly,env_sensitive,oracle_env_upper_bound,delayed_collector,95219,652,0.5003098121173295,0.5,4.206009682267904,0.0001821964979171753,1.0,0.9233128834355828,0.8670212765957447,1.0,0.9287749287749287,0.9098385336294177,1.1533742331288344,0.6388884114063547,0.06722664412203148,0.3555565534432957
uwf,heldout_family,privilege_escalation,pyod_ecod_env_sensitive,pyod_ecod_env_sensitive,pyod_ecod,env_sensitive,native_default,observed,95219,652,0.5003098121173295,0.5,5.789965700358152,0.0003713443875312805,1.0,0.5690184049079755,0.7227722772277227,0.22392638036809817,0.34192037470725994,0.8275621965448455,0.3098159509202454,0.5602676625783776,0.3068476377997914,0.282685395979579
uwf,heldout_family,privilege_escalation,pyod_ecod_env_sensitive,pyod_ecod_env_sensitive,pyod_ecod,env_sensitive,native_default,low_sampling,95219,652,0.5003098121173295,0.5,5.789965700358152,0.00029114633798599243,1.0,0.5,0.5,1.0,0.6666666666666666,0.3992058413941059,2.0,0.5602676625783776,0.3068476377997914,0.282685395979579
uwf,heldout_family,privilege_escalation,pyod_ecod_env_sensitive,pyod_ecod_env_sensitive,pyod_ecod,env_sensitive,native_default,congested_link,95219,652,0.5003098121173295,0.5,5.789965700358152,0.0003255978226661682,1.0,0.5751533742331288,0.5610972568578554,0.6901840490797546,0.6189821182943603,0.6393353155933607,1.2300613496932515,0.5602676625783776,0.3068476377997914,0.282685395979579
uwf,heldout_family,privilege_escalation,pyod_ecod_env_sensitive,pyod_ecod_env_sensitive,pyod_ecod,env_sensitive,native_default,high_background,95219,652,0.5003098121173295,0.5,5.789965700358152,0.00028008222579956055,1.0,0.5322085889570553,0.5171849427168577,0.9693251533742331,0.6744930629669157,0.6331909368060521,1.8742331288343559,0.5602676625783776,0.3068476377997914,0.282685395979579
uwf,heldout_family,privilege_escalation,pyod_ecod_env_sensitive,pyod_ecod_env_sensitive,pyod_ecod,env_sensitive,native_default,delayed_collector,95219,652,0.5003098121173295,0.5,5.789965700358152,0.0002687685191631317,1.0,0.5720858895705522,0.6516129032258065,0.3098159509202454,0.41995841995842,0.7758477925401784,0.4754601226993865,0.5602676625783776,0.3068476377997914,0.282685395979579
uwf,heldout_family,privilege_escalation,pyod_ecod_env_sensitive__val_observed_f1,pyod_ecod_env_sensitive,pyod_ecod,env_sensitive,val_observed_f1,observed,95219,652,0.5003098121173295,0.5,5.789965700358152,0.00022830814123153687,1.0,0.7806748466257669,0.6950959488272921,1.0,0.820125786163522,0.8275621965448455,1.4386503067484662,0.5602676625783776,0.07359843314348588,0.282685395979579
uwf,heldout_family,privilege_escalation,pyod_ecod_env_sensitive__val_observed_f1,pyod_ecod_env_sensitive,pyod_ecod,env_sensitive,val_observed_f1,low_sampling,95219,652,0.5003098121173295,0.5,5.789965700358152,0.00016072764992713928,1.0,0.5107361963190185,0.5056,0.9693251533742331,0.6645636172450052,0.3992058413941059,1.9171779141104295,0.5602676625783776,0.07359843314348588,0.282685395979579
uwf,heldout_family,privilege_escalation,pyod_ecod_env_sensitive__val_observed_f1,pyod_ecod_env_sensitive,pyod_ecod,env_sensitive,val_observed_f1,congested_link,95219,652,0.5003098121173295,0.5,5.789965700358152,0.0001413486897945404,1.0,0.5720858895705522,0.5414462081128748,0.941717791411043,0.6875699888017918,0.6393353155933607,1.7392638036809815,0.5602676625783776,0.07359843314348588,0.282685395979579
uwf,heldout_family,privilege_escalation,pyod_ecod_env_sensitive__val_observed_f1,pyod_ecod_env_sensitive,pyod_ecod,env_sensitive,val_observed_f1,high_background,95219,652,0.5003098121173295,0.5,5.789965700358152,0.00013705343008041382,1.0,0.5368098159509203,0.5195439739413681,0.9785276073619632,0.6787234042553192,0.6331909368060521,1.883435582822086,0.5602676625783776,0.07359843314348588,0.282685395979579
uwf,heldout_family,privilege_escalation,pyod_ecod_env_sensitive__val_observed_f1,pyod_ecod_env_sensitive,pyod_ecod,env_sensitive,val_observed_f1,delayed_collector,95219,652,0.5003098121173295,0.5,5.789965700358152,0.00013897940516471863,1.0,0.7944785276073619,0.7086956521739131,1.0,0.8295165394402035,0.7758477925401784,1.4110429447852761,0.5602676625783776,0.07359843314348588,0.282685395979579
uwf,heldout_family,privilege_escalation,pyod_ecod_env_sensitive__val_robust_minimax,pyod_ecod_env_sensitive,pyod_ecod,env_sensitive,val_robust_minimax,observed,95219,652,0.5003098121173295,0.5,5.789965700358152,0.000156354159116745,1.0,0.5153374233128835,0.5077881619937694,1.0,0.6735537190082644,0.8275621965448455,1.969325153374233,0.5602676625783776,0.00493766118692467,0.282685395979579
uwf,heldout_family,privilege_escalation,pyod_ecod_env_sensitive__val_robust_minimax,pyod_ecod_env_sensitive,pyod_ecod,env_sensitive,val_robust_minimax,low_sampling,95219,652,0.5003098121173295,0.5,5.789965700358152,0.00013236328959465027,1.0,0.49846625766871167,0.49923195084485406,0.9969325153374233,0.6653019447287615,0.3992058413941059,1.9969325153374233,0.5602676625783776,0.00493766118692467,0.282685395979579
uwf,heldout_family,privilege_escalation,pyod_ecod_env_sensitive__val_robust_minimax,pyod_ecod_env_sensitive,pyod_ecod,env_sensitive,val_robust_minimax,congested_link,95219,652,0.5003098121173295,0.5,5.789965700358152,0.0001380518078804016,1.0,0.5015337423312883,0.500768049155146,1.0,0.6673490276356192,0.6393353155933607,1.9969325153374233,0.5602676625783776,0.00493766118692467,0.282685395979579
uwf,heldout_family,privilege_escalation,pyod_ecod_env_sensitive__val_robust_minimax,pyod_ecod_env_sensitive,pyod_ecod,env_sensitive,val_robust_minimax,high_background,95219,652,0.5003098121173295,0.5,5.789965700358152,0.00014727190136909485,1.0,0.5015337423312883,0.500768049155146,1.0,0.6673490276356192,0.6331909368060521,1.9969325153374233,0.5602676625783776,0.00493766118692467,0.282685395979579
uwf,heldout_family,privilege_escalation,pyod_ecod_env_sensitive__val_robust_minimax,pyod_ecod_env_sensitive,pyod_ecod,env_sensitive,val_robust_minimax,delayed_collector,95219,652,0.5003098121173295,0.5,5.789965700358152,0.00014236196875572205,1.0,0.5168711656441718,0.5085803432137286,1.0,0.6742502585315409,0.7758477925401784,1.9662576687116564,0.5602676625783776,0.00493766118692467,0.282685395979579
uwf,heldout_family,privilege_escalation,pyod_ecod_env_sensitive__oracle_env_upper_bound,pyod_ecod_env_sensitive,pyod_ecod,env_sensitive,oracle_env_upper_bound,observed,95219,652,0.5003098121173295,0.5,5.789965700358152,0.00029140710830688477,1.0,0.8312883435582822,0.7571428571428571,0.9754601226993865,0.8525469168900804,0.8275621965448455,1.2883435582822085,0.5602676625783776,0.08974609328442835,0.282685395979579
uwf,heldout_family,privilege_escalation,pyod_ecod_env_sensitive__oracle_env_upper_bound,pyod_ecod_env_sensitive,pyod_ecod,env_sensitive,oracle_env_upper_bound,low_sampling,95219,652,0.5003098121173295,0.5,5.789965700358152,0.00020328164100646973,1.0,0.5153374233128835,0.5079365079365079,0.9815950920245399,0.6694560669456067,0.3992058413941059,1.9325153374233128,0.5602676625783776,0.08974609328442835,0.282685395979579
uwf,heldout_family,privilege_escalation,pyod_ecod_env_sensitive__oracle_env_upper_bound,pyod_ecod_env_sensitive,pyod_ecod,env_sensitive,oracle_env_upper_bound,congested_link,95219,652,0.5003098121173295,0.5,5.789965700358152,0.00018481165170669556,1.0,0.5797546012269938,0.5446735395189003,0.9723926380368099,0.698237885462555,0.6393353155933607,1.7852760736196318,0.5602676625783776,0.08974609328442835,0.282685395979579
uwf,heldout_family,privilege_escalation,pyod_ecod_env_sensitive__oracle_env_upper_bound,pyod_ecod_env_sensitive,pyod_ecod,env_sensitive,oracle_env_upper_bound,high_background,95219,652,0.5003098121173295,0.5,5.789965700358152,0.0001817159354686737,1.0,0.5368098159509203,0.5195439739413681,0.9785276073619632,0.6787234042553192,0.6331909368060521,1.883435582822086,0.5602676625783776,0.08974609328442835,0.282685395979579
uwf,heldout_family,privilege_escalation,pyod_ecod_env_sensitive__oracle_env_upper_bound,pyod_ecod_env_sensitive,pyod_ecod,env_sensitive,oracle_env_upper_bound,delayed_collector,95219,652,0.5003098121173295,0.5,5.789965700358152,0.00018295645713806152,1.0,0.8052147239263804,0.7256235827664399,0.9815950920245399,0.834419817470665,0.7758477925401784,1.352760736196319,0.5602676625783776,0.08974609328442835,0.282685395979579
uwf,heldout_family,privilege_escalation,pyod_copod_env_sensitive,pyod_copod_env_sensitive,pyod_copod,env_sensitive,native_default,observed,95219,652,0.5003098121173295,0.5,5.957900904119015,0.0003063082695007324,1.0,0.5644171779141104,0.7282608695652174,0.20552147239263804,0.32057416267942584,0.799277353306485,0.2822085889570552,0.6644728446071646,0.2559409436057852,0.3837927282378344
uwf,heldout_family,privilege_escalation,pyod_copod_env_sensitive,pyod_copod_env_sensitive,pyod_copod,env_sensitive,native_default,low_sampling,95219,652,0.5003098121173295,0.5,5.957900904119015,0.00024386867880821228,1.0,0.4662576687116564,0.4812925170068027,0.8680981595092024,0.6192560175054704,0.41405397267492194,1.803680981595092,0.6644728446071646,0.2559409436057852,0.3837927282378344
uwf,heldout_family,privilege_escalation,pyod_copod_env_sensitive,pyod_copod_env_sensitive,pyod_copod,env_sensitive,native_default,congested_link,95219,652,0.5003098121173295,0.5,5.957900904119015,0.00022564083337783813,1.0,0.5782208588957055,0.5927272727272728,0.5,0.5424292845257903,0.644482291392224,0.843558282208589,0.6644728446071646,0.2559409436057852,0.3837927282378344
uwf,heldout_family,privilege_escalation,pyod_copod_env_sensitive,pyod_copod_env_sensitive,pyod_copod,env_sensitive,native_default,high_background,95219,652,0.5003098121173295,0.5,5.957900904119015,0.00022974610328674316,1.0,0.5322085889570553,0.5174708818635607,0.9539877300613497,0.6709816612729234,0.558282208588957,1.843558282208589,0.6644728446071646,0.2559409436057852,0.3837927282378344
uwf,heldout_family,privilege_escalation,pyod_copod_env_sensitive,pyod_copod_env_sensitive,pyod_copod,env_sensitive,native_default,delayed_collector,95219,652,0.5003098121173295,0.5,5.957900904119015,0.000263165682554245,1.0,0.46932515337423314,0.43333333333333335,0.19938650306748465,0.27310924369747897,0.6485659979675562,0.4601226993865031,0.6644728446071646,0.2559409436057852,0.3837927282378344
uwf,heldout_family,privilege_escalation,pyod_copod_env_sensitive__val_observed_f1,pyod_copod_env_sensitive,pyod_copod,env_sensitive,val_observed_f1,observed,95219,652,0.5003098121173295,0.5,5.957900904119015,0.00023791566491127014,1.0,0.7607361963190185,0.6763485477178424,1.0,0.806930693069307,0.799277353306485,1.478527607361963,0.6644728446071646,0.14711578443520576,0.3837927282378344
uwf,heldout_family,privilege_escalation,pyod_copod_env_sensitive__val_observed_f1,pyod_copod_env_sensitive,pyod_copod,env_sensitive,val_observed_f1,low_sampling,95219,652,0.5003098121173295,0.5,5.957900904119015,0.00015426427125930786,1.0,0.45245398773006135,0.418848167539267,0.24539877300613497,0.30947775628626695,0.41405397267492194,0.5858895705521472,0.6644728446071646,0.14711578443520576,0.3837927282378344
uwf,heldout_family,privilege_escalation,pyod_copod_env_sensitive__val_observed_f1,pyod_copod_env_sensitive,pyod_copod,env_sensitive,val_observed_f1,congested_link,95219,652,0.5003098121173295,0.5,5.957900904119015,0.00018908828496932983,1.0,0.5874233128834356,0.5555555555555556,0.8742331288343558,0.6793802145411204,0.644482291392224,1.5736196319018405,0.6644728446071646,0.14711578443520576,0.3837927282378344
uwf,heldout_family,privilege_escalation,pyod_copod_env_sensitive__val_observed_f1,pyod_copod_env_sensitive,pyod_copod,env_sensitive,val_observed_f1,high_background,95219,652,0.5003098121173295,0.5,5.957900904119015,0.00017265602946281433,1.0,0.5322085889570553,0.5174708818635607,0.9539877300613497,0.6709816612729234,0.558282208588957,1.843558282208589,0.6644728446071646,0.14711578443520576,0.3837927282378344
uwf,heldout_family,privilege_escalation,pyod_copod_env_sensitive__val_observed_f1,pyod_copod_env_sensitive,pyod_copod,env_sensitive,val_observed_f1,delayed_collector,95219,652,0.5003098121173295,0.5,5.957900904119015,0.00016929954290390015,1.0,0.6242331288343558,0.6041131105398457,0.7208588957055214,0.6573426573426573,0.6485659979675562,1.1932515337423313,0.6644728446071646,0.14711578443520576,0.3837927282378344
uwf,heldout_family,privilege_escalation,pyod_copod_env_sensitive__val_robust_minimax,pyod_copod_env_sensitive,pyod_copod,env_sensitive,val_robust_minimax,observed,95219,652,0.5003098121173295,0.5,5.957900904119015,0.00015764683485031128,1.0,0.5245398773006135,0.5125786163522013,1.0,0.6777546777546778,0.799277353306485,1.950920245398773,0.6644728446071646,0.005548958018215088,0.3837927282378344
uwf,heldout_family,privilege_escalation,pyod_copod_env_sensitive__val_robust_minimax,pyod_copod_env_sensitive,pyod_copod,env_sensitive,val_robust_minimax,low_sampling,95219,652,0.5003098121173295,0.5,5.957900904119015,0.0001421123743057251,1.0,0.49846625766871167,0.4992248062015504,0.9877300613496932,0.6632337796086509,0.41405397267492194,1.978527607361963,0.6644728446071646,0.005548958018215088,0.3837927282378344
uwf,heldout_family,privilege_escalation,pyod_copod_env_sensitive__val_robust_minimax,pyod_copod_env_sensitive,pyod_copod,env_sensitive,val_robust_minimax,congested_link,95219,652,0.5003098121173295,0.5,5.957900904119015,0.00014127790927886963,1.0,0.5107361963190185,0.5054263565891473,1.0,0.6714727085478888,0.644482291392224,1.978527607361963,0.6644728446071646,0.005548958018215088,0.3837927282378344
uwf,heldout_family,privilege_escalation,pyod_copod_env_sensitive__val_robust_minimax,pyod_copod_env_sensitive,pyod_copod,env_sensitive,val_robust_minimax,high_background,95219,652,0.5003098121173295,0.5,5.957900904119015,0.00013149157166481018,1.0,0.5030674846625767,0.5015384615384615,1.0,0.6680327868852459,0.558282208588957,1.9938650306748467,0.6644728446071646,0.005548958018215088,0.3837927282378344
uwf,heldout_family,privilege_escalation,pyod_copod_env_sensitive__val_robust_minimax,pyod_copod_env_sensitive,pyod_copod,env_sensitive,val_robust_minimax,delayed_collector,95219,652,0.5003098121173295,0.5,5.957900904119015,0.00012465938925743103,1.0,0.5245398773006135,0.5125786163522013,1.0,0.6777546777546778,0.6485659979675562,1.950920245398773,0.6644728446071646,0.005548958018215088,0.3837927282378344
uwf,heldout_family,privilege_escalation,pyod_copod_env_sensitive__oracle_env_upper_bound,pyod_copod_env_sensitive,pyod_copod,env_sensitive,oracle_env_upper_bound,observed,95219,652,0.5003098121173295,0.5,5.957900904119015,0.0002903081476688385,1.0,0.8266871165644172,0.7425968109339408,1.0,0.8522875816993464,0.799277353306485,1.3466257668711656,0.6644728446071646,0.09594933806632376,0.3837927282378344
uwf,heldout_family,privilege_escalation,pyod_copod_env_sensitive__oracle_env_upper_bound,pyod_copod_env_sensitive,pyod_copod,env_sensitive,oracle_env_upper_bound,low_sampling,95219,652,0.5003098121173295,0.5,5.957900904119015,0.00019945576786994934,1.0,0.49846625766871167,0.4992248062015504,0.9877300613496932,0.6632337796086509,0.41405397267492194,1.978527607361963,0.6644728446071646,0.09594933806632376,0.3837927282378344
uwf,heldout_family,privilege_escalation,pyod_copod_env_sensitive__oracle_env_upper_bound,pyod_copod_env_sensitive,pyod_copod,env_sensitive,oracle_env_upper_bound,congested_link,95219,652,0.5003098121173295,0.5,5.957900904119015,0.00018858537077903748,1.0,0.5460122699386503,0.5244299674267101,0.9877300613496932,0.6851063829787234,0.644482291392224,1.883435582822086,0.6644728446071646,0.09594933806632376,0.3837927282378344
uwf,heldout_family,privilege_escalation,pyod_copod_env_sensitive__oracle_env_upper_bound,pyod_copod_env_sensitive,pyod_copod,env_sensitive,oracle_env_upper_bound,high_background,95219,652,0.5003098121173295,0.5,5.957900904119015,0.0002399943768978119,1.0,0.5199386503067485,0.510236220472441,0.9938650306748467,0.6742976066597295,0.558282208588957,1.9478527607361964,0.6644728446071646,0.09594933806632376,0.3837927282378344
uwf,heldout_family,privilege_escalation,pyod_copod_env_sensitive__oracle_env_upper_bound,pyod_copod_env_sensitive,pyod_copod,env_sensitive,oracle_env_upper_bound,delayed_collector,95219,652,0.5003098121173295,0.5,5.957900904119015,0.0001864396035671234,1.0,0.7346625766871165,0.6558044806517311,0.9877300613496932,0.7882496940024479,0.6485659979675562,1.5061349693251533,0.6644728446071646,0.09594933806632376,0.3837927282378344
uwf,heldout_family,reconnaissance,lr_full,lr_full,sklearn_linear,full,native_default,observed,90053,5818,0.5003275848666896,0.5,47.61150022596121,0.0004887990653514862,1.0,0.5833619800618769,1.0,0.16672396012375387,0.2857984678845021,0.9570216351832326,0.16672396012375387,0.20049597896228358,0.01187020834526184,0.03692550513190919
uwf,heldout_family,reconnaissance,lr_full,lr_full,sklearn_linear,full,native_default,low_sampling,90053,5818,0.5003275848666896,0.5,47.61150022596121,0.0003130324184894562,1.0,0.5173599174974218,1.0,0.03471983499484359,0.06710963455149502,0.9556748351892357,0.03471983499484359,0.20049597896228358,0.01187020834526184,0.03692550513190919
uwf,heldout_family,reconnaissance,lr_full,lr_full,sklearn_linear,full,native_default,congested_link,90053,5818,0.5003275848666896,0.5,47.61150022596121,0.00027918070554733276,1.0,0.5814712959779993,0.99581589958159,0.16363011344104503,0.2810746973723059,0.966711693927441,0.16431763492609144,0.20049597896228358,0.01187020834526184,0.03692550513190919
uwf,heldout_family,reconnaissance,lr_full,lr_full,sklearn_linear,full,native_default,high_background,90053,5818,0.5003275848666896,0.5,47.61150022596121,0.00026347115635871887,1.0,0.608800275008594,0.9414225941422594,0.2320385012031626,0.3723110865968009,0.9541325796200811,0.24647645238913715,0.20049597896228358,0.01187020834526184,0.03692550513190919
uwf,heldout_family,reconnaissance,lr_full,lr_full,sklearn_linear,full,native_default,delayed_collector,90053,5818,0.5003275848666896,0.5,47.61150022596121,0.0003824383020401001,1.0,0.576830525953936,1.0,0.15366105190787213,0.266388557806913,0.9562895630622523,0.15366105190787213,0.20049597896228358,0.01187020834526184,0.03692550513190919
uwf,heldout_family,reconnaissance,lr_full__val_observed_f1,lr_full,sklearn_linear,full,val_observed_f1,observed,90053,5818,0.5003275848666896,0.5,47.61150022596121,0.0002844668924808502,1.0,0.6588174630457202,0.9066901408450704,0.35407356479889995,0.5092707045735476,0.9570216351832326,0.39051220350635957,0.20049597896228358,0.003449307657734559,0.03692550513190919
uwf,heldout_family,reconnaissance,lr_full__val_observed_f1,lr_full,sklearn_linear,full,val_observed_f1,low_sampling,90053,5818,0.5003275848666896,0.5,47.61150022596121,0.0002159029245376587,1.0,0.6443795118597456,0.9805491990846682,0.2946029563423857,0.45307956648162834,0.9556748351892357,0.30044688896528016,0.20049597896228358,0.003449307657734559,0.03692550513190919
uwf,heldout_family,reconnaissance,lr_full__val_observed_f1,lr_full,sklearn_linear,full,val_observed_f1,congested_link,90053,5818,0.5003275848666896,0.5,47.61150022596121,0.00019588321447372437,1.0,0.6668958404950155,0.955868544600939,0.3499484358886215,0.5123301459486663,0.966711693927441,0.3661051907872121,0.20049597896228358,0.003449307657734559,0.03692550513190919
uwf,heldout_family,reconnaissance,lr_full__val_observed_f1,lr_full,sklearn_linear,full,val_observed_f1,high_background,90053,5818,0.5003275848666896,0.5,47.61150022596121,0.00019059330224990845,1.0,0.6674114816088003,0.8889776357827476,0.38260570642832586,0.5349675558759913,0.9541325796200811,0.4303884496390512,0.20049597896228358,0.003449307657734559,0.03692550513190919
uwf,heldout_family,reconnaissance,lr_full__val_observed_f1,lr_full,sklearn_linear,full,val_observed_f1,delayed_collector,90053,5818,0.5003275848666896,0.5,47.61150022596121,0.0002078413963317871,1.0,0.6552079752492266,0.8992042440318302,0.34960467514609833,0.5034653465346535,0.9562895630622523,0.38879339979374355,0.20049597896228358,0.003449307657734559,0.03692550513190919
uwf,heldout_family,reconnaissance,lr_full__val_robust_minimax,lr_full,sklearn_linear,full,val_robust_minimax,observed,90053,5818,0.5003275848666896,0.5,47.61150022596121,0.00023519247770309448,1.0,0.5029219663114473,1.0,0.005843932622894466,0.01161995898838004,0.9570216351832326,0.005843932622894466,0.20049597896228358,0.01486700421397624,0.03692550513190919
uwf,heldout_family,reconnaissance,lr_full__val_robust_minimax,lr_full,sklearn_linear,full,val_robust_minimax,low_sampling,90053,5818,0.5003275848666896,0.5,47.61150022596121,0.0002312883734703064,1.0,0.5,0.0,0.0,0.0,0.9556748351892357,0.0,0.20049597896228358,0.01486700421397624,0.03692550513190919
uwf,heldout_family,reconnaissance,lr_full__val_robust_minimax,lr_full,sklearn_linear,full,val_robust_minimax,congested_link,90053,5818,0.5003275848666896,0.5,47.61150022596121,0.00022013112902641296,1.0,0.5170161567548985,1.0,0.03403231350979718,0.06582446808510638,0.966711693927441,0.03403231350979718,0.20049597896228358,0.01486700421397624,0.03692550513190919
uwf,heldout_family,reconnaissance,lr_full__val_robust_minimax,lr_full,sklearn_linear,full,val_robust_minimax,high_background,90053,5818,0.5003275848666896,0.5,47.61150022596121,0.00031502172350883484,1.0,0.5534547954623582,0.9405099150141643,0.11412856651770367,0.2035561005518087,0.9541325796200811,0.12134754211069096,0.20049597896228358,0.01486700421397624,0.03692550513190919
uwf,heldout_family,reconnaissance,lr_full__val_robust_minimax,lr_full,sklearn_linear,full,val_robust_minimax,delayed_collector,90053,5818,0.5003275848666896,0.5,47.61150022596121,0.00023783743381500244,1.0,0.501718803712616,1.0,0.0034376074252320385,0.006851661527920521,0.9562895630622523,0.0034376074252320385,0.20049597896228358,0.01486700421397624,0.03692550513190919
uwf,heldout_family,reconnaissance,lr_full__oracle_env_upper_bound,lr_full,sklearn_linear,full,oracle_env_upper_bound,observed,90053,5818,0.5003275848666896,0.5,47.61150022596121,0.0005226023495197296,1.0,0.6643176349260914,0.8588588588588588,0.3932622894465452,0.5394954020278236,0.9570216351832326,0.4578893090409075,0.20049597896228358,0.0028411425251694458,0.03692550513190919
uwf,heldout_family,reconnaissance,lr_full__oracle_env_upper_bound,lr_full,sklearn_linear,full,oracle_env_upper_bound,low_sampling,90053,5818,0.5003275848666896,0.5,47.61150022596121,0.0003398582339286804,1.0,0.6469577174286697,0.9162609542356378,0.32347885871433485,0.47815040650406504,0.9556748351892357,0.35304228257133036,0.20049597896228358,0.0028411425251694458,0.03692550513190919
uwf,heldout_family,reconnaissance,lr_full__oracle_env_upper_bound,lr_full,sklearn_linear,full,oracle_env_upper_bound,congested_link,90053,5818,0.5003275848666896,0.5,47.61150022596121,0.00026001036167144775,1.0,0.678755586112066,0.9318936877076412,0.3856995531110347,0.5455871626549964,0.966711693927441,0.41388793399793744,0.20049597896228358,0.0028411425251694458,0.03692550513190919
uwf,heldout_family,reconnaissance,lr_full__oracle_env_upper_bound,lr_full,sklearn_linear,full,oracle_env_upper_bound,high_background,90053,5818,0.5003275848666896,0.5,47.61150022596121,0.0002407357096672058,1.0,0.6809900309384668,0.8720848056537103,0.4242007562736336,0.5707678075855689,0.9541325796200811,0.48642145067033343,0.20049597896228358,0.0028411425251694458,0.03692550513190919
uwf,heldout_family,reconnaissance,lr_full__oracle_env_upper_bound,lr_full,sklearn_linear,full,oracle_env_upper_bound,delayed_collector,90053,5818,0.5003275848666896,0.5,47.61150022596121,0.0002196095883846283,1.0,0.6629425919559986,0.8569277108433735,0.391199724991406,0.5371725277318857,0.9562895630622523,0.4565142660708147,0.20049597896228358,0.0028411425251694458,0.03692550513190919
uwf,heldout_family,reconnaissance,rf_full,rf_full,sklearn_tree,full,native_default,observed,90053,5818,0.5003275848666896,0.5,26.97793249040842,0.00035168975591659546,1.0,0.5257820556892403,1.0,0.051564111378480576,0.09807126511932004,0.9400896755851053,0.051564111378480576,0.6113678566130085,0.021914781222593976,0.3850567617471196
uwf,heldout_family,reconnaissance,rf_full,rf_full,sklearn_tree,full,native_default,low_sampling,90053,5818,0.5003275848666896,0.5,26.97793249040842,0.0002727508544921875,1.0,0.5003437607425232,1.0,0.0006875214850464077,0.0013740982480247338,0.9664140200496769,0.0006875214850464077,0.6113678566130085,0.021914781222593976,0.3850567617471196
uwf,heldout_family,reconnaissance,rf_full,rf_full,sklearn_tree,full,native_default,congested_link,90053,5818,0.5003275848666896,0.5,26.97793249040842,0.00026147812604904175,1.0,0.5156411137848058,1.0,0.03128222756961155,0.06066666666666667,0.779052598229721,0.03128222756961155,0.6113678566130085,0.021914781222593976,0.3850567617471196
uwf,heldout_family,reconnaissance,rf_full,rf_full,sklearn_tree,full,native_default,high_background,90053,5818,0.5003275848666896,0.5,26.97793249040842,0.0002847500145435333,1.0,0.6039876246132692,0.9535232383808095,0.21863183224475766,0.35570469798657717,0.8008344322293245,0.22928841526297697,0.6113678566130085,0.021914781222593976,0.3850567617471196
uwf,heldout_family,reconnaissance,rf_full,rf_full,sklearn_tree,full,native_default,delayed_collector,90053,5818,0.5003275848666896,0.5,26.97793249040842,0.0002892054617404938,1.0,0.5252664145754555,1.0,0.050532829150910966,0.09620418848167539,0.9868800149746859,0.050532829150910966,0.6113678566130085,0.021914781222593976,0.3850567617471196
uwf,heldout_family,reconnaissance,rf_full__val_observed_f1,rf_full,sklearn_tree,full,val_observed_f1,observed,90053,5818,0.5003275848666896,0.5,26.97793249040842,0.00025636330246925354,1.0,0.7174286696459264,1.0,0.4348573392918529,0.6061332055582176,0.9400896755851053,0.4348573392918529,0.6113678566130085,0.16689969754446887,0.3850567617471196
uwf,heldout_family,reconnaissance,rf_full__val_observed_f1,rf_full,sklearn_tree,full,val_observed_f1,low_sampling,90053,5818,0.5003275848666896,0.5,26.97793249040842,0.00021721795201301575,1.0,0.5675489859058096,1.0,0.13509797181161912,0.2380375529981829,0.9664140200496769,0.13509797181161912,0.6113678566130085,0.16689969754446887,0.3850567617471196
uwf,heldout_family,reconnaissance,rf_full__val_observed_f1,rf_full,sklearn_tree,full,val_observed_f1,congested_link,90053,5818,0.5003275848666896,0.5,26.97793249040842,0.00015288963913917542,1.0,0.736163630113441,0.8424725822532403,0.5809556548642145,0.6876907426246185,0.779052598229721,0.689584049501547,0.6113678566130085,0.16689969754446887,0.3850567617471196
uwf,heldout_family,reconnaissance,rf_full__val_observed_f1,rf_full,sklearn_tree,full,val_observed_f1,high_background,90053,5818,0.5003275848666896,0.5,26.97793249040842,0.00016005337238311768,1.0,0.6639738741835682,0.6108271375464684,0.903746992093503,0.7289615971163178,0.8008344322293245,1.4795462358198694,0.6113678566130085,0.16689969754446887,0.3850567617471196
uwf,heldout_family,reconnaissance,rf_full__val_observed_f1,rf_full,sklearn_tree,full,val_observed_f1,delayed_collector,90053,5818,0.5003275848666896,0.5,26.97793249040842,0.00015622377395629883,1.0,0.7313509797181162,1.0,0.4627019594362324,0.6326674500587544,0.9868800149746859,0.4627019594362324,0.6113678566130085,0.16689969754446887,0.3850567617471196
uwf,heldout_family,reconnaissance,rf_full__val_robust_minimax,rf_full,sklearn_tree,full,val_robust_minimax,observed,90053,5818,0.5003275848666896,0.5,26.97793249040842,0.0002226419746875763,1.0,0.5359229975936748,1.0,0.0718459951873496,0.1340602950609365,0.9400896755851053,0.0718459951873496,0.6113678566130085,0.04097675763682532,0.3850567617471196
uwf,heldout_family,reconnaissance,rf_full__val_robust_minimax,rf_full,sklearn_tree,full,val_robust_minimax,low_sampling,90053,5818,0.5003275848666896,0.5,26.97793249040842,0.00022109225392341614,1.0,0.5003437607425232,1.0,0.0006875214850464077,0.0013740982480247338,0.9664140200496769,0.0006875214850464077,0.6113678566130085,0.04097675763682532,0.3850567617471196
uwf,heldout_family,reconnaissance,rf_full__val_robust_minimax,rf_full,sklearn_tree,full,val_robust_minimax,congested_link,90053,5818,0.5003275848666896,0.5,26.97793249040842,0.00021563097834587097,1.0,0.5304228257133036,1.0,0.060845651426607084,0.11471160077770577,0.779052598229721,0.060845651426607084,0.6113678566130085,0.04097675763682532,0.3850567617471196
uwf,heldout_family,reconnaissance,rf_full__val_robust_minimax,rf_full,sklearn_tree,full,val_robust_minimax,high_background,90053,5818,0.5003275848666896,0.5,26.97793249040842,0.00024162232875823975,1.0,0.6577861808181505,0.9040492957746479,0.35304228257133036,0.50778739184178,0.8008344322293245,0.39051220350635957,0.6113678566130085,0.04097675763682532,0.3850567617471196
uwf,heldout_family,reconnaissance,rf_full__val_robust_minimax,rf_full,sklearn_tree,full,val_robust_minimax,delayed_collector,90053,5818,0.5003275848666896,0.5,26.97793249040842,0.00021946430206298828,1.0,0.5357511172224132,1.0,0.0715022344448264,0.13346166185434713,0.9868800149746859,0.0715022344448264,0.6113678566130085,0.04097675763682532,0.3850567617471196
uwf,heldout_family,reconnaissance,rf_full__oracle_env_upper_bound,rf_full,sklearn_tree,full,oracle_env_upper_bound,observed,90053,5818,0.5003275848666896,0.5,26.97793249040842,0.0003659576177597046,1.0,0.732726022688209,0.9970631424375918,0.4668270883465108,0.635916647155233,0.9400896755851053,0.46820213131660365,0.6113678566130085,0.12580042146703924,0.3850567617471196
uwf,heldout_family,reconnaissance,rf_full__oracle_env_upper_bound,rf_full,sklearn_tree,full,oracle_env_upper_bound,low_sampling,90053,5818,0.5003275848666896,0.5,26.97793249040842,0.0002536289393901825,1.0,0.576830525953936,0.9933774834437086,0.15469233413544173,0.2676977989292088,0.9664140200496769,0.15572361636301135,0.6113678566130085,0.12580042146703924,0.3850567617471196
uwf,heldout_family,reconnaissance,rf_full__oracle_env_upper_bound,rf_full,sklearn_tree,full,oracle_env_upper_bound,congested_link,90053,5818,0.5003275848666896,0.5,26.97793249040842,0.0002131722867488861,1.0,0.7229288415262977,0.7522364838584209,0.6648332760398763,0.7058394160583942,0.779052598229721,0.883808869027157,0.6113678566130085,0.12580042146703924,0.3850567617471196
uwf,heldout_family,reconnaissance,rf_full__oracle_env_upper_bound,rf_full,sklearn_tree,full,oracle_env_upper_bound,high_background,90053,5818,0.5003275848666896,0.5,26.97793249040842,0.0002116374671459198,1.0,0.7198349948435888,0.6740136054421769,0.851495359229976,0.7524301336573511,0.8008344322293245,1.2633207287727741,0.6113678566130085,0.12580042146703924,0.3850567617471196
uwf,heldout_family,reconnaissance,rf_full__oracle_env_upper_bound,rf_full,sklearn_tree,full,oracle_env_upper_bound,delayed_collector,90053,5818,0.5003275848666896,0.5,26.97793249040842,0.00026071444153785706,1.0,0.7363355104847027,0.9963898916967509,0.4743898246820213,0.6427573358174197,0.9868800149746859,0.47610862839463736,0.6113678566130085,0.12580042146703924,0.3850567617471196
uwf,heldout_family,reconnaissance,gb_full,gb_full,sklearn_boosting,full,native_default,observed,90053,5818,0.5003275848666896,0.5,137.2817933112383,0.0003199465572834015,1.0,0.510828463389481,1.0,0.021656926778961843,0.0423956931359354,0.510828463389481,0.021656926778961843,0.08553870687968565,0.00545318842079691,0.03520188064049348
uwf,heldout_family,reconnaissance,gb_full,gb_full,sklearn_boosting,full,native_default,low_sampling,90053,5818,0.5003275848666896,0.5,137.2817933112383,0.00025888532400131226,1.0,0.5003437607425232,1.0,0.0006875214850464077,0.0013740982480247338,0.5003437607425232,0.0006875214850464077,0.08553870687968565,0.00545318842079691,0.03520188064049348
uwf,heldout_family,reconnaissance,gb_full,gb_full,sklearn_boosting,full,native_default,congested_link,90053,5818,0.5003275848666896,0.5,137.2817933112383,0.00026693195104599,1.0,0.510828463389481,1.0,0.021656926778961843,0.0423956931359354,0.5118032596648586,0.021656926778961843,0.08553870687968565,0.00545318842079691,0.03520188064049348
uwf,heldout_family,reconnaissance,gb_full,gb_full,sklearn_boosting,full,native_default,high_background,90053,5818,0.5003275848666896,0.5,137.2817933112383,0.0002585798501968384,1.0,0.5360948779649364,0.9906542056074766,0.07287727741491921,0.13576689081011847,0.5291606364761464,0.07356479889996563,0.08553870687968565,0.00545318842079691,0.03520188064049348
uwf,heldout_family,reconnaissance,gb_full,gb_full,sklearn_boosting,full,native_default,delayed_collector,90053,5818,0.5003275848666896,0.5,137.2817933112383,0.0002715475857257843,1.0,0.510828463389481,1.0,0.021656926778961843,0.0423956931359354,0.510828463389481,0.021656926778961843,0.08553870687968565,0.00545318842079691,0.03520188064049348
uwf,heldout_family,reconnaissance,gb_full__val_observed_f1,gb_full,sklearn_boosting,full,val_observed_f1,observed,90053,5818,0.5003275848666896,0.5,137.2817933112383,0.00028982385993003845,1.0,0.510828463389481,1.0,0.021656926778961843,0.0423956931359354,0.510828463389481,0.021656926778961843,0.08553870687968565,0.03520188064049348,0.03520188064049348
uwf,heldout_family,reconnaissance,gb_full__val_observed_f1,gb_full,sklearn_boosting,full,val_observed_f1,low_sampling,90053,5818,0.5003275848666896,0.5,137.2817933112383,0.00016822293400764465,1.0,0.5003437607425232,1.0,0.0006875214850464077,0.0013740982480247338,0.5003437607425232,0.0006875214850464077,0.08553870687968565,0.03520188064049348,0.03520188064049348
uwf,heldout_family,reconnaissance,gb_full__val_observed_f1,gb_full,sklearn_boosting,full,val_observed_f1,congested_link,90053,5818,0.5003275848666896,0.5,137.2817933112383,0.00018252432346343994,1.0,0.5116878652457889,0.7615384615384615,0.03403231350979718,0.06515301085883514,0.5118032596648586,0.0446888965280165,0.08553870687968565,0.03520188064049348,0.03520188064049348
uwf,heldout_family,reconnaissance,gb_full__val_observed_f1,gb_full,sklearn_boosting,full,val_observed_f1,high_background,90053,5818,0.5003275848666896,0.5,137.2817933112383,0.00016186758875846863,1.0,0.5245788930904091,0.5838218053927315,0.17119284977655552,0.2647527910685805,0.5291606364761464,0.29322791337229287,0.08553870687968565,0.03520188064049348,0.03520188064049348
uwf,heldout_family,reconnaissance,gb_full__val_observed_f1,gb_full,sklearn_boosting,full,val_observed_f1,delayed_collector,90053,5818,0.5003275848666896,0.5,137.2817933112383,0.0001715347170829773,1.0,0.510828463389481,1.0,0.021656926778961843,0.0423956931359354,0.510828463389481,0.021656926778961843,0.08553870687968565,0.03520188064049348,0.03520188064049348
uwf,heldout_family,reconnaissance,gb_full__val_robust_minimax,gb_full,sklearn_boosting,full,val_robust_minimax,observed,90053,5818,0.5003275848666896,0.5,137.2817933112383,0.00019083172082901,1.0,0.510828463389481,1.0,0.021656926778961843,0.0423956931359354,0.510828463389481,0.021656926778961843,0.08553870687968565,0.03520188064049348,0.03520188064049348
uwf,heldout_family,reconnaissance,gb_full__val_robust_minimax,gb_full,sklearn_boosting,full,val_robust_minimax,low_sampling,90053,5818,0.5003275848666896,0.5,137.2817933112383,0.0001832135021686554,1.0,0.5003437607425232,1.0,0.0006875214850464077,0.0013740982480247338,0.5003437607425232,0.0006875214850464077,0.08553870687968565,0.03520188064049348,0.03520188064049348
uwf,heldout_family,reconnaissance,gb_full__val_robust_minimax,gb_full,sklearn_boosting,full,val_robust_minimax,congested_link,90053,5818,0.5003275848666896,0.5,137.2817933112383,0.00019241496920585632,1.0,0.5116878652457889,0.7615384615384615,0.03403231350979718,0.06515301085883514,0.5118032596648586,0.0446888965280165,0.08553870687968565,0.03520188064049348,0.03520188064049348
uwf,heldout_family,reconnaissance,gb_full__val_robust_minimax,gb_full,sklearn_boosting,full,val_robust_minimax,high_background,90053,5818,0.5003275848666896,0.5,137.2817933112383,0.00016147270798683167,1.0,0.5245788930904091,0.5838218053927315,0.17119284977655552,0.2647527910685805,0.5291606364761464,0.29322791337229287,0.08553870687968565,0.03520188064049348,0.03520188064049348
uwf,heldout_family,reconnaissance,gb_full__val_robust_minimax,gb_full,sklearn_boosting,full,val_robust_minimax,delayed_collector,90053,5818,0.5003275848666896,0.5,137.2817933112383,0.00016190484166145325,1.0,0.510828463389481,1.0,0.021656926778961843,0.0423956931359354,0.510828463389481,0.021656926778961843,0.08553870687968565,0.03520188064049348,0.03520188064049348
uwf,heldout_family,reconnaissance,gb_full__oracle_env_upper_bound,gb_full,sklearn_boosting,full,oracle_env_upper_bound,observed,90053,5818,0.5003275848666896,0.5,137.2817933112383,0.00032053515315055847,1.0,0.510828463389481,1.0,0.021656926778961843,0.0423956931359354,0.510828463389481,0.021656926778961843,0.08553870687968565,0.03520188064049348,0.03520188064049348
uwf,heldout_family,reconnaissance,gb_full__oracle_env_upper_bound,gb_full,sklearn_boosting,full,oracle_env_upper_bound,low_sampling,90053,5818,0.5003275848666896,0.5,137.2817933112383,0.00020976737141609192,1.0,0.5003437607425232,1.0,0.0006875214850464077,0.0013740982480247338,0.5003437607425232,0.0006875214850464077,0.08553870687968565,0.03520188064049348,0.03520188064049348
uwf,heldout_family,reconnaissance,gb_full__oracle_env_upper_bound,gb_full,sklearn_boosting,full,oracle_env_upper_bound,congested_link,90053,5818,0.5003275848666896,0.5,137.2817933112383,0.0002033822238445282,1.0,0.5116878652457889,0.7615384615384615,0.03403231350979718,0.06515301085883514,0.5118032596648586,0.0446888965280165,0.08553870687968565,0.03520188064049348,0.03520188064049348
uwf,heldout_family,reconnaissance,gb_full__oracle_env_upper_bound,gb_full,sklearn_boosting,full,oracle_env_upper_bound,high_background,90053,5818,0.5003275848666896,0.5,137.2817933112383,0.00030990317463874817,1.0,0.5245788930904091,0.5838218053927315,0.17119284977655552,0.2647527910685805,0.5291606364761464,0.29322791337229287,0.08553870687968565,0.03520188064049348,0.03520188064049348
uwf,heldout_family,reconnaissance,gb_full__oracle_env_upper_bound,gb_full,sklearn_boosting,full,oracle_env_upper_bound,delayed_collector,90053,5818,0.5003275848666896,0.5,137.2817933112383,0.00021281838417053223,1.0,0.510828463389481,1.0,0.021656926778961843,0.0423956931359354,0.510828463389481,0.021656926778961843,0.08553870687968565,0.03520188064049348,0.03520188064049348
uwf,heldout_family,reconnaissance,xgb_full,xgb_full,xgboost,full,native_default,observed,90053,5818,0.5003275848666896,0.5,35.768494959920645,0.00032671913504600525,1.0,0.510828463389481,1.0,0.021656926778961843,0.0423956931359354,0.9877143053982727,0.021656926778961843,0.2490778343884057,0.047234192072906675,0.34662873883205636
uwf,heldout_family,reconnaissance,xgb_full,xgb_full,xgboost,full,native_default,low_sampling,90053,5818,0.5003275848666896,0.5,35.768494959920645,0.0002758130431175232,1.0,0.5003437607425232,1.0,0.0006875214850464077,0.0013740982480247338,0.9852727060233524,0.0006875214850464077,0.2490778343884057,0.047234192072906675,0.34662873883205636
uwf,heldout_family,reconnaissance,xgb_full,xgb_full,xgboost,full,native_default,congested_link,90053,5818,0.5003275848666896,0.5,35.768494959920645,0.00025872141122817993,1.0,0.510828463389481,1.0,0.021656926778961843,0.0423956931359354,0.977404319237331,0.021656926778961843,0.2490778343884057,0.047234192072906675,0.34662873883205636
uwf,heldout_family,reconnaissance,xgb_full,xgb_full,xgboost,full,native_default,high_background,90053,5818,0.5003275848666896,0.5,35.768494959920645,0.00027244165539741516,1.0,0.47885871433482297,0.4381909547738693,0.14987968374011687,0.22336065573770492,0.8071067363515819,0.3420419388105878,0.2490778343884057,0.047234192072906675,0.34662873883205636
uwf,heldout_family,reconnaissance,xgb_full,xgb_full,xgboost,full,native_default,delayed_collector,90053,5818,0.5003275848666896,0.5,35.768494959920645,0.0002586469054222107,1.0,0.510828463389481,1.0,0.021656926778961843,0.0423956931359354,0.9875794126902664,0.021656926778961843,0.2490778343884057,0.047234192072906675,0.34662873883205636
uwf,heldout_family,reconnaissance,xgb_full__val_observed_f1,xgb_full,xgboost,full,val_observed_f1,observed,90053,5818,0.5003275848666896,0.5,35.768494959920645,0.0002834051847457886,1.0,0.5364386387074596,1.0,0.07287727741491921,0.13585389298301825,0.9877143053982727,0.07287727741491921,0.2490778343884057,0.0369712855968438,0.34662873883205636
uwf,heldout_family,reconnaissance,xgb_full__val_observed_f1,xgb_full,xgboost,full,val_observed_f1,low_sampling,90053,5818,0.5003275848666896,0.5,35.768494959920645,0.00018359720706939697,1.0,0.5360948779649364,1.0,0.07218975592987281,0.1346585444052581,0.9852727060233524,0.07218975592987281,0.2490778343884057,0.0369712855968438,0.34662873883205636
uwf,heldout_family,reconnaissance,xgb_full__val_observed_f1,xgb_full,xgboost,full,val_observed_f1,congested_link,90053,5818,0.5003275848666896,0.5,35.768494959920645,0.00015004724264144897,1.0,0.5369542798212444,1.0,0.07390855964248882,0.1376440460947503,0.977404319237331,0.07390855964248882,0.2490778343884057,0.0369712855968438,0.34662873883205636
uwf,heldout_family,reconnaissance,xgb_full__val_observed_f1,xgb_full,xgboost,full,val_observed_f1,high_background,90053,5818,0.5003275848666896,0.5,35.768494959920645,0.00016835704445838928,1.0,0.4926091440357511,0.48,0.17738054314197318,0.25903614457831325,0.8071067363515819,0.3695427982124441,0.2490778343884057,0.0369712855968438,0.34662873883205636
uwf,heldout_family,reconnaissance,xgb_full__val_observed_f1,xgb_full,xgboost,full,val_observed_f1,delayed_collector,90053,5818,0.5003275848666896,0.5,35.768494959920645,0.00016504153609275818,1.0,0.5364386387074596,1.0,0.07287727741491921,0.13585389298301825,0.9875794126902664,0.07287727741491921,0.2490778343884057,0.0369712855968438,0.34662873883205636
uwf,heldout_family,reconnaissance,xgb_full__val_robust_minimax,xgb_full,xgboost,full,val_robust_minimax,observed,90053,5818,0.5003275848666896,0.5,35.768494959920645,0.00017897412180900574,1.0,0.5276727397731179,1.0,0.055345479546235817,0.10488599348534201,0.9877143053982727,0.055345479546235817,0.2490778343884057,0.04369348601317731,0.34662873883205636
uwf,heldout_family,reconnaissance,xgb_full__val_robust_minimax,xgb_full,xgboost,full,val_robust_minimax,low_sampling,90053,5818,0.5003275848666896,0.5,35.768494959920645,0.0001851506531238556,1.0,0.5003437607425232,1.0,0.0006875214850464077,0.0013740982480247338,0.9852727060233524,0.0006875214850464077,0.2490778343884057,0.04369348601317731,0.34662873883205636
uwf,heldout_family,reconnaissance,xgb_full__val_robust_minimax,xgb_full,xgboost,full,val_robust_minimax,congested_link,90053,5818,0.5003275848666896,0.5,35.768494959920645,0.00019658729434013367,1.0,0.5288759023719491,1.0,0.057751804743898245,0.1091972700682483,0.977404319237331,0.057751804743898245,0.2490778343884057,0.04369348601317731,0.34662873883205636
uwf,heldout_family,reconnaissance,xgb_full__val_robust_minimax,xgb_full,xgboost,full,val_robust_minimax,high_background,90053,5818,0.5003275848666896,0.5,35.768494959920645,0.0001705959439277649,1.0,0.47988999656239256,0.44155844155844154,0.1519422481952561,0.22608695652173913,0.8071067363515819,0.34410450326572706,0.2490778343884057,0.04369348601317731,0.34662873883205636
uwf,heldout_family,reconnaissance,xgb_full__val_robust_minimax,xgb_full,xgboost,full,val_robust_minimax,delayed_collector,90053,5818,0.5003275848666896,0.5,35.768494959920645,0.00019424036145210266,1.0,0.5276727397731179,1.0,0.055345479546235817,0.10488599348534201,0.9875794126902664,0.055345479546235817,0.2490778343884057,0.04369348601317731,0.34662873883205636
uwf,heldout_family,reconnaissance,xgb_full__oracle_env_upper_bound,xgb_full,xgboost,full,oracle_env_upper_bound,observed,90053,5818,0.5003275848666896,0.5,35.768494959920645,0.00036516785621643066,1.0,0.5364386387074596,1.0,0.07287727741491921,0.13585389298301825,0.9877143053982727,0.07287727741491921,0.2490778343884057,0.0369712855968438,0.34662873883205636
uwf,heldout_family,reconnaissance,xgb_full__oracle_env_upper_bound,xgb_full,xgboost,full,oracle_env_upper_bound,low_sampling,90053,5818,0.5003275848666896,0.5,35.768494959920645,0.052704107016325,1.0,0.5360948779649364,1.0,0.07218975592987281,0.1346585444052581,0.9852727060233524,0.07218975592987281,0.2490778343884057,0.0369712855968438,0.34662873883205636
uwf,heldout_family,reconnaissance,xgb_full__oracle_env_upper_bound,xgb_full,xgboost,full,oracle_env_upper_bound,congested_link,90053,5818,0.5003275848666896,0.5,35.768494959920645,0.00025319308042526245,1.0,0.5369542798212444,1.0,0.07390855964248882,0.1376440460947503,0.977404319237331,0.07390855964248882,0.2490778343884057,0.0369712855968438,0.34662873883205636
uwf,heldout_family,reconnaissance,xgb_full__oracle_env_upper_bound,xgb_full,xgboost,full,oracle_env_upper_bound,high_background,90053,5818,0.5003275848666896,0.5,35.768494959920645,0.00019202753901481628,1.0,0.4926091440357511,0.48,0.17738054314197318,0.25903614457831325,0.8071067363515819,0.3695427982124441,0.2490778343884057,0.0369712855968438,0.34662873883205636
uwf,heldout_family,reconnaissance,xgb_full__oracle_env_upper_bound,xgb_full,xgboost,full,oracle_env_upper_bound,delayed_collector,90053,5818,0.5003275848666896,0.5,35.768494959920645,0.0002145729959011078,1.0,0.5364386387074596,1.0,0.07287727741491921,0.13585389298301825,0.9875794126902664,0.07287727741491921,0.2490778343884057,0.0369712855968438,0.34662873883205636
uwf,heldout_family,reconnaissance,lgbm_full,lgbm_full,lightgbm,full,native_default,observed,90053,5818,0.5003275848666896,0.5,16.636072114109993,0.00033887848258018494,1.0,0.510828463389481,1.0,0.021656926778961843,0.0423956931359354,0.3262264630541104,0.021656926778961843,0.08327750643707904,0.005397848078489252,0.487042171846787
uwf,heldout_family,reconnaissance,lgbm_full,lgbm_full,lightgbm,full,native_default,low_sampling,90053,5818,0.5003275848666896,0.5,16.636072114109993,0.0002722889184951782,1.0,0.5003437607425232,1.0,0.0006875214850464077,0.0013740982480247338,0.14883469362456764,0.0006875214850464077,0.08327750643707904,0.005397848078489252,0.487042171846787
uwf,heldout_family,reconnaissance,lgbm_full,lgbm_full,lightgbm,full,native_default,congested_link,90053,5818,0.5003275848666896,0.5,16.636072114109993,0.00023460760712623596,1.0,0.510828463389481,1.0,0.021656926778961843,0.0423956931359354,0.3134608151159244,0.021656926778961843,0.08327750643707904,0.005397848078489252,0.487042171846787
uwf,heldout_family,reconnaissance,lgbm_full,lgbm_full,lightgbm,full,native_default,high_background,90053,5818,0.5003275848666896,0.5,16.636072114109993,0.00022919848561286926,1.0,0.536266758336198,0.9953051643192489,0.07287727741491921,0.13581037796284434,0.7493227889738003,0.07322103815744242,0.08327750643707904,0.005397848078489252,0.487042171846787
uwf,heldout_family,reconnaissance,lgbm_full,lgbm_full,lightgbm,full,native_default,delayed_collector,90053,5818,0.5003275848666896,0.5,16.636072114109993,0.0002458728849887848,1.0,0.510828463389481,1.0,0.021656926778961843,0.0423956931359354,0.3553436715230798,0.021656926778961843,0.08327750643707904,0.005397848078489252,0.487042171846787
uwf,heldout_family,reconnaissance,lgbm_full__val_observed_f1,lgbm_full,lightgbm,full,val_observed_f1,observed,90053,5818,0.5003275848666896,0.5,16.636072114109993,0.0002405121922492981,1.0,0.510828463389481,1.0,0.021656926778961843,0.0423956931359354,0.3262264630541104,0.021656926778961843,0.08327750643707904,0.005397848078489252,0.487042171846787
uwf,heldout_family,reconnaissance,lgbm_full__val_observed_f1,lgbm_full,lightgbm,full,val_observed_f1,low_sampling,90053,5818,0.5003275848666896,0.5,16.636072114109993,0.00017630308866500854,1.0,0.5003437607425232,1.0,0.0006875214850464077,0.0013740982480247338,0.14883469362456764,0.0006875214850464077,0.08327750643707904,0.005397848078489252,0.487042171846787
uwf,heldout_family,reconnaissance,lgbm_full__val_observed_f1,lgbm_full,lightgbm,full,val_observed_f1,congested_link,90053,5818,0.5003275848666896,0.5,16.636072114109993,0.00017012283205986023,1.0,0.510828463389481,1.0,0.021656926778961843,0.0423956931359354,0.3134608151159244,0.021656926778961843,0.08327750643707904,0.005397848078489252,0.487042171846787
uwf,heldout_family,reconnaissance,lgbm_full__val_observed_f1,lgbm_full,lightgbm,full,val_observed_f1,high_background,90053,5818,0.5003275848666896,0.5,16.636072114109993,0.00017551705241203308,1.0,0.536266758336198,0.9953051643192489,0.07287727741491921,0.13581037796284434,0.7493227889738003,0.07322103815744242,0.08327750643707904,0.005397848078489252,0.487042171846787
uwf,heldout_family,reconnaissance,lgbm_full__val_observed_f1,lgbm_full,lightgbm,full,val_observed_f1,delayed_collector,90053,5818,0.5003275848666896,0.5,16.636072114109993,0.0001629069447517395,1.0,0.510828463389481,1.0,0.021656926778961843,0.0423956931359354,0.3553436715230798,0.021656926778961843,0.08327750643707904,0.005397848078489252,0.487042171846787
uwf,heldout_family,reconnaissance,lgbm_full__val_robust_minimax,lgbm_full,lightgbm,full,val_robust_minimax,observed,90053,5818,0.5003275848666896,0.5,16.636072114109993,0.00018280372023582458,1.0,0.510828463389481,1.0,0.021656926778961843,0.0423956931359354,0.3262264630541104,0.021656926778961843,0.08327750643707904,0.005397848078489252,0.487042171846787
uwf,heldout_family,reconnaissance,lgbm_full__val_robust_minimax,lgbm_full,lightgbm,full,val_robust_minimax,low_sampling,90053,5818,0.5003275848666896,0.5,16.636072114109993,0.00015831738710403442,1.0,0.5003437607425232,1.0,0.0006875214850464077,0.0013740982480247338,0.14883469362456764,0.0006875214850464077,0.08327750643707904,0.005397848078489252,0.487042171846787
uwf,heldout_family,reconnaissance,lgbm_full__val_robust_minimax,lgbm_full,lightgbm,full,val_robust_minimax,congested_link,90053,5818,0.5003275848666896,0.5,16.636072114109993,0.00015502795577049255,1.0,0.510828463389481,1.0,0.021656926778961843,0.0423956931359354,0.3134608151159244,0.021656926778961843,0.08327750643707904,0.005397848078489252,0.487042171846787
uwf,heldout_family,reconnaissance,lgbm_full__val_robust_minimax,lgbm_full,lightgbm,full,val_robust_minimax,high_background,90053,5818,0.5003275848666896,0.5,16.636072114109993,0.00015718862414360046,1.0,0.536266758336198,0.9953051643192489,0.07287727741491921,0.13581037796284434,0.7493227889738003,0.07322103815744242,0.08327750643707904,0.005397848078489252,0.487042171846787
uwf,heldout_family,reconnaissance,lgbm_full__val_robust_minimax,lgbm_full,lightgbm,full,val_robust_minimax,delayed_collector,90053,5818,0.5003275848666896,0.5,16.636072114109993,0.00016985833644866943,1.0,0.510828463389481,1.0,0.021656926778961843,0.0423956931359354,0.3553436715230798,0.021656926778961843,0.08327750643707904,0.005397848078489252,0.487042171846787
uwf,heldout_family,reconnaissance,lgbm_full__oracle_env_upper_bound,lgbm_full,lightgbm,full,oracle_env_upper_bound,observed,90053,5818,0.5003275848666896,0.5,16.636072114109993,0.00031573325395584106,1.0,0.510828463389481,1.0,0.021656926778961843,0.0423956931359354,0.3262264630541104,0.021656926778961843,0.08327750643707904,0.005397848078489252,0.487042171846787
uwf,heldout_family,reconnaissance,lgbm_full__oracle_env_upper_bound,lgbm_full,lightgbm,full,oracle_env_upper_bound,low_sampling,90053,5818,0.5003275848666896,0.5,16.636072114109993,0.00023769959807395935,1.0,0.5003437607425232,1.0,0.0006875214850464077,0.0013740982480247338,0.14883469362456764,0.0006875214850464077,0.08327750643707904,0.005397848078489252,0.487042171846787
uwf,heldout_family,reconnaissance,lgbm_full__oracle_env_upper_bound,lgbm_full,lightgbm,full,oracle_env_upper_bound,congested_link,90053,5818,0.5003275848666896,0.5,16.636072114109993,0.00020910799503326416,1.0,0.510828463389481,1.0,0.021656926778961843,0.0423956931359354,0.3134608151159244,0.021656926778961843,0.08327750643707904,0.005397848078489252,0.487042171846787
uwf,heldout_family,reconnaissance,lgbm_full__oracle_env_upper_bound,lgbm_full,lightgbm,full,oracle_env_upper_bound,high_background,90053,5818,0.5003275848666896,0.5,16.636072114109993,0.0002181529998779297,1.0,0.536266758336198,0.9953051643192489,0.07287727741491921,0.13581037796284434,0.7493227889738003,0.07322103815744242,0.08327750643707904,0.005397848078489252,0.487042171846787
uwf,heldout_family,reconnaissance,lgbm_full__oracle_env_upper_bound,lgbm_full,lightgbm,full,oracle_env_upper_bound,delayed_collector,90053,5818,0.5003275848666896,0.5,16.636072114109993,0.00020537525415420532,1.0,0.510828463389481,1.0,0.021656926778961843,0.0423956931359354,0.3553436715230798,0.021656926778961843,0.08327750643707904,0.005397848078489252,0.487042171846787
uwf,heldout_family,reconnaissance,cat_full,cat_full,catboost,full,native_default,observed,90053,5818,0.5003275848666896,0.5,31.890008576214314,0.0002742856740951538,1.0,0.5237194912341011,1.0,0.047438982468202134,0.09058089924515918,0.9960569142055199,0.047438982468202134,0.23816845658942404,0.005000812255577679,0.4626005200270839
uwf,heldout_family,reconnaissance,cat_full,cat_full,catboost,full,native_default,low_sampling,90053,5818,0.5003275848666896,0.5,31.890008576214314,0.0002533756196498871,1.0,0.5003437607425232,1.0,0.0006875214850464077,0.0013740982480247338,0.9925770014018678,0.0006875214850464077,0.23816845658942404,0.005000812255577679,0.4626005200270839
uwf,heldout_family,reconnaissance,cat_full,cat_full,catboost,full,native_default,congested_link,90053,5818,0.5003275848666896,0.5,31.890008576214314,0.00025127828121185303,1.0,0.5230319697490546,1.0,0.046063939498109316,0.08807098258297733,0.9882321917695713,0.046063939498109316,0.23816845658942404,0.005000812255577679,0.4626005200270839
uwf,heldout_family,reconnaissance,cat_full,cat_full,catboost,full,native_default,high_background,90053,5818,0.5003275848666896,0.5,31.890008576214314,0.0002596825361251831,1.0,0.5364386387074596,1.0,0.07287727741491921,0.13585389298301825,0.9840332057042303,0.07287727741491921,0.23816845658942404,0.005000812255577679,0.4626005200270839
uwf,heldout_family,reconnaissance,cat_full,cat_full,catboost,full,native_default,delayed_collector,90053,5818,0.5003275848666896,0.5,31.890008576214314,0.00021759048104286194,1.0,0.5237194912341011,1.0,0.047438982468202134,0.09058089924515918,0.9964675009019435,0.047438982468202134,0.23816845658942404,0.005000812255577679,0.4626005200270839
uwf,heldout_family,reconnaissance,cat_full__val_observed_f1,cat_full,catboost,full,val_observed_f1,observed,90053,5818,0.5003275848666896,0.5,31.890008576214314,0.0002594776451587677,1.0,0.7038501203162599,0.99748322147651,0.4087315228600894,0.5798585710802243,0.9960569142055199,0.409762805087659,0.23816845658942404,0.000474789697046972,0.4626005200270839
uwf,heldout_family,reconnaissance,cat_full__val_observed_f1,cat_full,catboost,full,val_observed_f1,low_sampling,90053,5818,0.5003275848666896,0.5,31.890008576214314,0.0001626051962375641,1.0,0.6942248195256102,0.9991166077738516,0.38879339979374355,0.5597624350408315,0.9925770014018678,0.38913716053626674,0.23816845658942404,0.000474789697046972,0.4626005200270839
uwf,heldout_family,reconnaissance,cat_full__val_observed_f1,cat_full,catboost,full,val_observed_f1,congested_link,90053,5818,0.5003275848666896,0.5,31.890008576214314,0.00015756860375404358,1.0,0.7019594362323822,0.9974597798475868,0.40495015469233414,0.5760391198044009,0.9882321917695713,0.40598143691990374,0.23816845658942404,0.000474789697046972,0.4626005200270839
uwf,heldout_family,reconnaissance,cat_full__val_observed_f1,cat_full,catboost,full,val_observed_f1,high_background,90053,5818,0.5003275848666896,0.5,31.890008576214314,0.0001562759280204773,1.0,0.7114128566517703,0.9888712241653418,0.4276383636988656,0.5970722342212623,0.9840332057042303,0.43245101409419046,0.23816845658942404,0.000474789697046972,0.4626005200270839
uwf,heldout_family,reconnaissance,cat_full__val_observed_f1,cat_full,catboost,full,val_observed_f1,delayed_collector,90053,5818,0.5003275848666896,0.5,31.890008576214314,0.00017087161540985107,1.0,0.7038501203162599,0.99748322147651,0.4087315228600894,0.5798585710802243,0.9964675009019435,0.409762805087659,0.23816845658942404,0.000474789697046972,0.4626005200270839
uwf,heldout_family,reconnaissance,cat_full__val_robust_minimax,cat_full,catboost,full,val_robust_minimax,observed,90053,5818,0.5003275848666896,0.5,31.890008576214314,0.00017833709716796875,1.0,0.5398762461326917,1.0,0.07975249226538329,0.14772365488697867,0.9960569142055199,0.07975249226538329,0.23816845658942404,0.013761782113738186,0.4626005200270839
uwf,heldout_family,reconnaissance,cat_full__val_robust_minimax,cat_full,catboost,full,val_robust_minimax,low_sampling,90053,5818,0.5003275848666896,0.5,31.890008576214314,0.00013974308967590332,1.0,0.5360948779649364,1.0,0.07218975592987281,0.1346585444052581,0.9925770014018678,0.07218975592987281,0.23816845658942404,0.013761782113738186,0.4626005200270839
uwf,heldout_family,reconnaissance,cat_full__val_robust_minimax,cat_full,catboost,full,val_robust_minimax,congested_link,90053,5818,0.5003275848666896,0.5,31.890008576214314,0.00016227737069129944,1.0,0.5386730835338605,1.0,0.07734616706772086,0.14358647096362476,0.9882321917695713,0.07734616706772086,0.23816845658942404,0.013761782113738186,0.4626005200270839
uwf,heldout_family,reconnaissance,cat_full__val_robust_minimax,cat_full,catboost,full,val_robust_minimax,high_background,90053,5818,0.5003275848666896,0.5,31.890008576214314,0.0001582019031047821,1.0,0.6426607081471296,1.0,0.2853214162942592,0.4439689756619417,0.9840332057042303,0.2853214162942592,0.23816845658942404,0.013761782113738186,0.4626005200270839
uwf,heldout_family,reconnaissance,cat_full__val_robust_minimax,cat_full,catboost,full,val_robust_minimax,delayed_collector,90053,5818,0.5003275848666896,0.5,31.890008576214314,0.0002045668661594391,1.0,0.5398762461326917,1.0,0.07975249226538329,0.14772365488697867,0.9964675009019435,0.07975249226538329,0.23816845658942404,0.013761782113738186,0.4626005200270839
uwf,heldout_family,reconnaissance,cat_full__oracle_env_upper_bound,cat_full,catboost,full,oracle_env_upper_bound,observed,90053,5818,0.5003275848666896,0.5,31.890008576214314,0.0003122761845588684,1.0,0.7237882433826057,0.9977064220183486,0.44860776899278104,0.6189234052644059,0.9960569142055199,0.44963905122035064,0.23816845658942404,0.004445518428052178,0.4626005200270839
uwf,heldout_family,reconnaissance,cat_full__oracle_env_upper_bound,cat_full,catboost,full,oracle_env_upper_bound,low_sampling,90053,5818,0.5003275848666896,0.5,31.890008576214314,0.00019560381770133972,1.0,0.710725335166724,0.999185667752443,0.42179443107597114,0.593183466279913,0.9925770014018678,0.4221381918184943,0.23816845658942404,0.004445518428052178,0.4626005200270839
uwf,heldout_family,reconnaissance,cat_full__oracle_env_upper_bound,cat_full,catboost,full,oracle_env_upper_bound,congested_link,90053,5818,0.5003275848666896,0.5,31.890008576214314,0.0001827329397201538,1.0,0.7146785837057408,0.9976095617529881,0.4303884496390512,0.6013448607108549,0.9882321917695713,0.43141973186662086,0.23816845658942404,0.004445518428052178,0.4626005200270839
uwf,heldout_family,reconnaissance,cat_full__oracle_env_upper_bound,cat_full,catboost,full,oracle_env_upper_bound,high_background,90053,5818,0.5003275848666896,0.5,31.890008576214314,0.0002110414206981659,1.0,0.7811962873839807,0.9783625730994152,0.57511172224132,0.7243992206105218,0.9840332057042303,0.5878308697146786,0.23816845658942404,0.004445518428052178,0.4626005200270839
uwf,heldout_family,reconnaissance,cat_full__oracle_env_upper_bound,cat_full,catboost,full,oracle_env_upper_bound,delayed_collector,90053,5818,0.5003275848666896,0.5,31.890008576214314,0.0002470873296260834,1.0,0.7265383293227914,0.9977341389728097,0.45410794087315226,0.6241436333569572,0.9964675009019435,0.4551392231007219,0.23816845658942404,0.004445518428052178,0.4626005200270839
uwf,heldout_family,reconnaissance,iforest_env_sensitive,iforest_env_sensitive,sklearn_anomaly,env_sensitive,native_default,observed,90053,5818,0.5003275848666896,0.5,6.082602601498365,0.00032224133610725403,1.0,0.820385012031626,0.7460401267159451,0.971467858370574,0.843959982081529,0.8382170835499317,1.3021656926778962,0.6810116528082047,0.07009000976115094,0.3127987092064016
uwf,heldout_family,reconnaissance,iforest_env_sensitive,iforest_env_sensitive,sklearn_anomaly,env_sensitive,native_default,low_sampling,90053,5818,0.5003275848666896,0.5,6.082602601498365,0.00026882439851760864,1.0,0.6729116534891716,0.6067940552016985,0.9824682021313166,0.7502296889355559,0.719228361714767,1.6191130972842902,0.6810116528082047,0.07009000976115094,0.3127987092064016
uwf,heldout_family,reconnaissance,iforest_env_sensitive,iforest_env_sensitive,sklearn_anomaly,env_sensitive,native_default,congested_link,90053,5818,0.5003275848666896,0.5,6.082602601498365,0.00028822198510169983,1.0,0.6615675489859059,0.6015118790496761,0.9573736679271228,0.7388247778219923,0.6662372710147536,1.5916122378824338,0.6810116528082047,0.07009000976115094,0.3127987092064016
uwf,heldout_family,reconnaissance,iforest_env_sensitive,iforest_env_sensitive,sklearn_anomaly,env_sensitive,native_default,high_background,90053,5818,0.5003275848666896,0.5,6.082602601498365,0.0002530217170715332,1.0,0.48676521141285667,0.4932396839332748,0.9656239257476796,0.6529521152952116,0.5596545423154822,1.957717428669646,0.6810116528082047,0.07009000976115094,0.3127987092064016
uwf,heldout_family,reconnaissance,iforest_env_sensitive,iforest_env_sensitive,sklearn_anomaly,env_sensitive,native_default,delayed_collector,90053,5818,0.5003275848666896,0.5,6.082602601498365,0.0002912841737270355,1.0,0.7762117566173943,0.6908097838993114,1.0,0.8171348314606741,0.8395698512020577,1.4475764867652114,0.6810116528082047,0.07009000976115094,0.3127987092064016
uwf,heldout_family,reconnaissance,iforest_env_sensitive__val_observed_f1,iforest_env_sensitive,sklearn_anomaly,env_sensitive,val_observed_f1,observed,90053,5818,0.5003275848666896,0.5,6.082602601498365,0.00025796517729759216,1.0,0.5001718803712616,0.5072463768115942,0.012031625988312134,0.02350570852921424,0.8382170835499317,0.023719491234101067,0.6810116528082047,0.013503652464333405,0.3127987092064016
uwf,heldout_family,reconnaissance,iforest_env_sensitive__val_observed_f1,iforest_env_sensitive,sklearn_anomaly,env_sensitive,val_observed_f1,low_sampling,90053,5818,0.5003275848666896,0.5,6.082602601498365,0.0001897178590297699,1.0,0.4998281196287384,0.4,0.0006875214850464077,0.0013726835964310226,0.719228361714767,0.0017188037126160192,0.6810116528082047,0.013503652464333405,0.3127987092064016
uwf,heldout_family,reconnaissance,iforest_env_sensitive__val_observed_f1,iforest_env_sensitive,sklearn_anomaly,env_sensitive,val_observed_f1,congested_link,90053,5818,0.5003275848666896,0.5,6.082602601498365,0.00016777217388153076,1.0,0.4926091440357511,0.3252032520325203,0.013750429700928154,0.026385224274406333,0.6662372710147536,0.042282571330354075,0.6810116528082047,0.013503652464333405,0.3127987092064016
uwf,heldout_family,reconnaissance,iforest_env_sensitive__val_observed_f1,iforest_env_sensitive,sklearn_anomaly,env_sensitive,val_observed_f1,high_background,90053,5818,0.5003275848666896,0.5,6.082602601498365,0.00015037879347801208,1.0,0.5175317978686834,0.625,0.08765898934341698,0.15375339161893278,0.5596545423154822,0.14025438294946718,0.6810116528082047,0.013503652464333405,0.3127987092064016
uwf,heldout_family,reconnaissance,iforest_env_sensitive__val_observed_f1,iforest_env_sensitive,sklearn_anomaly,env_sensitive,val_observed_f1,delayed_collector,90053,5818,0.5003275848666896,0.5,6.082602601498365,0.00014159828424453735,1.0,0.49587487108972156,0.21428571428571427,0.0030938466827088347,0.006099627245001694,0.8395698512020577,0.014437951185974561,0.6810116528082047,0.013503652464333405,0.3127987092064016
uwf,heldout_family,reconnaissance,iforest_env_sensitive__val_robust_minimax,iforest_env_sensitive,sklearn_anomaly,env_sensitive,val_robust_minimax,observed,90053,5818,0.5003275848666896,0.5,6.082602601498365,0.00016311556100845337,1.0,0.49518734960467514,0.1111111111111111,0.0013750429700928155,0.0027164685908319186,0.8382170835499317,0.012375386730835339,0.6810116528082047,0.0018944841839194035,0.3127987092064016
uwf,heldout_family,reconnaissance,iforest_env_sensitive__val_robust_minimax,iforest_env_sensitive,sklearn_anomaly,env_sensitive,val_robust_minimax,low_sampling,90053,5818,0.5003275848666896,0.5,6.082602601498365,0.00014644116163253784,1.0,0.4998281196287384,0.4,0.0006875214850464077,0.0013726835964310226,0.719228361714767,0.0017188037126160192,0.6810116528082047,0.0018944841839194035,0.3127987092064016
uwf,heldout_family,reconnaissance,iforest_env_sensitive__val_robust_minimax,iforest_env_sensitive,sklearn_anomaly,env_sensitive,val_robust_minimax,congested_link,90053,5818,0.5003275848666896,0.5,6.082602601498365,0.00016732141375541687,1.0,0.4936404262633207,0.13725490196078433,0.0024063251976624267,0.00472972972972973,0.6662372710147536,0.017531797868683398,0.6810116528082047,0.0018944841839194035,0.3127987092064016
uwf,heldout_family,reconnaissance,iforest_env_sensitive__val_robust_minimax,iforest_env_sensitive,sklearn_anomaly,env_sensitive,val_robust_minimax,high_background,90053,5818,0.5003275848666896,0.5,6.082602601498365,0.00016583874821662903,1.0,0.4963905122035064,0.3764705882352941,0.011000343760742524,0.02137608550434202,0.5596545423154822,0.029219663114472327,0.6810116528082047,0.0018944841839194035,0.3127987092064016
uwf,heldout_family,reconnaissance,iforest_env_sensitive__val_robust_minimax,iforest_env_sensitive,sklearn_anomaly,env_sensitive,val_robust_minimax,delayed_collector,90053,5818,0.5003275848666896,0.5,6.082602601498365,0.00015589222311973572,1.0,0.49501546923341355,0.10810810810810811,0.0013750429700928155,0.0027155465037338763,0.8395698512020577,0.012719147473358542,0.6810116528082047,0.0018944841839194035,0.3127987092064016
uwf,heldout_family,reconnaissance,iforest_env_sensitive__oracle_env_upper_bound,iforest_env_sensitive,sklearn_anomaly,env_sensitive,oracle_env_upper_bound,observed,90053,5818,0.5003275848666896,0.5,6.082602601498365,0.0003206990659236908,1.0,0.8222756961155037,0.7436963867949051,0.9834994843588862,0.8469508584961516,0.8382170835499317,1.3224475764867651,0.6810116528082047,0.08326569947330173,0.3127987092064016
uwf,heldout_family,reconnaissance,iforest_env_sensitive__oracle_env_upper_bound,iforest_env_sensitive,sklearn_anomaly,env_sensitive,oracle_env_upper_bound,low_sampling,90053,5818,0.5003275848666896,0.5,6.082602601498365,0.00019493699073791504,1.0,0.6713647301478172,0.6052798310454065,0.9852182880715022,0.749869178440607,0.719228361714767,1.6277071158473702,0.6810116528082047,0.08326569947330173,0.3127987092064016
uwf,heldout_family,reconnaissance,iforest_env_sensitive__oracle_env_upper_bound,iforest_env_sensitive,sklearn_anomaly,env_sensitive,oracle_env_upper_bound,congested_link,90053,5818,0.5003275848666896,0.5,6.082602601498365,0.0002760589122772217,1.0,0.6646613956686146,0.6050438596491228,0.9484358886215194,0.7387869862096667,0.6662372710147536,1.5675489859058096,0.6810116528082047,0.08326569947330173,0.3127987092064016
uwf,heldout_family,reconnaissance,iforest_env_sensitive__oracle_env_upper_bound,iforest_env_sensitive,sklearn_anomaly,env_sensitive,oracle_env_upper_bound,high_background,90053,5818,0.5003275848666896,0.5,6.082602601498365,0.00020588189363479614,1.0,0.4998281196287384,0.4999140450403988,0.9996562392574768,0.6665138666055467,0.5596545423154822,1.9996562392574768,0.6810116528082047,0.08326569947330173,0.3127987092064016
uwf,heldout_family,reconnaissance,iforest_env_sensitive__oracle_env_upper_bound,iforest_env_sensitive,sklearn_anomaly,env_sensitive,oracle_env_upper_bound,delayed_collector,90053,5818,0.5003275848666896,0.5,6.082602601498365,0.00019899755716323853,1.0,0.8248539016844276,0.7409484956654768,0.9989687177724303,0.8508271116966769,0.8395698512020577,1.3482296321760054,0.6810116528082047,0.08326569947330173,0.3127987092064016
uwf,heldout_family,reconnaissance,pyod_ecod_env_sensitive,pyod_ecod_env_sensitive,pyod_ecod,env_sensitive,native_default,observed,90053,5818,0.5003275848666896,0.5,6.186444234102964,0.0003300905227661133,1.0,0.5737366792712272,0.7457044673539519,0.2237882433826057,0.3442622950819672,0.8132913572593489,0.300103128222757,0.6475223668790736,0.07160631467774307,0.2933701934765943
uwf,heldout_family,reconnaissance,pyod_ecod_env_sensitive,pyod_ecod_env_sensitive,pyod_ecod,env_sensitive,native_default,low_sampling,90053,5818,0.5003275848666896,0.5,6.186444234102964,0.00026576220989227295,1.0,0.49690615331729115,0.4965089216446858,0.4400137504297009,0.46655731729542554,0.502103510861906,0.8862151942248195,0.6475223668790736,0.07160631467774307,0.2933701934765943
uwf,heldout_family,reconnaissance,pyod_ecod_env_sensitive,pyod_ecod_env_sensitive,pyod_ecod,env_sensitive,native_default,congested_link,90053,5818,0.5003275848666896,0.5,6.186444234102964,0.0002308376133441925,1.0,0.5919559986249571,0.628543969245555,0.44963905122035064,0.524248496993988,0.6629301248682241,0.7153661051907872,0.6475223668790736,0.07160631467774307,0.2933701934765943
uwf,heldout_family,reconnaissance,pyod_ecod_env_sensitive,pyod_ecod_env_sensitive,pyod_ecod,env_sensitive,native_default,high_background,90053,5818,0.5003275848666896,0.5,6.186444234102964,0.00024395063519477844,1.0,0.5175317978686834,0.513739224137931,0.6555517359917498,0.5760459145144238,0.5071777928433243,1.2760398762461327,0.6475223668790736,0.07160631467774307,0.2933701934765943
uwf,heldout_family,reconnaissance,pyod_ecod_env_sensitive,pyod_ecod_env_sensitive,pyod_ecod,env_sensitive,native_default,delayed_collector,90053,5818,0.5003275848666896,0.5,6.186444234102964,0.00024693459272384644,1.0,0.6218631832244758,0.7505300353356891,0.3650739085596425,0.49121184088806663,0.780989900949874,0.48642145067033343,0.6475223668790736,0.07160631467774307,0.2933701934765943
uwf,heldout_family,reconnaissance,pyod_ecod_env_sensitive__val_observed_f1,pyod_ecod_env_sensitive,pyod_ecod,env_sensitive,val_observed_f1,observed,90053,5818,0.5003275848666896,0.5,6.186444234102964,0.00028660520911216736,1.0,0.506875214850464,0.6515151515151515,0.029563423856995532,0.05656034199276554,0.8132913572593489,0.04537641801306291,0.6475223668790736,0.01867191715396266,0.2933701934765943
uwf,heldout_family,reconnaissance,pyod_ecod_env_sensitive__val_observed_f1,pyod_ecod_env_sensitive,pyod_ecod,env_sensitive,val_observed_f1,low_sampling,90053,5818,0.5003275848666896,0.5,6.186444234102964,0.00018120184540748596,1.0,0.5001718803712616,0.5714285714285714,0.0013750429700928155,0.0027434842249657062,0.502103510861906,0.0024063251976624267,0.6475223668790736,0.01867191715396266,0.2933701934765943
uwf,heldout_family,reconnaissance,pyod_ecod_env_sensitive__val_observed_f1,pyod_ecod_env_sensitive,pyod_ecod,env_sensitive,val_observed_f1,congested_link,90053,5818,0.5003275848666896,0.5,6.186444234102964,0.00014860555529594421,1.0,0.49621863183224474,0.44607843137254904,0.03128222756961155,0.058464503694185675,0.6629301248682241,0.07012719147473359,0.6475223668790736,0.01867191715396266,0.2933701934765943
uwf,heldout_family,reconnaissance,pyod_ecod_env_sensitive__val_observed_f1,pyod_ecod_env_sensitive,pyod_ecod,env_sensitive,val_observed_f1,high_background,90053,5818,0.5003275848666896,0.5,6.186444234102964,0.00016072019934654236,1.0,0.48504640770024066,0.4301765650080257,0.09212787899621863,0.15175537938844846,0.5071777928433243,0.214162942591956,0.6475223668790736,0.01867191715396266,0.2933701934765943
uwf,heldout_family,reconnaissance,pyod_ecod_env_sensitive__val_observed_f1,pyod_ecod_env_sensitive,pyod_ecod,env_sensitive,val_observed_f1,delayed_collector,90053,5818,0.5003275848666896,0.5,6.186444234102964,0.00014449656009674072,1.0,0.5006875214850464,0.5238095238095238,0.015125472671020969,0.029401937854994988,0.780989900949874,0.028875902371949123,0.6475223668790736,0.01867191715396266,0.2933701934765943
uwf,heldout_family,reconnaissance,pyod_ecod_env_sensitive__val_robust_minimax,pyod_ecod_env_sensitive,pyod_ecod,env_sensitive,val_robust_minimax,observed,90053,5818,0.5003275848666896,0.5,6.186444234102964,0.00015776976943016052,1.0,0.5634238569955311,0.736235595390525,0.1976624269508422,0.3116531165311653,0.8132913572593489,0.2684771399106222,0.6475223668790736,0.06433436965367495,0.2933701934765943
uwf,heldout_family,reconnaissance,pyod_ecod_env_sensitive__val_robust_minimax,pyod_ecod_env_sensitive,pyod_ecod,env_sensitive,val_robust_minimax,low_sampling,90053,5818,0.5003275848666896,0.5,6.186444234102964,0.00015731528401374817,1.0,0.4998281196287384,0.4444444444444444,0.0013750429700928155,0.0027416038382453737,0.502103510861906,0.0030938466827088347,0.6475223668790736,0.06433436965367495,0.2933701934765943
uwf,heldout_family,reconnaissance,pyod_ecod_env_sensitive__val_robust_minimax,pyod_ecod_env_sensitive,pyod_ecod,env_sensitive,val_robust_minimax,congested_link,90053,5818,0.5003275848666896,0.5,6.186444234102964,0.00016487017273902893,1.0,0.5520797524922654,0.6190102120974077,0.27088346510828465,0.3768531802965088,0.6629301248682241,0.4376074252320385,0.6475223668790736,0.06433436965367495,0.2933701934765943
uwf,heldout_family,reconnaissance,pyod_ecod_env_sensitive__val_robust_minimax,pyod_ecod_env_sensitive,pyod_ecod,env_sensitive,val_robust_minimax,high_background,90053,5818,0.5003275848666896,0.5,6.186444234102964,0.00014336034655570984,1.0,0.48607768992781025,0.4797398699349675,0.3296665520797525,0.39079054604726976,0.5071777928433243,0.6871777243038845,0.6475223668790736,0.06433436965367495,0.2933701934765943
uwf,heldout_family,reconnaissance,pyod_ecod_env_sensitive__val_robust_minimax,pyod_ecod_env_sensitive,pyod_ecod,env_sensitive,val_robust_minimax,delayed_collector,90053,5818,0.5003275848666896,0.5,6.186444234102964,0.0001593753695487976,1.0,0.5262976968030251,0.650887573964497,0.11344104503265727,0.19320843091334894,0.780989900949874,0.17428669645926434,0.6475223668790736,0.06433436965367495,0.2933701934765943
uwf,heldout_family,reconnaissance,pyod_ecod_env_sensitive__oracle_env_upper_bound,pyod_ecod_env_sensitive,pyod_ecod,env_sensitive,oracle_env_upper_bound,observed,90053,5818,0.5003275848666896,0.5,6.186444234102964,0.00028576701879501343,1.0,0.7695084221381918,0.6854304635761589,0.9962186318322448,0.8121059268600253,0.8132913572593489,1.453420419388106,0.6475223668790736,0.10270546649998524,0.2933701934765943
uwf,heldout_family,reconnaissance,pyod_ecod_env_sensitive__oracle_env_upper_bound,pyod_ecod_env_sensitive,pyod_ecod,env_sensitive,oracle_env_upper_bound,low_sampling,90053,5818,0.5003275848666896,0.5,6.186444234102964,0.0002058856189250946,1.0,0.5001718803712616,0.5000859549596012,1.0,0.6667430666972267,0.502103510861906,1.9996562392574768,0.6475223668790736,0.10270546649998524,0.2933701934765943
uwf,heldout_family,reconnaissance,pyod_ecod_env_sensitive__oracle_env_upper_bound,pyod_ecod_env_sensitive,pyod_ecod,env_sensitive,oracle_env_upper_bound,congested_link,90053,5818,0.5003275848666896,0.5,6.186444234102964,0.00017869845032691956,1.0,0.6103471983499484,0.5686777920410783,0.9137160536266759,0.7010418040353422,0.6629301248682241,1.6067377105534548,0.6475223668790736,0.10270546649998524,0.2933701934765943
uwf,heldout_family,reconnaissance,pyod_ecod_env_sensitive__oracle_env_upper_bound,pyod_ecod_env_sensitive,pyod_ecod,env_sensitive,oracle_env_upper_bound,high_background,90053,5818,0.5003275848666896,0.5,6.186444234102964,0.00020592287182807922,1.0,0.5025782055689241,0.5012946659761781,0.998281196287384,0.6674327740749253,0.5071777928433243,1.9914059814369198,0.6475223668790736,0.10270546649998524,0.2933701934765943
uwf,heldout_family,reconnaissance,pyod_ecod_env_sensitive__oracle_env_upper_bound,pyod_ecod_env_sensitive,pyod_ecod,env_sensitive,oracle_env_upper_bound,delayed_collector,90053,5818,0.5003275848666896,0.5,6.186444234102964,0.00018488243222236633,1.0,0.7621175661739429,0.6780294186318001,0.998281196287384,0.8075639599555061,0.780989900949874,1.472327260226882,0.6475223668790736,0.10270546649998524,0.2933701934765943
uwf,heldout_family,reconnaissance,pyod_copod_env_sensitive,pyod_copod_env_sensitive,pyod_copod,env_sensitive,native_default,observed,90053,5818,0.5003275848666896,0.5,6.614734336733818,0.00034614652395248413,1.0,0.514266070814713,0.5645412130637636,0.124785149535923,0.20439189189189189,0.7060642396535874,0.22103815744242009,0.6770518103368803,0.11219493496372854,0.3322416833979784
uwf,heldout_family,reconnaissance,pyod_copod_env_sensitive,pyod_copod_env_sensitive,pyod_copod,env_sensitive,native_default,low_sampling,90053,5818,0.5003275848666896,0.5,6.614734336733818,0.0002896338701248169,1.0,0.4912341010656583,0.3053435114503817,0.013750429700928154,0.02631578947368421,0.3723759586806441,0.045032657270539705,0.6770518103368803,0.11219493496372854,0.3322416833979784
uwf,heldout_family,reconnaissance,pyod_copod_env_sensitive,pyod_copod_env_sensitive,pyod_copod,env_sensitive,native_default,congested_link,90053,5818,0.5003275848666896,0.5,6.614734336733818,0.00033662840723991394,1.0,0.4884840151254727,0.4763250883392226,0.2316947404606394,0.31174838112858466,0.5509786309388687,0.48642145067033343,0.6770518103368803,0.11219493496372854,0.3322416833979784
uwf,heldout_family,reconnaissance,pyod_copod_env_sensitive,pyod_copod_env_sensitive,pyod_copod,env_sensitive,native_default,high_background,90053,5818,0.5003275848666896,0.5,6.614734336733818,0.00028277188539505005,1.0,0.4467170849089034,0.4553314121037464,0.5431419731866621,0.4953754506976015,0.40117481326843196,1.1928497765555173,0.6770518103368803,0.11219493496372854,0.3322416833979784
uwf,heldout_family,reconnaissance,pyod_copod_env_sensitive,pyod_copod_env_sensitive,pyod_copod,env_sensitive,native_default,delayed_collector,90053,5818,0.5003275848666896,0.5,6.614734336733818,0.0002698451280593872,1.0,0.44310759711240977,0.33094994892747703,0.11137848057751805,0.16666666666666666,0.5741781678013292,0.3365417669302166,0.6770518103368803,0.11219493496372854,0.3322416833979784
uwf,heldout_family,reconnaissance,pyod_copod_env_sensitive__val_observed_f1,pyod_copod_env_sensitive,pyod_copod,env_sensitive,val_observed_f1,observed,90053,5818,0.5003275848666896,0.5,6.614734336733818,0.00027860701084136963,1.0,0.501718803712616,0.5568181818181818,0.01684427638363699,0.032699366032699365,0.7060642396535874,0.030250945342041938,0.6770518103368803,0.01715859341905817,0.3322416833979784
uwf,heldout_family,reconnaissance,pyod_copod_env_sensitive__val_observed_f1,pyod_copod_env_sensitive,pyod_copod,env_sensitive,val_observed_f1,low_sampling,90053,5818,0.5003275848666896,0.5,6.614734336733818,0.00020781904458999634,1.0,0.5001718803712616,0.5714285714285714,0.0013750429700928155,0.0027434842249657062,0.3723759586806441,0.0024063251976624267,0.6770518103368803,0.01715859341905817,0.3322416833979784
uwf,heldout_family,reconnaissance,pyod_copod_env_sensitive__val_observed_f1,pyod_copod_env_sensitive,pyod_copod,env_sensitive,val_observed_f1,congested_link,90053,5818,0.5003275848666896,0.5,6.614734336733818,0.00017360970377922058,1.0,0.4910622206943967,0.26785714285714285,0.010312822275696116,0.019860973187686197,0.5509786309388687,0.03850120316259883,0.6770518103368803,0.01715859341905817,0.3322416833979784
uwf,heldout_family,reconnaissance,pyod_copod_env_sensitive__val_observed_f1,pyod_copod_env_sensitive,pyod_copod,env_sensitive,val_observed_f1,high_background,90053,5818,0.5003275848666896,0.5,6.614734336733818,0.00016380101442337036,1.0,0.46648332760398764,0.30994152046783624,0.054657958061189414,0.0929281122150789,0.40117481326843196,0.1763492609144036,0.6770518103368803,0.01715859341905817,0.3322416833979784
uwf,heldout_family,reconnaissance,pyod_copod_env_sensitive__val_observed_f1,pyod_copod_env_sensitive,pyod_copod,env_sensitive,val_observed_f1,delayed_collector,90053,5818,0.5003275848666896,0.5,6.614734336733818,0.00016328319907188416,1.0,0.49398418700584396,0.09302325581395349,0.0013750429700928155,0.0027100271002710027,0.5741781678013292,0.014781711928497766,0.6770518103368803,0.01715859341905817,0.3322416833979784
uwf,heldout_family,reconnaissance,pyod_copod_env_sensitive__val_robust_minimax,pyod_copod_env_sensitive,pyod_copod,env_sensitive,val_robust_minimax,observed,90053,5818,0.5003275848666896,0.5,6.614734336733818,0.00016779452562332153,1.0,0.5085940185630801,0.6785714285714286,0.03265727053970437,0.06231551328304362,0.7060642396535874,0.04812650395324854,0.6770518103368803,0.02649297042036087,0.3322416833979784
uwf,heldout_family,reconnaissance,pyod_copod_env_sensitive__val_robust_minimax,pyod_copod_env_sensitive,pyod_copod,env_sensitive,val_robust_minimax,low_sampling,90053,5818,0.5003275848666896,0.5,6.614734336733818,0.00015792250633239746,1.0,0.5,0.5,0.0013750429700928155,0.002742543709290367,0.3723759586806441,0.002750085940185631,0.6770518103368803,0.02649297042036087,0.3322416833979784
uwf,heldout_family,reconnaissance,pyod_copod_env_sensitive__val_robust_minimax,pyod_copod_env_sensitive,pyod_copod,env_sensitive,val_robust_minimax,congested_link,90053,5818,0.5003275848666896,0.5,6.614734336733818,0.00016015395522117615,1.0,0.4884840151254727,0.3107344632768362,0.018906840838776213,0.0356448476992871,0.5509786309388687,0.060845651426607084,0.6770518103368803,0.02649297042036087,0.3322416833979784
uwf,heldout_family,reconnaissance,pyod_copod_env_sensitive__val_robust_minimax,pyod_copod_env_sensitive,pyod_copod,env_sensitive,val_robust_minimax,high_background,90053,5818,0.5003275848666896,0.5,6.614734336733818,0.0001998692750930786,1.0,0.4572017875558611,0.33553500660501984,0.08731522860089377,0.13857064920894707,0.40117481326843196,0.26022688209006534,0.6770518103368803,0.02649297042036087,0.3322416833979784
uwf,heldout_family,reconnaissance,pyod_copod_env_sensitive__val_robust_minimax,pyod_copod_env_sensitive,pyod_copod,env_sensitive,val_robust_minimax,delayed_collector,90053,5818,0.5003275848666896,0.5,6.614734336733818,0.00018518418073654175,1.0,0.49484358886215196,0.21153846153846154,0.0037813681677552422,0.007429922323539345,0.5741781678013292,0.0178755586112066,0.6770518103368803,0.02649297042036087,0.3322416833979784
uwf,heldout_family,reconnaissance,pyod_copod_env_sensitive__oracle_env_upper_bound,pyod_copod_env_sensitive,pyod_copod,env_sensitive,oracle_env_upper_bound,observed,90053,5818,0.5003275848666896,0.5,6.614734336733818,0.000317595899105072,1.0,0.7382261945685803,0.6564334085778781,0.9996562392574768,0.7924785393105328,0.7060642396535874,1.522860089377793,0.6770518103368803,0.08226925352410691,0.3322416833979784
uwf,heldout_family,reconnaissance,pyod_copod_env_sensitive__oracle_env_upper_bound,pyod_copod_env_sensitive,pyod_copod,env_sensitive,oracle_env_upper_bound,low_sampling,90053,5818,0.5003275848666896,0.5,6.614734336733818,0.00022372230887413025,1.0,0.44207631488484017,0.4689286372856353,0.8741835682365073,0.6104176668266923,0.3723759586806441,1.8642145067033344,0.6770518103368803,0.08226925352410691,0.3322416833979784
uwf,heldout_family,reconnaissance,pyod_copod_env_sensitive__oracle_env_upper_bound,pyod_copod_env_sensitive,pyod_copod,env_sensitive,oracle_env_upper_bound,congested_link,90053,5818,0.5003275848666896,0.5,6.614734336733818,0.00021000206470489502,1.0,0.5360948779649364,0.5195239866121235,0.9604675146098316,0.6743091589236153,0.5509786309388687,1.8487452732897902,0.6770518103368803,0.08226925352410691,0.3322416833979784
uwf,heldout_family,reconnaissance,pyod_copod_env_sensitive__oracle_env_upper_bound,pyod_copod_env_sensitive,pyod_copod,env_sensitive,oracle_env_upper_bound,high_background,90053,5818,0.5003275848666896,0.5,6.614734336733818,0.00020210444927215576,1.0,0.49793743554486075,0.49896658629004476,0.9958748710897215,0.6648307515777395,0.40117481326843196,1.9958748710897216,0.6770518103368803,0.08226925352410691,0.3322416833979784
uwf,heldout_family,reconnaissance,pyod_copod_env_sensitive__oracle_env_upper_bound,pyod_copod_env_sensitive,pyod_copod,env_sensitive,oracle_env_upper_bound,delayed_collector,90053,5818,0.5003275848666896,0.5,6.614734336733818,0.00025658681988716125,1.0,0.6680990030938467,0.6030775716694773,0.9834994843588862,0.7476806481118515,0.5741781678013292,1.630800962530079,0.6770518103368803,0.08226925352410691,0.3322416833979784


